<?xml version="1.0" encoding="UTF-8"?>
<document><desc></desc><time>300</time><p><time-arg id="1"><link event_arg="0" id="4" type_rel="EVENT_ARG"/><w> अप्रैल </w><w> के </w><w> पहले </w><w> दिन </w></time-arg><time-arg id="2"><link event_arg="0" id="5" type_rel="EVENT_ARG"/><w> जून </w><w> के </w><w> महीने </w></time-arg><w> जैसी </w><natural_event id="0" type="HEAT_WAVE"><w> गर्मी, </w></natural_event><time-arg id="3"><link event_arg="0" id="6" type_rel="EVENT_ARG"/><w> शनिवार </w></time-arg><w> रहा </w><w> सबसे </w><w> गर्म </w></p><p><natural_event id="7" type="HEAT_WAVE"><event-coref-link event_id="0" id="8" type_rel="EVENT_COREF"></event-coref-link><w> गर्मी </w></natural_event><w> तेजी </w><w> से </w><w> बढ़ </w><w> रही </w><w> है। </w><w> एक </w><w> दिन </w><w> में </w><w> एक </w><w> डिग्री </w><w> तापमान </w><w> का </w><w> इजाफा </w><w> हो </w><w> गया </w><w> है। </w><time-arg id="9"><link event_arg="7" id="11" type_rel="EVENT_ARG"/><w> शनिवार </w></time-arg><w> को </w><w> अधिकतम </w><w> तापमान </w><intensity-arg id="10"><link event_arg="7" id="12" type_rel="EVENT_ARG"/><w> 36.6 </w><w> डिग्री </w><w> सेल्सियस </w></intensity-arg><w> दर्ज </w><w> किया </w><w> गया, </w><w> जो </w><w> सामान्य </w><w> से </w><w> तीन </w><w> डिग्री </w><w> अधिक </w><w> था। </w><w> यह </w><w> इस </w><w> सीजन </w><w> का </w><w> सबसे </w><w> गर्म </w><w> दिन </w><w> रहा </w><w> है। </w></p><p><w> रात </w><w> का </w><w> तापमान </w><intensity-arg id="13"><link event_arg="7" id="19" type_rel="EVENT_ARG"/><w> 20.5 </w><w> डिग्री </w><w> सेल्सियस </w></intensity-arg><w> दर्ज </w><w> किया </w><w> गया। </w><w> मौसम </w><w> विभाग </w><w> की </w><w> ओर </w><w> से </w><w> बताया </w><w> गया </w><w> है </w><w> कि </w><w> तापमान </w><w> में </w><time-arg id="14"><w> सोमवार </w></time-arg><w> से </w><w> परिवर्तन </w><w> देखने </w><w> को </w><w> मिल </w><w> सकता </w><w> है। </w><time-arg id="15"><w> पांच </w><w> व </w><w> छह </w><w> अप्रैल </w></time-arg><w> को </w><w> बारिश </w><w> की </w><w> संभावना </w><w> बताई </w><w> जा </w><w> रही </w><w> है। </w><w> इससे </w><w> तापमान </w><w> में </w><w> थोड़ी </w><w> नरमी </w><w> आ </w><w> सकती </w><w> है। </w><time-arg id="16"><w> रविवार </w></time-arg><w> को </w><w> फिलहाल </w><w> मौसम </w><w> में </w><w> कोई </w><w> बदलाव </w><w> नहीं </w><w> होगा। </w><w> अधिकतम </w><w> तापमान </w><intensity-arg id="17"><w> 36 </w><w> डिग्री </w></intensity-arg><w> के </w><w> आसपास </w><w> ही </w><w> रहेगा। </w><w> पीयू </w><w> के </w><w> मौसम </w><w> विशेषज्ञों </w><w> ने </w><w> बताया </w><w> कि </w><time-arg id="18"><w> अगले </w><w> 24 </w><w> घंटे </w><w> के </w><w> भीतर </w></time-arg><w> बादल </w><w> छा </w><w> सकते </w><w> हैं। </w><w> लेकिन </w><w> तापमान </w><w> में </w><w> कोई </w><w> ज्यादा </w><w> परिवर्तन </w><w> नहीं </w><w> आने </w><w> वाला </w><w> है। </w></p></document>