<?xml version="1.0" encoding="UTF-8"?>
<document><desc></desc><time>619</time><p><place-arg id="0"><link event_arg="2" id="13" type_rel="EVENT_ARG"/><w> तेलंगाना </w></place-arg><w> और </w><place-arg id="1"><link event_arg="2" id="14" type_rel="EVENT_ARG"/><w> आंध्र </w><w> प्रदेश </w></place-arg><w> में </w><natural_event id="2" type="HEAT_WAVE"><w> गर्मी </w></natural_event><w> के </w><w> चलते </w><w> अभी </w><w> तक </w><casualties-arg id="3"><link event_arg="2" id="15" type_rel="EVENT_ARG"/><w> 111 </w><w> लोगों </w><w> की </w><w> मौत </w></casualties-arg><w> चुकी </w><w> है। </w><time-arg id="4"><link event_arg="6" id="16" type_rel="EVENT_ARG"/><w> पिछले </w><w> साल </w></time-arg><place-arg id="5"><link event_arg="6" id="17" type_rel="EVENT_ARG"/><w> दोनों </w><w> राज्यों </w></place-arg><w> में </w><natural_event id="6" type="HEAT_WAVE"><event-coref-link event_id="2" id="11" type_rel="EVENT_COREF"></event-coref-link><w> लू </w></natural_event><w> के </w><w> चलते </w><casualties-arg id="7"><link event_arg="6" id="18" type_rel="EVENT_ARG"/><w> दो </w><w> हजार </w><w> से </w><w> ज्यादा </w><w> की </w><w> लोगों </w><w> की </w><w> मौत </w></casualties-arg><w> हुई </w><w> थी। </w><w> वहीं, </w><place-arg id="8"><link event_arg="9" id="19" type_rel="EVENT_ARG"/><w> महाराष्ट्र </w><w> के </w><w> नासिक </w></place-arg><w> में </w><natural_event id="9" type="HEAT_WAVE"><event-coref-link event_id="2" id="12" type_rel="EVENT_COREF"></event-coref-link><w> गर्मी </w></natural_event><w> के </w><w> चलते </w><w> रामकुंड </w><w> सूख </w><w> गया </w><w> है। </w><w> यह </w><w> कुंभ </w><w> स्नान </w><w> के </w><w> लिए </w><w> प्रमुख </w><w> कुंड </w><w> है। </w><place-arg id="10"><link event_arg="9" id="20" type_rel="EVENT_ARG"/><w> पिछले </w><w> 130 </w><w> साल </w></place-arg><w> में </w><w> ऐसा </w><w> पहली </w><w> बार </w><w> हुआ </w><w> है। </w></p><p><place-arg id="22"><link event_arg="9" id="31" type_rel="EVENT_ARG"/><w> तेलंगाना </w><w> डिजास्टर </w><w> मैनेजमेंट </w><w> डिपार्टमेंट </w></place-arg><w> के </w><w> मुताबिक, </w><place-arg id="23"><link event_arg="9" id="32" type_rel="EVENT_ARG"/><w> तेलंगाना </w></place-arg><w> में </w><casualties-arg id="24"><link event_arg="9" id="33" type_rel="EVENT_ARG"/><w> 66 </w><w> लोगों </w><w> की </w><w> मौत </w></casualties-arg><w> हुई </w><w> है, </w><w> जबकि </w><place-arg id="28"><link event_arg="9" id="34" type_rel="EVENT_ARG"/><w> आंध्र </w><w> प्रदेश </w></place-arg><w> में </w><casualties-arg id="25"><link event_arg="9" id="35" type_rel="EVENT_ARG"/><w> 45 </w><w> लोग </w><w> मारे </w><w> जा </w><w> चुके </w><w> हैं। </w></casualties-arg><w>  सबसे </w><w> ज्यादा </w><casualties-arg id="26"><link event_arg="38" id="41" type_rel="EVENT_ARG"/><w> 28 </w><w> मौतें </w></casualties-arg><place-arg id="40"><link event_arg="38" id="42" type_rel="EVENT_ARG"/><w> तेलंगाना </w><w> के </w><w> महबूब </w><w> नगर </w></place-arg><w> में </w><w> हुईं </w><w> हैं, </w><w> जबकि </w><place-arg id="30"><link event_arg="38" id="43" type_rel="EVENT_ARG"/><w> मेडक </w><w> जिले </w></place-arg><w> में </w><casualties-arg id="37"><link event_arg="38" id="44" type_rel="EVENT_ARG"/><w> 11 </w><w> लोग </w></casualties-arg><natural_event id="38" type="HEAT_WAVE"><event-coref-link event_id="2" id="46" type_rel="EVENT_COREF"></event-coref-link><w> लू </w></natural_event><w> की </w><casualties-arg id="39"><link event_arg="38" id="45" type_rel="EVENT_ARG"/><w> चपेट </w><w> में </w><w> आए। </w></casualties-arg></p><p><w> मौसम </w><w> विभाग </w><w> के </w><w> मुताबिक, </w><place-arg id="47"><link event_arg="49" id="67" type_rel="EVENT_ARG"/><w> नलगोंडा, </w><w> हनमकोंडा, </w><w> खम्मम, </w><w> महबूब </w><w> नगर </w><w> और </w><w> रामागुंडम </w></place-arg><w> में </w><time-arg id="48"><link event_arg="49" id="68" type_rel="EVENT_ARG"/><w> गुरुवार </w></time-arg><w> को </w><natural_event id="49" type="HEAT_WAVE"><event-coref-link event_id="2" id="65" type_rel="EVENT_COREF"></event-coref-link><w> मैक्सिमम </w><w> टेम्परेचर </w><w> 41 </w><w> डिग्री </w><w> सेल्सियस </w><w> रिकॉर्ड </w><w> किया </w></natural_event><w> गया। </w><place-arg id="50"><link event_arg="49" id="69" type_rel="EVENT_ARG"/><w> कडप्पा </w><w> जिले </w></place-arg><w> में </w><casualties-arg id="57"><link event_arg="49" id="70" type_rel="EVENT_ARG"/><w> 16 </w></casualties-arg><w> और </w><place-arg id="51"><link event_arg="49" id="71" type_rel="EVENT_ARG"/><w> प्रकाशम </w></place-arg><w> में </w><casualties-arg id="58"><link event_arg="49" id="72" type_rel="EVENT_ARG"/><w> 11 </w><w> लोगों </w><w> की </w><w> मौत </w></casualties-arg><w> हो </w><w> गई। </w><place-arg id="52"><link event_arg="49" id="73" type_rel="EVENT_ARG"/><w> अनंतपुर </w></place-arg><w> में </w><casualties-arg id="59"><link event_arg="49" id="74" type_rel="EVENT_ARG"/><w> चार </w></casualties-arg><w> और </w><place-arg id="53"><link event_arg="49" id="75" type_rel="EVENT_ARG"/><w> विजयनगरम, </w><w> चित्तूर, </w><w> कुरनूल </w></place-arg><w> में </w><casualties-arg id="60"><link event_arg="49" id="76" type_rel="EVENT_ARG"/><w> तीन-तीन, </w></casualties-arg><place-arg id="54"><link event_arg="49" id="77" type_rel="EVENT_ARG"/><w> श्रीकाकुलम </w><w> और </w><w> कृष्णा </w><w> जिलों </w></place-arg><w> में </w><casualties-arg id="61"><link event_arg="49" id="78" type_rel="EVENT_ARG"/><w> दो-दो </w></casualties-arg><w> और </w><place-arg id="55"><link event_arg="49" id="79" type_rel="EVENT_ARG"/><w> पश्चिमी </w><w> गोदावरी </w><w> जिले </w></place-arg><w> में </w><casualties-arg id="62"><link event_arg="49" id="80" type_rel="EVENT_ARG"/><w> एक </w><w> मौत </w></casualties-arg><w> हुई </w><w> है। </w><w> सबसे </w><w> ज्यादा </w><w> टेम्परेचर </w><place-arg id="56"><link event_arg="64" id="81" type_rel="EVENT_ARG"/><w> अनंतपुर </w><w> और </w><w> नंदयाल </w></place-arg><w> में </w><natural_event id="64" type="HEAT_WAVE"><event-coref-link event_id="2" id="66" type_rel="EVENT_COREF"></event-coref-link><w> 42 </w><w> डिग्री </w><w> सेल्सियस </w><w> रिकॉर्ड </w><w> किया </w><w> गया। </w></natural_event></p></document>