<?xml version="1.0" encoding="UTF-8"?>
<document><desc></desc><time>508</time><p><place-arg id="0"><link event_arg="1" id="3" type_rel="EVENT_ARG"/><w> पहाड़ों </w></place-arg><w> में </w><w> पड़ने </w><w> लगी </w><natural_event id="1" type="HEAT_WAVE"><w> चिलचिलाती </w><w> गर्मी, </w></natural_event><w> 37 </w><w> डिग्री </w><w> तक </w><w> पहुंचा </w><w> पारा </w></p><p><place-arg id="5"><link event_arg="6" id="19" type_rel="EVENT_ARG"/><w> हिमाचल </w></place-arg><w> में </w><natural_event id="6" type="HEAT_WAVE"><event-coref-link event_id="1" id="16" type_rel="EVENT_COREF"></event-coref-link><w> पारा </w><w> चढ़ने </w></natural_event><w> के </w><w> साथ </w><w> ही </w><after_effects-arg id="7"><link event_arg="6" id="20" type_rel="EVENT_ARG"/><w> पहाड़ </w><w> तपना </w><w> शुरू </w></after_effects-arg><w> हो </w><w> गए </w><w> हैं। </w><time-arg id="8"><link event_arg="10" id="21" type_rel="EVENT_ARG"/><w> सोमवार </w></time-arg><w> को </w><place-arg id="9"><link event_arg="10" id="22" type_rel="EVENT_ARG"/><w> ऊना </w></place-arg><w> में </w><natural_event id="10" type="HEAT_WAVE"><event-coref-link event_id="1" id="17" type_rel="EVENT_COREF"></event-coref-link><w> अधिकतम </w><w> तापमान </w><w> 37.0 </w><w> डिग्री </w><w> सेल्सियस </w><w> रिकॉर्ड </w></natural_event><w> किया </w><w> गया। </w><time-arg id="11"><link event_arg="14" id="23" type_rel="EVENT_ARG"/><w> मार्च </w><w> महीने </w></time-arg><w> में </w><w> अभी </w><w> तक </w><w> का </w><time-arg id="12"><link event_arg="14" id="26" type_rel="EVENT_ARG"/><w> सोमवार </w></time-arg><w> को </w><w> सबसे </w><w> अधिक </w><w> तापमान </w><w> रिकार्ड </w><w> किया </w><w> गया। </w><place-arg id="25"><link event_arg="14" id="27" type_rel="EVENT_ARG"/><w> मैदानी </w><w> क्षेत्रों </w></place-arg><w> में </w><natural_event id="14" type="HEAT_WAVE"><event-coref-link event_id="1" id="18" type_rel="EVENT_COREF"></event-coref-link><w> गर्मी </w></natural_event><w> बढ़ने </w><w> से </w><after_effects-arg id="15"><link event_arg="14" id="28" type_rel="EVENT_ARG"/><w> लोगों </w><w> के </w><w> पसीने </w><w> छूटने </w><w> शुरू </w><w> हो </w><w> गए </w><w> हैं। </w></after_effects-arg></p><p><place-arg id="29"><link event_arg="35" id="37" type_rel="EVENT_ARG"/><w> मौसम </w><w> केंद्र </w><w> शिमला </w></place-arg><w> ने </w><w> प्रदेश </w><w> में </w><time-arg id="30"><link event_arg="35" id="38" type_rel="EVENT_ARG"/><w> आगामी </w><w> तीन </w><w> दिनों </w></time-arg><w> तक </w><w> मौसम </w><w> साफ </w><w> रहने </w><w> के </w><w> साथ </w><natural_event id="35" type="HEAT_WAVE"><event-coref-link event_id="1" id="36" type_rel="EVENT_COREF"></event-coref-link><w> तापमान </w><w> और </w><w> अधिक </w><w> बढ़ने </w></natural_event><w> की </w><w> संभावना </w><w> जताई </w><w> है। </w><time-arg id="32"><w> 31 </w><w> मार्च </w><w> से </w><w> दो </w><w> अप्रैल </w></time-arg><w> तक </w><place-arg id="33"><w> प्रदेश </w></place-arg><w> में </w><w> बारिश </w><w> और </w><w> बर्फबारी </w><w> होने </w><w> के </w><w> आसार </w><w> भी </w><w> हैं। </w></p><p><time-arg id="39"><w> सोमवार </w></time-arg><w> को </w><place-arg id="40"><w> सुंदरनगर </w></place-arg><w> में </w><w> 33.0, </w><place-arg id="41"><w> बिलासपुर-हमीरपुर </w></place-arg><w> में </w><w> 32.6, </w><place-arg id="42"><w> सोलन </w></place-arg><w> में </w><w> 31.5, </w><place-arg id="43"><w> नाहन-कांगड़ा </w></place-arg><w> में </w><w> 31.3, </w><place-arg id="44"><w> भुंतर </w></place-arg><w> में </w><w> 31.0, </w><place-arg id="45"><w> मंडी </w></place-arg><w> में </w><w> 29.6, </w><place-arg id="46"><w> धर्मशाला </w></place-arg><w> में </w><w> 26.6, </w><place-arg id="47"><w> मनाली </w></place-arg><w> में </w><w> 23.6, </w><place-arg id="48"><w> शिमला </w></place-arg><w> में </w><w> 23.5, </w><place-arg id="49"><w> कल्पा </w></place-arg><w> में </w><w> 21.4 </w><w> और </w><place-arg id="50"><w> केलांग </w></place-arg><w> में </w><w> 9.4 </w><w> डिग्री </w><w> सेल्सियस </w><w> तापमान </w><w> रिकॉर्ड </w><w> किया </w><w> गया। </w><w> प्रदेश </w><w> के </w><w> न्यूनतम </w><w> तापमान </w><w> में </w><w> भी </w><w> बढ़ोतरी </w><w> होना </w><w> शुरू </w><w> हो </w><w> गई </w><w> है।  </w></p><p><place-arg id="51"><w> शिमला </w></place-arg><w> में </w><w> न्यूनतम </w><w> तापमान </w><w> 13.2, </w><place-arg id="52"><w> ऊना </w></place-arg><w> में </w><w> 14.3, </w><place-arg id="53"><w> नाहन </w></place-arg><w> में </w><w> 19.4, </w><place-arg id="54"><w> धर्मशाला </w></place-arg><w> में </w><w> 12.2 </w><w> डिग्री </w><w> सेल्सियस </w><w> दर्ज </w><w> किया </w><w> गया। </w><w> मौसम </w><w> केंद्र </w><w> के </w><w> अनुसार </w><w> 28 </w><w> से </w><w> 30 </w><w> मार्च </w><w> तक </w><place-arg id="55"><w> प्रदेश </w></place-arg><w> के </w><place-arg id="56"><w> ऊंचाई </w><w> वाले </w><w> क्षेत्रों </w><w> किन्नौर, </w><w> लाहौल </w><w> स्पीति </w><w> और </w><w> कुल्लू, </w><w> मंडी, </w><w> चंबा </w><w> के </w><w> कुछ </w><w> क्षेत्रों </w></place-arg><w> में </w><w> मौसम </w><w> खराब </w><w> रहने </w><w> का </w><w> पूर्वानुमान </w><w> है। </w><w> कुछ </w><w> क्षेत्रों </w><w> में </w><w> हल्की </w><w> बारिश-बर्फबारी </w><w> हो </w><w> सकती </w><w> है। </w></p></document>