<?xml version="1.0" encoding="UTF-8"?>
<document><desc></desc><time>344</time><p><place-arg id="0"><link event_arg="8" id="25" type_rel="EVENT_ARG"/><w> तेलंगाना </w></place-arg><w> के </w><w> राज्य </w><w> आपदा </w><w> प्रबंधन </w><w> ने </w><time-arg id="1"><link event_arg="8" id="26" type_rel="EVENT_ARG"/><w> मंगलवार </w></time-arg><w> को </w><w> यहां </w><w> बताया </w><w> कि </w><place-arg id="2"><link event_arg="8" id="27" type_rel="EVENT_ARG"/><w> राज्य </w></place-arg><w> में </w><time-arg id="3"><link event_arg="8" id="28" type_rel="EVENT_ARG"/><w> इस </w><w> साल </w><w> गर्मियों </w><w> के </w><w> मौसम </w></time-arg><w> में </w><w> अभी </w><w> तक </w><casualties-arg id="4"><link event_arg="8" id="29" type_rel="EVENT_ARG"/><w> कुल </w><w> 317 </w><w> व्यक्तियों </w></casualties-arg><w> की </w><natural_event id="8" type="HEAT_WAVE"><event-coref-link event_id="9" id="20" type_rel="EVENT_COREF"></event-coref-link><w> लू </w></natural_event><w> लगने </w><w> या </w><natural_event id="9" type="HEAT_WAVE"><w> गर्मी </w></natural_event><w> के </w><w> कारण </w><casualties-arg id="6"><link event_arg="9" id="30" type_rel="EVENT_ARG"/><w> मौत </w></casualties-arg><w> हुई </w><w> हैं। </w><w> आपदा </w><w> प्रबंधन </w><w> विभाग </w><w> के </w><w> नियंत्रण </w><w> कक्ष </w><w> के </w><w> अधिकारी </w><w> ने </w><w> बताया </w><w> कि </w><natural_event id="7" type="HEAT_WAVE"><event-coref-link event_id="9" id="21" type_rel="EVENT_COREF"></event-coref-link><w> गर्मी </w></natural_event><w> से </w><w> मरने </w><w> वालों </w><w> के </w><w> अनुमान </w><w> के </w><w> लिए </w><w> गठित </w><w> तीन </w><w> सदस्यीय </w><w> समिति </w><w> ने </w><natural_event id="10" type="HEAT_WAVE"><event-coref-link event_id="9" id="22" type_rel="EVENT_COREF"></event-coref-link><w> गर्मी </w></natural_event><w> या </w><natural_event id="11" type="HEAT_WAVE"><event-coref-link event_id="9" id="23" type_rel="EVENT_COREF"></event-coref-link><w> लू </w></natural_event><w> लगने </w><w> के </w><w> कारण </w><casualties-arg id="12"><link event_arg="10" id="31" type_rel="EVENT_ARG"/><w> 317 </w><w> मौतों </w></casualties-arg><w> की </w><w> पुष्टि </w><w> की </w><w> है। </w><place-arg id="13"><link event_arg="10" id="32" type_rel="EVENT_ARG"/><w> नालगोंडा </w><w> जिले </w></place-arg><w> में </w><w> सबसे </w><w> ज्यादा </w><casualties-arg id="14"><link event_arg="10" id="33" type_rel="EVENT_ARG"/><w> 91 </w><w> मौतें </w></casualties-arg><w> दर्ज </w><w> की </w><w> गई </w><w> हैं </w><w> जबकि </w><place-arg id="16"><link event_arg="11" id="34" type_rel="EVENT_ARG"/><w> महबूबनगर </w></place-arg><w> में </w><casualties-arg id="15"><link event_arg="11" id="35" type_rel="EVENT_ARG"/><w> 44 </w><w> लोगों </w><w> की </w><w> मौत </w></casualties-arg><w> हुई </w><w> है। </w></p><p><w> भारतीय </w><w> मौसम </w><w> विभाग </w><w> के </w><w> जारी </w><w> मौसम </w><w> बुलेटिन </w><w> में </w><place-arg id="17"><link event_arg="18" id="36" type_rel="EVENT_ARG"/><w> तेलंगाना </w><w> के </w><w> आदिलाबाद, </w><w> निजामाबाद, </w><w> करीमनगर, </w><w> मेडक, </w><w> नालगोंडा, </w><w> वारंगल </w><w> और </w><w> खम्मम </w><w> इलाकों </w></place-arg><w> में </w><time-arg id="18"><link event_arg="19" id="37" type_rel="EVENT_ARG"/><w> अगले </w><w> 24 </w><w> घंटों </w><w> के </w><w> दौरान </w></time-arg><natural_event id="19" type="HEAT_WAVE"><event-coref-link event_id="9" id="24" type_rel="EVENT_COREF"></event-coref-link><w> गर्म </w><w> हवाओं </w><w> में </w><w> और </w><w> तेजी </w><w> आने </w></natural_event><w> का </w><w> अंदेशा </w><w> जताया </w><w> गया </w><w> है। </w></p></document>