<?xml version="1.0" encoding="UTF-8"?>
<document><desc></desc><time>1337</time><p><natural_event id="0" type="HEAT_WAVE"><w> 47 </w><w> के </w><w> पार </w><w> जा </w><w> सकता </w><w> है </w><w> तापमानजून </w></natural_event><w> आने </w><w> में </w><w> अभी </w><w> करीब </w><w> 15 </w><w> दिन </w><w> हैं। </w><w> लेकिन </w><natural_event id="1" type="HEAT_WAVE"><event-coref-link event_id="0" id="34" type_rel="EVENT_COREF"></event-coref-link><w> गर्मी </w></natural_event><w> ने </w><w> लोगों </w><w> को </w><w> इस </w><w> कदर </w><w> परेशान </w><w> कर </w><w> रखा </w><w> है </w><w> कि </w><w> लोग </w><w> अपना </w><place-arg id="40"><link event_arg="1" id="41" type_rel="EVENT_ARG"/><w> घर </w></place-arg><w> छोड़कर </w><place-arg id="3"><link event_arg="1" id="42" type_rel="EVENT_ARG"/><w> ठंडे </w><w> प्रदेशों </w></place-arg><w> की  </w><w> ओर </w><w> रुख </w><w> कर </w><w> रहे </w><w> हैं। </w><place-arg id="4"><link event_arg="6" id="43" type_rel="EVENT_ARG"/><w> देश </w></place-arg><w> में </w><time-arg id="5"><link event_arg="6" id="44" type_rel="EVENT_ARG"/><w> दिन </w><w> के </w><w> समय </w></time-arg><natural_event id="6" type="HEAT_WAVE"><event-coref-link event_id="0" id="35" type_rel="EVENT_COREF"></event-coref-link><w> चिलचिलाती </w><w> गर्मी </w></natural_event><w> के </w><w> कारण </w><after_effects-arg id="7"><link event_arg="6" id="45" type_rel="EVENT_ARG"/><w> जहां </w><w> लोग </w><w> घरों </w><w> में </w><w> ही </w><w> बैठे </w><w> रहे </w></after_effects-arg><w> वहीं </w><time-arg id="9"><link event_arg="6" id="46" type_rel="EVENT_ARG"/><w> सोमवार </w></time-arg><w> को </w><w> वर्किंग </w><w> डे </w><w> होने </w><w> के </w><w> कारण </w><w> भी </w><after_effects-arg id="8"><link event_arg="6" id="47" type_rel="EVENT_ARG"/><w> शहर </w><w> के </w><w> मुख्य </w><w> बाजार </w><w> सुने-सुने </w><w> दिखे। </w></after_effects-arg><w> स्किन </w><w> को </w><w> जला </w><w> देने </w><w> वाली </w><w> इस </w><natural_event id="10" type="HEAT_WAVE"><event-coref-link event_id="0" id="36" type_rel="EVENT_COREF"></event-coref-link><w> गर्मी </w></natural_event><w> से </w><w> बचाव </w><w> के </w><w> लिए </w><w> लोगों </w><w> को </w><w> छाता </w><w> लेकर </w><w> तथा </w><w> मुंह </w><w> बांध </w><w> कर </w><w> बाजारों </w><w> में </w><w> जाते </w><w> देखा </w><w> गया। </w><w> मौसम </w><w> विभाग </w><w> के </w><w> जानकारों </w><w> का </w><w> कहना </w><w> है </w><w> कि </w><natural_event id="11" type="HEAT_WAVE"><event-coref-link event_id="0" id="37" type_rel="EVENT_COREF"></event-coref-link><w> गर्मी </w></natural_event><w> अभी </w><w> और </w><w> पड़ेगी </w><w> और </w><w> ज्यादातर </w><place-arg id="12"><link event_arg="11" id="48" type_rel="EVENT_ARG"/><w> गर्मीले </w><w> इलाकों </w></place-arg><w> में </w><intensity-arg id="13"><link event_arg="11" id="49" type_rel="EVENT_ARG"/><w> तापमान </w><w> 47 </w><w> डिग्री </w><w> के </w><w> पार </w></intensity-arg><w> जा </w><w> सकता </w><w> है।इन </w><place-arg id="14"><link event_arg="38" id="50" type_rel="EVENT_ARG"/><w> राज्‍यों </w></place-arg><w> में </w><w> पड़ </w><w> रही </w><w> ज्‍यादा </w><natural_event id="38" type="HEAT_WAVE"><event-coref-link event_id="0" id="52" type_rel="EVENT_COREF"></event-coref-link><w> गर्मीगौरतलब </w></natural_event><w> है </w><w> कि </w><place-arg id="15"><link event_arg="38" id="51" type_rel="EVENT_ARG"/><w> यूपी, </w><w> बिहार, </w><w> मप्र </w><w> समेत </w><w> देश </w><w> के </w><w> तमाम </w><w> हिस्सों </w></place-arg><w> में </w><time-arg id="16"><link event_arg="38" id="53" type_rel="EVENT_ARG"/><w> मई </w><w> माह </w><w> की </w><w> शुरूआत </w></time-arg><w> में </w><intensity-arg id="17"><link event_arg="38" id="54" type_rel="EVENT_ARG"/><w> अधिकतम </w><w> तापमान </w><w> 32 </w><w> डिग्री </w><w> के </w><w> आस-पास </w></intensity-arg><w> था। </w><w> उसके </w><w> बाद </w><w> लगातार </w><w> मौसम </w><w> में </w><w> गर्माहट </w><w> बढ़ती </w><w> गई </w><w> तथा </w><time-arg id="18"><link event_arg="38" id="55" type_rel="EVENT_ARG"/><w> मई </w><w> आधी </w><w> बीत </w><w> जाने </w><w> के </w><w> बाद </w></time-arg><w> अधिकतम </w><w> तापमान </w><place-arg id="20"><link event_arg="38" id="56" type_rel="EVENT_ARG"/><w> ज्यादा </w><w> गर्मीले </w><w> क्षेत्रों </w></place-arg><w> में </w><intensity-arg id="19"><link event_arg="38" id="57" type_rel="EVENT_ARG"/><w> करीब </w><w> 40 </w><w> डिग्री </w><w> से </w><w> अधिक </w></intensity-arg><w> हो </w><w> गया </w><time-arg id="23"><link event_arg="38" id="58" type_rel="EVENT_ARG"/><w> है।जून </w><w> के </w><w> पहले </w><w> सप्ताह </w></time-arg><place-arg id="22"><link event_arg="38" id="59" type_rel="EVENT_ARG"/><w> केरल </w></place-arg><w> पहुंचेगा </w><time-arg id="24"><w> मानसूनजून </w><w> के </w><w> पहले </w><w> सप्ताह </w></time-arg><w> में </w><w> दक्षिण </w><w> पश्चिमी </w><w> मानसून </w><place-arg id="26"><w> केरल </w></place-arg><w> पहुंच </w><w> सकता </w><w> है। </w><w> यह </w><w> दावा </w><w> भारतीय </w><w> मौसम </w><w> विज्ञान </w><w> विभाग </w><w> ने </w><w> किया </w><w> है। </w><w> मौसम </w><w> विभाग </w><w> ने </w><w> अपने </w><w> एक </w><w> बयान </w><w> में </w><w> कहा </w><w> कि </w><w> दक्षिण-पश्चिमी </w><w> हवाओं </w><w> की </w><w> मजबूती </w><w> और </w><w> गहराई </w><w> और </w><w> लगातार </w><w> बादल </w><w> बनने </w><w> की </w><w> प्रक्रिया </w><w> के </w><w> साथ </w><w> दक्षिण </w><w> पूर्वी </w><w> बंगाल </w><w> की </w><w> खाड़ी </w><w> में </w><w> हुई </w><w> दक्षिण </w><w> पश्चिमी </w><w> मानसून </w><w> की </w><w> समय </w><w> से </w><w> पहले </w><w> बारिश </w><w> हुई। </w><w> आम </w><w> तौर </w><w> पर, </w><place-arg id="27"><w> अंडमान </w><w> समुद्र </w></place-arg><w> में </w><w> प्रवेश </w><w> करने </w><w> के </w><w> बाद, </w><w> मानसून </w><place-arg id="28"><w> केरल </w></place-arg><w> के </w><w> तट </w><w> पर </w><w> पहुंचने </w><w> में </w><time-arg id="29"><w> लगभग </w><w> 10 </w><w> दिन </w></time-arg><w> लगते </w><w> हैं।बारिश </w><w> से </w><w> किसानों </w><w> को </w><time-arg id="30"><w> राहतसोमवार </w></time-arg><w> को </w><place-arg id="32"><w> कर्नाटक </w><w> के </w><w> अधिकतर </w><w> हिस्सों </w><w> में </w><w> तटीय </w><w> कर्नाटक </w><w> के </w><w> अधिकतर </w><w> जगहों </w></place-arg><w> पर </w><w> और </w><place-arg id="33"><w> तमिलनाडु, </w><w> केरल, </w><w> लक्षद्वीप, </w><w> तेलंगाना </w><w> और </w><w> आंध्र </w><w> प्रदेश </w><w> पर </w><w> अलग-अलग </w><w> स्थानों </w></place-arg><w> पर </w><w> बारिश </w><w> हुई। </w><w> जानकारों </w><w> का </w><w> कहना </w><w> है </w><w> कि </w><w> सामान्य </w><w> मानसून </w><w> से </w><w> कृषि </w><w> उत्पादन </w><w> को </w><w> बढ़ावा </w><w> होने </w><w> की </w><w> उम्मीद </w><w> है। </w><w> कृषि </w><w> भूमि </w><w> के </w><w> लिए </w><w> बारिश </w><w> के </w><w> पानी </w><w> की </w><w> सख्त </w><w> जरूरत </w><w> होती </w><w> है </w><w> और </w><w> इससे </w><w> जलाशयों </w><w> का </w><w> स्तर </w><w> बढ़ता </w><w> है। </w></p></document>