<?xml version="1.0" encoding="UTF-8"?>
<document><desc></desc><time>8992</time><p><place-arg id="0"><link event_arg="1" id="6" type_rel="EVENT_ARG"/><w> देश </w><w> के </w><w> कई </w><w> इलाके </w></place-arg><natural_event id="1" type="HEAT_WAVE"><w> झुलस </w><w> रहे </w><w> हैं। </w></natural_event><w> वक्त </w><w> से </w><w> पहले </w><natural_event id="2" type="HEAT_WAVE"><event-coref-link event_id="1" id="5" type_rel="EVENT_COREF"></event-coref-link><w> गर्मी </w></natural_event><w> की </w><w> जो </w><w> बरसात </w><w> हुई </w><w> है, </w><w> उससे </w><w> खेत-खलिहान </w><w> असहाय </w><w> हो </w><w> गए </w><w> हैं। </w><place-arg id="3"><link event_arg="2" id="7" type_rel="EVENT_ARG"/><w> देश </w><w> भर </w></place-arg><w> में </w><casualties-arg id="4"><link event_arg="2" id="8" type_rel="EVENT_ARG"/><w> तकरीबन </w><w> 100 </w><w> लोगों </w><w> के </w><w> प्राण </w></casualties-arg><w> पखेरू </w><w> इस </w><natural_event id="9" type="HEAT_WAVE"><event-coref-link event_id="1" id="10" type_rel="EVENT_COREF"></event-coref-link><w> गर्मी </w></natural_event><w> ने </w><w> उड़ा </w><w> दिए </w><w> हैं। </w><place-arg id="11"><link event_arg="9" id="21" type_rel="EVENT_ARG"/><w> देश </w><w> के </w><w> कई </w><w> राज्यों </w></place-arg><w> में </w><intensity-arg id="12"><link event_arg="9" id="22" type_rel="EVENT_ARG"/><w> तापमान </w><w> 40 </w><w> डिग्री </w><w> सेल्सियस </w><w> से </w><w> ऊपर </w></intensity-arg><w> भी </w><w> पहुंच </w><w> चुका </w><w> है। </w><w> मौसम </w><w> विभाग </w><w> के </w><w> अनुसार </w><place-arg id="13"><w> पश्चिमोत्तर </w><w> भारत </w></place-arg><w> को </w><reason-arg id="14"><w> पश्चिमी </w><w> विक्षोभ </w></reason-arg><w> के </w><w> चलते </w><w> अगले </w><w> दो-तीन </w><w> दिनों </w><w> में </w><w> थोड़ी </w><w> राहत </w><w> मिलने </w><w> की </w><w> संभावना </w><w> है </w><w> लेकिन </w><place-arg id="15"><link event_arg="16" id="23" type_rel="EVENT_ARG"/><w> मध्य </w><w> भारत </w><w> और </w><w> देश </w><w> के </w><w> अन्य </w><w> हिस्सों </w></place-arg><w> में </w><natural_event id="16" type="HEAT_WAVE"><event-coref-link event_id="1" id="20" type_rel="EVENT_COREF"></event-coref-link><w> गर्मी </w></natural_event><w> बनी </w><w> रहेगी। </w><w> उधर </w><place-arg id="17"><link event_arg="16" id="24" type_rel="EVENT_ARG"/><w> दिल्ली </w></place-arg><w> में </w><time-arg id="18"><link event_arg="16" id="25" type_rel="EVENT_ARG"/><w> शनिवार </w></time-arg><w> को </w><intensity-arg id="19"><link event_arg="16" id="26" type_rel="EVENT_ARG"/><w> 44 </w><w> डिग्री </w><w> सेल्सियत </w><w> तापमान </w></intensity-arg><w> के </w><w> साथ </w><w> मौसम </w><w> का </w><w> सबसे </w><w> गर्म </w><w> दिन </w><w> दर्ज </w><w> किया </w><w> गया। </w></p><p><w> मौसम </w><w> विभाग </w><w> के </w><w> अधिकारी </w><w> ने </w><w> बताया </w><w> कि </w><place-arg id="27"><w> दिल्ली </w></place-arg><w> में </w><intensity-arg id="28"><w> अधिकतम </w><w> तापमान </w><w> 44 </w><w> डिग्री </w><w> सेल्सियस </w></intensity-arg><w> दर्ज </w><w> किया </w><w> गया </w><w> जो </w><w> इस </w><w> साल </w><w> इस </w><w> समय </w><w> के </w><w> सामान्य </w><w> से </w><w> छह </w><w> डिग्री </w><w> अधिक </w><w> है। </w><w> भारतीय </w><w> मौसम </w><w> विभाग </w><w> के </w><w> महानिदेशक </w><w> लक्ष्मण </w><w> सिंह </w><w> राठौड़ </w><w> ने </w><w> कहा </w><w> कि </w><place-arg id="30"><w> उत्तरी </w><w> पाकिस्तान </w><w> और </w><w> इससे </w><w> लगे </w><w> इलाकों </w></place-arg><w> के </w><w> ऊपर </w><w> पश्चिमी </w><w> विक्षोभ </w><w> बना </w><w> हुआ </w><w> है। </w><w> यह </w><place-arg id="31"><w> जम्मू-कश्मीर </w></place-arg><w> को </w><time-arg id="32"><w> 16 </w><w> अप्रैल </w><w> शाम </w></time-arg><w> से </w><w> प्रभावित </w><w> करने </w><w> लगेगा। </w><w> वहां </w><w> दो </w><w> तीन </w><w> दिनों </w><w> तक </w><w> प्रभाव </w><w> रहेगा। </w><w> पश्चिमी </w><w> विक्षोभ </w><place-arg id="33"><w> भूमध्य </w><w> सागर </w></place-arg><w> में </w><w> पैदा </w><w> होता </w><w> है </w><w> और </w><w> इससे </w><place-arg id="34"><w> पाकिस्तान, </w><w> बांग्लादेश </w><w> और </w><w> नेपाल </w></place-arg><w> जैसे </w><w> देश </w><w> भी </w><w> प्रभावित </w><w> होते </w><w> हैं। </w></p><p><w> राठौड़ </w><w> ने </w><w> कहा </w><w> कि </w><place-arg id="35"><w> पश्चिमोत्तर </w><w> भारत </w><w> के </w><w> मैदानी </w><w> इलाकों </w></place-arg><w> में </w><w> कोई </w><w> महत्त्वपूर्ण </w><w> बदलाव </w><w> नहीं </w><w> होगा। </w><w> अगले </w><w> दो-तीन </w><w> दिनों </w><w> में </w><place-arg id="36"><w> भारत </w><w> के </w><w> मध्य, </w><w> पश्चिमी </w><w> और </w><w> इससे </w><w> लगे </w><w> हिस्से </w></place-arg><w> में </w><w> तापमान </w><w> एक </w><w> से </w><w> दो </w><w> डिग्री </w><w> बढ़ने </w><w> का </w><w> अनुमान </w><w> है। </w><w> मौसम </w><w> विभाग </w><w> ने </w><w> बताया </w><w> कि </w><place-arg id="37"><link event_arg="38" id="43" type_rel="EVENT_ARG"/><w> पंजाब, </w><w> हरियाणा, </w><w> चंडीगढ़, </w><w> उत्तर </w><w> प्रदेश, </w><w> राजस्थान, </w><w> मध्य </w><w> प्रदेश, </w><w> विदर्भ, </w><w> मराठवाड़ा </w><w> और </w><w> मध्य </w><w> महाराष्ट्र, </w><w> झारखंड, </w><w> पश्चिम </w><w> बंगाल </w><w> में </w><w> गंगा </w><w> वाले </w><w> क्षेत्र, </w><w> ओड़िशा, </w><w> तेलंगाना </w><w> और </w><w> रायलसीमा </w><w> क्षेत्र </w></place-arg><w> में </w><w> छिट </w><w> पुट </w><w> स्थानों </w><w> पर </w><natural_event id="38" type="HEAT_WAVE"><event-coref-link event_id="1" id="39" type_rel="EVENT_COREF"></event-coref-link><w> लू </w></natural_event><w> की </w><w> स्थिति </w><w> बने </w><w> रहने </w><w> का </w><w> अनुमान </w><w> है। </w><w> मौसम </w><w> विभाग </w><w> के </w><w> मुताबिक </w><place-arg id="40"><link event_arg="42" id="44" type_rel="EVENT_ARG"/><w> तेलंगाना </w><w> के </w><w> अधिकांश </w><w> हिस्सों </w></place-arg><w> में </w><time-arg id="41"><link event_arg="42" id="45" type_rel="EVENT_ARG"/><w> अगले </w><w> दो </w><w> दिनों </w></time-arg><w> में </w><natural_event id="42" type="HEAT_WAVE"><w> पारा </w><w> 45 </w><w> डिग्री </w><w> सेल्सियस </w></natural_event><w> बने </w><w> रहने </w><w> की </w><w> उम्मीद </w><w> है। </w></p><p><place-arg id="46"><link event_arg="47" id="49" type_rel="EVENT_ARG"/><w> देश </w><w> के </w><w> ज्यादातर </w><w> हिस्सों </w></place-arg><w> में </w><w> इस </w><w> बार </w><natural_event id="47" type="HEAT_WAVE"><event-coref-link event_id="1" id="48" type_rel="EVENT_COREF"></event-coref-link><w> गर्मी </w></natural_event><w> कुछ </w><w> ज्यादा </w><w> ही </w><w> पड़ </w><w> रही </w><w> है। </w><w> इसका </w><w> सीधा </w><w> सपाट </w><w> कारण </w><w> यह </w><w> है </w><w> कि </w><place-arg id="50"><link event_arg="47" id="55" type_rel="EVENT_ARG"/><w> देश </w><w> के </w><w> कई </w><w> हिस्सों </w></place-arg><w> में </w><w> आमतौर </w><w> पर </w><w> अप्रैल </w><w> में </w><w> हल्की </w><w> बारिश </w><w> हो </w><w> जाती </w><w> थी </w><w> लेकिन </w><reason-arg id="51"><link event_arg="47" id="56" type_rel="EVENT_ARG"/><w> इस </w><w> बार </w><w> बारिश </w><w> न </w><w> के </w><w> बराबर </w><w> हुई </w><w> है। </w></reason-arg><w> इसके </w><w> चलते </w><time-arg id="52"><link event_arg="53" id="57" type_rel="EVENT_ARG"/><w> अप्रैल </w><w> के </w><w> मध्य </w></time-arg><w> में </w><w> ही </w><natural_event id="53" type="HEAT_WAVE"><event-coref-link event_id="1" id="54" type_rel="EVENT_COREF"></event-coref-link><w> गर्मी </w></natural_event><w> की </w><w> तपन </w><time-arg id="58"><link event_arg="53" id="59" type_rel="EVENT_ARG"/><w> मई </w><w> अंत </w></time-arg><w> जैसी </w><w> लग </w><w> रही </w><w> है। </w><place-arg id="60"><link event_arg="62" id="66" type_rel="EVENT_ARG"/><w> दक्षिण </w><w> भारत </w><w> के </w><w> राज्यों </w></place-arg><w> में </w><natural_event id="62" type="HEAT_WAVE"><event-coref-link event_id="1" id="64" type_rel="EVENT_COREF"></event-coref-link><w> तापमान </w><w> सामान्य </w><w> से </w><w> दो </w><w> से </w><w> तीन </w><w> डिग्री </w><w> अधिक </w></natural_event><w> दर्ज </w><w> किया </w><w> गया </w><w> है। </w><place-arg id="61"><link event_arg="63" id="67" type_rel="EVENT_ARG"/><w> आंध्र </w><w> प्रदेश, </w><w> तेलंगाना </w><w> तथा </w><w> उत्तरी </w><w> कर्नाटक </w></place-arg><w> में </w><natural_event id="63" type="HEAT_WAVE"><event-coref-link event_id="1" id="65" type_rel="EVENT_COREF"></event-coref-link><w> तापमान </w><w> अभी </w><w> कम </w><w> से </w><w> कम </w><w> पांच </w><w> डिग्री </w><w> सेल्सियस </w><w> और </w><w> बढ़ेगा। </w></natural_event><time-arg id="68"><event-coref-link event_id="1" id="69" type_rel="EVENT_COREF"></event-coref-link><w> गर्मी </w></time-arg><w> के </w><w> कारण </w><w> प्रशासन </w><w> ने </w><place-arg id="70"><link event_arg="68" id="73" type_rel="EVENT_ARG"/><w> रांची </w></place-arg><w> में </w><w> सभी </w><w> सरकारी </w><w> स्कूलों </w><w> की </w><w> छुट्टी </w><time-arg id="71"><link event_arg="68" id="74" type_rel="EVENT_ARG"/><w> दोपहर </w><w> 11.30 </w><w> बजे </w></time-arg><w> तक </w><w> और </w><w> निजी </w><w> स्कूलों </w><w> की </w><w> छुट्टी </w><time-arg id="72"><link event_arg="68" id="75" type_rel="EVENT_ARG"/><w> दोपहर </w><w> 12.30 </w></time-arg><w> तक </w><w> करने </w><w> का </w><w> आदेश </w><w> दिया </w><w> है। </w><natural_event id="76" type="HEAT_WAVE"><event-coref-link event_id="1" id="77" type_rel="EVENT_COREF"></event-coref-link><w> गर्मी </w></natural_event><w> के </w><w> कारण </w><place-arg id="78"><link event_arg="76" id="80" type_rel="EVENT_ARG"/><w> तेलंगाना </w></place-arg><w> में </w><place-arg id="101"><link event_arg="76" id="103" type_rel="EVENT_ARG"/><w> स्कूल </w></place-arg><w> की </w><w> छुट्टियां </w><w> एक </w><w> हफ्ते </w><w> के </w><w> लिए </w><w> बढ़ा </w><w> दी </w><w> गई </w><w> हैंं। </w><place-arg id="79"><link event_arg="76" id="81" type_rel="EVENT_ARG"/><w> तेलंगाना </w></place-arg><w> में </w><place-arg id="102"><link event_arg="76" id="104" type_rel="EVENT_ARG"/><w> सरकारी </w><w> कार्यालय </w></place-arg><time-arg id="82"><link event_arg="76" id="84" type_rel="EVENT_ARG"/><w> सुबह </w><w> 8.30 </w></time-arg><w> खुल </w><w> रहे </w><w> हैं </w><w> और </w><time-arg id="83"><link event_arg="76" id="85" type_rel="EVENT_ARG"/><w> दोपहर </w><w> एक </w><w> बजे </w></time-arg><w> बंद </w><w> हो </w><w> रहे </w><w> हैं। </w></p><p><time-arg id="86"><link event_arg="88" id="90" type_rel="EVENT_ARG"/><w> अगले </w><w> दो-तीन </w><w> दिनों </w></time-arg><w> में </w><place-arg id="87"><link event_arg="88" id="91" type_rel="EVENT_ARG"/><w> भारत </w><w> के </w><w> मध्य, </w><w> पश्चिमी </w><w> और </w><w> इससे </w><w> लगे </w><w> हिस्से </w></place-arg><w> में </w><natural_event id="88" type="HEAT_WAVE"><event-coref-link event_id="1" id="89" type_rel="EVENT_COREF"></event-coref-link><w> तापमान </w><w> एक </w><w> से </w><w> दो </w><w> डिग्री </w><w> बढ़ने </w></natural_event><w> का </w><w> अनुमान </w><w> है। </w></p><p><place-arg id="92"><w> पश्चिमोत्तर </w><w> भारत </w></place-arg><w> को </w><reason-arg id="93"><w> पश्चिमी </w><w> विक्षोभ </w></reason-arg><w> के </w><w> चलते </w><w> अगले </w><w> दो-तीन </w><w> दिनों </w><w> में </w><w> थोड़ी </w><w> राहत </w><w> मिलने </w><w> की </w><w> संभावना </w><w> है </w><w> : </w><w> मौसम </w><w> विभाग। </w></p><p><place-arg id="94"><link event_arg="95" id="97" type_rel="EVENT_ARG"/><w> द. </w><w> भारत </w></place-arg><w> में </w><natural_event id="95" type="HEAT_WAVE"><event-coref-link event_id="1" id="96" type_rel="EVENT_COREF"></event-coref-link><w> तापमान </w><w> सामान्य </w><w> से </w><w> दो </w><w> से </w><w> तीन </w><w> डिग्री </w><w> अधिक </w><w> दर्ज, </w></natural_event><w> आने </w><w> वाले </w><w> दिनों </w><w> में </w><w> तापमान </w><w> और </w><w> बढ़ेगा। </w></p><p><place-arg id="98"><w> रांची </w></place-arg><w> में </w><w> स्कूलों </w><w> के </w><w> समय </w><w> में </w><w> बदलाव, </w><place-arg id="99"><w> तेलंगाना </w></place-arg><w> में </w><w> स्कूलों </w><w> की </w><w> छुट्टियां </w><w> बढ़ाई </w><w> गर्इं </w><w> व </w><place-arg id="100"><w> सरकारी </w><w> कार्यालयों </w></place-arg><w> का </w><w> समय </w><w> तक </w><w> बदला </w><w> गया। </w></p></document>