<?xml version="1.0" encoding="UTF-8"?>
<document><desc></desc><time>4935</time><p><place-arg id="0"><link event_arg="2" id="6" type_rel="EVENT_ARG"/><w> JAMSHEDPUR: </w></place-arg><place-arg id="1"><link event_arg="2" id="7" type_rel="EVENT_ARG"/><w> कोल्हान </w><w> के </w><w> सबसे </w><w> बड़े </w><w> सरकारी </w><w> अस्पताल </w><w> महात्मा </w><w> गांधी </w><w> मेमोरियल </w><w> अस्पताल </w></place-arg><w> में </w><w> मरीजों </w><w> की </w><w> फजीहत </w><w> लगातार </w><w> हो </w><w> रही </w><w> है. </w><w> बेड </w><w> की </w><w> कमी </w><w> के </w><w> कारण </w><w> मरीजों </w><w> को </w><w> फर्श </w><w> पर </w><w> ही </w><w> लेटा </w><w> दिया </w><w> जा </w><w> रहा </w><w> है. </w><time-arg id="3"><link event_arg="2" id="8" type_rel="EVENT_ARG"/><w> सोमवार </w></time-arg><w> को </w><w> भी </w><w> एक </w><w> ऐसा </w><w> ही </w><w> मामला </w><w> देखने </w><w> को </w><w> मिला. </w><natural_event id="2" type="HEAT_WAVE"><w> लू </w></natural_event><w> की </w><w> चपेट </w><w> में </w><w> आई </w><place-arg id="4"><link event_arg="2" id="9" type_rel="EVENT_ARG"/><w> चांडिल </w></place-arg><w> की </w><w> एक </w><w> छात्रा </w><w> को </w><w> इलाज </w><w> के </w><w> लिए </w><w> घंटों </w><w> इंतजार </w><w> करना </w><w> पड़ा. </w><w> इमरजेंसी </w><w> में </w><w> बेड </w><w> की </w><w> कमी </w><w> के </w><w> कारण </w><w> काफी </w><w> देर </w><w> तक </w><w> उसे </w><w> फ </w><w> र्श </w><w> पर </w><w> ही </w><w> लेटा </w><w> कर </w><w> रखा </w><w> गया. </w><w> पिता </w><w> कागज </w><w> बनाने </w><w> के </w><w> चक्कर </w><w> में </w><w> इधर-उधर </w><w> भटकते </w><w> रहे. </w></p><p><w> पिता </w><w> के </w><w> साथ </w><w> आई </w><w> थी </w></p><p><place-arg id="5"><link event_arg="2" id="10" type_rel="EVENT_ARG"/><w> चांडिल </w><w> सिंहभूम </w><w> कॉलेज </w></place-arg><w> के </w><w> इंटर </w><w> की </w><w> छात्रा </w><w> तापसी </w><w> मंडल </w><w> (18) </w><time-arg id="11"><link event_arg="2" id="12" type_rel="EVENT_ARG"/><w> सोमवार </w></time-arg><w> को </w><w> अपने </w><w> पिता </w><w> विशेश्वर </w><w> मंडल </w><w> के </w><w> साथ </w><w> बाइक </w><w> पर </w><w> जमशेदपुर </w><w> शॉपिंग </w><w> करने </w><w> आई </w><w> थी. </w><w> शॉपिंग </w><w> करने </w><w> के </w><w> दौरान </w><place-arg id="13"><link event_arg="14" id="16" type_rel="EVENT_ARG"/><w> साकची </w><w> स्थित </w><w> झंडा </w><w> चौक </w></place-arg><w> के </w><w> पास </w><w> वह </w><natural_event id="14" type="HEAT_WAVE"><event-coref-link event_id="2" id="15" type_rel="EVENT_COREF"></event-coref-link><w> लू </w></natural_event><w> की </w><w> चपेट </w><w> में </w><w> आकर </w><after_effects-arg id="17"><link event_arg="14" id="19" type_rel="EVENT_ARG"/><w> बेहोश </w></after_effects-arg><w> हो </w><w> गई. </w><w> आनन-फानन </w><w> में </w><w> उसे </w><after_effects-arg id="18"><link event_arg="14" id="20" type_rel="EVENT_ARG"/><w> इलाज </w><w> के </w><w> लिए </w><w> एमजीएम </w><w> हॉस्पिटल </w><w> लाया </w><w> गया. </w></after_effects-arg></p><p><w> एमजीएम </w><w> में </w><w> थी </w><w> काफी </w><w> भीड़ </w></p><p><w> मौसम </w><w> का </w><w> बदलता </w><w> मिजाज </w><w> और </w><natural_event id="21" type="HEAT_WAVE"><event-coref-link event_id="2" id="22" type_rel="EVENT_COREF"></event-coref-link><w> चिलचिलाती </w><w> धूप </w></natural_event><w> के </w><w> कारण </w><w> अस्पताल </w><w> में </w><w> मरीजों </w><w> की </w><w> संख्या </w><w> काफी </w><w> बढ़ </w><w> रही </w><w> है. </w><w> रोज </w><after_effects-arg id="23"><link event_arg="21" id="24" type_rel="EVENT_ARG"/><w> सैकड़ों </w><w> मरीज </w><w> इलाज </w><w> के </w><w> लिए </w><w> अस्पताल </w><w> आ </w><w> रहे </w><w> हैं. </w></after_effects-arg><w> परंतु </w><w> अस्पताल </w><w> प्रबंधन </w><w> द्वारा </w><w> पर्याप्त </w><w> मात्रा </w><w> में </w><w> बेड </w><w> की </w><w> व्यवस्था </w><w> नहीं </w><w> की </w><w> गई </w><w> है. </w><w> ज्यादातर </w><w> मरीजों </w><w> का </w><w> इलाज </w><w> फर्श </w><w> पर </w><w> किया </w><w> जा </w><w> रहा </w><w> है. </w><w> इससे </w><w> मरीज </w><w> काफी </w><w> परेशान </w><w> हैं. </w></p><p><w> इलेक्ट्रीक </w><w> बोर्ड </w><w> में </w><w> लगा </w><w> था </w><w> स्लाईन-फोटो </w><w> है </w></p><p><w> मरीजों </w><w> को </w><w> स्लाईन </w><w> चढ़ाने </w><w> के </w><w> लिए </w><w> अस्पताल </w><w> प्रबंधन </w><w> के </w><w> पास </w><w> स्टेंड </w><w> की </w><w> भी </w><w> कमी </w><w> है. </w><w> इसी </w><w> कारण </w><w> मरीजों </w><w> को </w><w> चढ़ाया </w><w> जाने </w><w> वाला </w><w> स्लाईन </w><w> इलेक्ट्रीक </w><w> स्वीच </w><w> में </w><w> टांग </w><w> कर </w><w> रखा </w><w> गया </w><w> था. </w><w> इतने </w><w> बड़े </w><w> सरकारी </w><w> अस्पताल </w><w> में </w><w> मरीजों </w><w> की </w><w> ऐसी </w><w> फजीहत </w><w> सरकारी </w><w> व्यवस्था </w><w> का </w><w> पोल </w><w> खोल </w><w> रहा </w><w> है. </w></p><p><w> बेटी </w><w> के </w><w> इलाज </w><w> के </w><w> लिए </w><w> काफी </w><w> देर </w><w> तक </w><w> इंतजार </w><w> करना </w><w> पड़ा. </w><w> कागज </w><w> बनाने </w><w> के </w><w> लिए </w><w> डॉक्टर </w><w> इधर-उधर </w><w> दौड़ाते </w><w> रहे. </w><w> बेड </w><w> खाली </w><w> नहीं </w><w> होने </w><w> का </w><w> कारण </w><w> उसे </w><w> फर्श </w><w> पर </w><w> ही </w><w> रखा </w><w> गया </w><w> था. </w></p></document>