<?xml version="1.0" encoding="UTF-8"?>
<document><desc></desc><time>5798</time><p><casualties-arg id="1"><link event_arg="0" id="43" type_rel="EVENT_ARG"/><w> हजारों </w><w> लोगों </w><w> को </w><w> अस्पताल </w></casualties-arg><w> पहुंचाया </w><place-arg id="4"><link event_arg="0" id="44" type_rel="EVENT_ARG"/><w> गयाटोकियो </w></place-arg><w> (रॉयटर्स)। </w><place-arg id="3"><link event_arg="0" id="45" type_rel="EVENT_ARG"/><w> जापान </w></place-arg><w> में </w><natural_event id="2" type="FLOODS"><w> बाढ़ </w></natural_event><w> के </w><w> बाद </w><w> अब </w><natural_event id="0" type="HEAT_WAVE"><w> भीषण </w><w> गर्मी </w></natural_event><w> का </w><w> कहर </w><w> शुरू </w><w> हो </w><w> गया </w><w> है। </w><w> इस </w><natural_event id="5" type="HEAT_WAVE"><event-coref-link event_id="0" id="37" type_rel="EVENT_COREF"></event-coref-link><w> भीषण </w><w> गर्मी </w></natural_event><w> के </w><w> चलते </w><time-arg id="6"><link event_arg="5" id="46" type_rel="EVENT_ARG"/><w> बीते </w><w> तीन </w><w> दिनों </w></time-arg><w> में </w><w> वहां </w><casualties-arg id="7"><link event_arg="5" id="47" type_rel="EVENT_ARG"/><w> 14 </w><w> लोगों </w><w> की </w><w> मौत </w></casualties-arg><w> हो </w><w> गई </w><w> है। </w><w> मौसम </w><w> विभाग </w><w> ने </w><w> बताया </w><w> कि </w><time-arg id="8"><link event_arg="10" id="48" type_rel="EVENT_ARG"/><w> सोमवार </w></time-arg><w> को </w><place-arg id="9"><link event_arg="11" id="49" type_rel="EVENT_ARG"/><w> जापान </w><w> के </w><w> कुछ </w><w> इलाकों </w></place-arg><w> में </w><natural_event id="10" type="HEAT_WAVE"><event-coref-link event_id="0" id="38" type_rel="EVENT_COREF"></event-coref-link><w> तापमान </w><w> 39 </w><w> डिग्री </w><w> सेल्सियस </w><w> तक </w></natural_event><w> पहुंच </w><w> गया। </w><reason-arg id="11"><link event_arg="10" id="50" type_rel="EVENT_ARG"/><w> तापमान </w><w> बढ़ने </w><w> के </w><w> कारण </w></reason-arg><place-arg id="12"><link event_arg="10" id="51" type_rel="EVENT_ARG"/><w> बाढ़ </w><w> प्रभावित </w><w> इलाकों </w></place-arg><w> में </w><w> चल </w><w> रहे </w><after_effects-arg id="13"><link event_arg="10" id="52" type_rel="EVENT_ARG"/><w> राहत </w><w> कार्य </w><w> को </w><w> भी </w><w> रोक </w><w> दिया </w></after_effects-arg><w> गया </w><w> है। </w><w> मीडिया </w><w> रिपोर्ट्स </w><w> के </w><w> मुताबिक, </w><natural_event id="14" type="HEAT_WAVE"><event-coref-link event_id="0" id="39" type_rel="EVENT_COREF"></event-coref-link><w> गर्मी </w></natural_event><w> से </w><casualties-arg id="15"><link event_arg="14" id="53" type_rel="EVENT_ARG"/><w> बीमार </w><w> हुए </w><w> हजारों </w><w> लोगों </w></casualties-arg><w> को </w><w> अस्पताल </w><w> पहुंचाया </w><w> गया </w><w> है। </w><w> सबसे </w><w> अधिक </w><intensity-arg id="17"><link event_arg="14" id="54" type_rel="EVENT_ARG"/><w> 39.3 </w><w> डिग्री </w><w> तापमान </w></intensity-arg><place-arg id="16"><link event_arg="14" id="55" type_rel="EVENT_ARG"/><w> गिफू </w><w> प्रांत </w></place-arg><w> में </w><w> दर्ज </w><w> की </w><w> गई </w><w> है।35 </w><w> डिग्री </w><w> सेल्सियस </w><w> मतलब </w><w> सबसे </w><w> ज्यादा </w><natural_event id="18" type="HEAT_WAVE"><event-coref-link event_id="0" id="40" type_rel="EVENT_COREF"></event-coref-link><w> गर्मीमौसम </w></natural_event><w> वैज्ञानिकों </w><w> का </w><w> कहना </w><w> है </w><w> कि </w><place-arg id="19"><link event_arg="18" id="56" type_rel="EVENT_ARG"/><w> जापान </w></place-arg><w> में </w><time-arg id="20"><link event_arg="18" id="57" type_rel="EVENT_ARG"/><w> इस </w><w> हफ्ते </w></time-arg><w> इसी </w><w> तरह </w><w> की </w><w> स्थिति </w><w> बनी </w><w> रहेगी। </w><place-arg id="21"><link event_arg="22" id="58" type_rel="EVENT_ARG"/><w> जापान </w></place-arg><w> में </w><intensity-arg id="23"><link event_arg="22" id="59" type_rel="EVENT_ARG"/><w> 35 </w><w> डिग्री </w><w> सेल्सियस </w><w> से </w><w> ज्यादा </w><w> तापमान </w></intensity-arg><w> को </w><natural_event id="22" type="HEAT_WAVE"><event-coref-link event_id="0" id="41" type_rel="EVENT_COREF"></event-coref-link><w> &amp;aposअत्यधिक </w><w> गर्मी&amp;apos </w></natural_event><w> माना </w><w> जाता </w><w> है। </w><w> इस </w><natural_event id="24" type="HEAT_WAVE"><event-coref-link event_id="0" id="42" type_rel="EVENT_COREF"></event-coref-link><w> भीषण </w><w> गर्मी </w></natural_event><w> के </w><w> चलते </w><w> कीचड़ </w><w> और </w><w> मलबा </w><w> हटा </w><w> रहे </w><after_effects-arg id="25"><link event_arg="24" id="60" type_rel="EVENT_ARG"/><w> सैनिकों </w><w> और </w><w> स्वयंसेवकों </w><w> को </w><w> काफी </w><w> मुश्किलों </w><w> का </w><w> सामना </w><w> करना </w><w> पड़ </w><w> रहा </w><w> हैं। </w></after_effects-arg><w> बता </w><w> दें </w><w> कि </w><place-arg id="26"><w> जापान </w></place-arg><w> में </w><w> मूसलधार </w><w> बारिश </w><w> के </w><w> बाद </w><w> आई </w><natural_event id="65" type="FLOODS"><w> बाढ़ </w></natural_event><w> और </w><natural_event id="63" type="LAND_SLIDE"><w> भूस्खलन </w></natural_event><w> से </w><casualties-arg id="30"><link event_arg="65" id="66" type_rel="EVENT_ARG"/><w> करीब </w><w> 200 </w><w> लोगों </w><w> की </w><w> जान </w></casualties-arg><w> चली </w><w> गई </w><w> थी। </w><w> प्रेस </w><w> कॉन्फ्रेंस </w><w> के </w><w> दौरान </w><w> सरकारी </w><w> प्रवक्ता </w><w> योशीहाइड </w><w> सुगा </w><w> ने </w><w> कहा </w><w> था </w><w> कि </w><after_effects-arg id="31"><link event_arg="63" id="67" type_rel="EVENT_ARG"/><w> लगभग </w><w> 73,000 </w><w> सेनाकर्मी, </w><w> पुलिस </w><w> और </w><w> अग्निशामक </w><w> दल </w><w> 83 </w><w> हेलीकॉप्टरों </w><w> और </w><w> दर्जनों </w><w> जहाजों </w><w> की </w><w> मदद </w><w> से </w><w> लापता </w><w> हुए </w><w> लोगों </w><w> की </w><w> तलाश </w><w> में </w><w> जुटे </w><w> थे। </w></after_effects-arg><w> 36 </w><w> वर्षों </w><w> का </w><w> रिकॉर्ड </w><w> टूटा </w><w> ईएफई </w><w> समाचार </w><w> ने </w><w> सुगा </w><w> का </w><w> हावाला </w><w> देते </w><w> हुए </w><w> बताया </w><w> कि </w><w> बीते </w><w> 36 </w><w> वर्षों </w><w> में </w><place-arg id="32"><w> जापान </w></place-arg><w> में </w><w> कभी </w><w> ऐसी </w><w> भयानक </w><w> आपदा </w><w> नहीं </w><w> आई </w><w> थी। </w><w> बता </w><w> दें </w><w> कि </w><time-arg id="33"><w> 5 </w><w> जुलाई </w></time-arg><w> को </w><place-arg id="34"><w> जापान </w></place-arg><w> में </w><w> शुरू </w><w> हुई </w><w> बारिश </w><w> से </w><w> सबसे </w><w> ज्यादा </w><place-arg id="35"><w> हिरोशिमा, </w><w> एहिमे </w><w> और </w><w> ओकायामा </w><w> के </w><w> इलाके </w></place-arg><w> प्रभावित </w><w> हुए। </w><w> यहां </w><w> इस </w><w> आपदा </w><w> से </w><w> हजारों </w><w> घर </w><w> तबाह </w><w> हो </w><w> गए। </w><w> इस </w><w> बारिश </w><w> से </w><w> लगभग </w><w> 20 </w><w> लाख </w><w> लोग </w><w> प्रभावित </w><w> हुए </w><w> और </w><w> उन्हें </w><w> जल्द </w><w> से </w><w> जल्द </w><w> अपने </w><w> घरों </w><w> को </w><w> छोड़कर </w><w> निकलने </w><w> का </w><w> आदेश </w><w> दिया </w><w> गया। </w></p></document>