<?xml version="1.0" encoding="UTF-8"?>
<document><desc></desc><time>3482</time><p><w> जम्मू </w><w> कश्मीर: </w><w> हिमस्खलन </w><w> में </w><w> फंसने </w><w> से </w><w> 11 </w><w> की </w><w> मौत, </w><w> Ndrf </w><w> के </w><w> रेस्क्यू </w><w> ऑपरेशन </w><w> में </w><w> शव </w><w> बरामद </w></p><p><place-arg id="0"><link event_arg="1" id="13" type_rel="EVENT_ARG"/><w> उत्तरी </w><w> कश्मीर </w><w> के </w><w> सीमांत </w><w> जिले </w><w> कुपवाड़ा </w><w> के </w><w> तंगधार </w><w> सेक्टर </w><w> के </w><w> करीब </w><w> साधना </w><w> टॉप </w></place-arg><w> पर </w><natural_event id="1" type="AVALANCHES"><w> हिमस्खलन </w></natural_event><w> की </w><casualties-arg id="2"><link event_arg="1" id="14" type_rel="EVENT_ARG"/><w> चपेट </w><w> में </w><w> आए </w><w> 11 </w><w> लोगों </w><w> के </w><w> शव </w><w> बरामद </w><w> कर </w></casualties-arg><w> लिए </w><w> गए </w><w> हैं। </w><w> रेस्क्यू </w><w> आपरेशन </w><w> में </w><w> दो </w><w> लोगों </w><w> को </w><w> बचाया </w><w> गया </w><w> है, </w><w> जिसमें </w><w> एक </w><w> आठ </w><w> साल </w><w> का </w><w> बच्चा </w><w> है। </w></p><p><w>  कुपवाड़ा </w><w> को </w><w> करनाह </w><w> के </w><w> साथ </w><w> जोड़ने </w><w> वाला </w><w> 75 </w><w> किलोमीटर </w><w> लंबा </w><w> यह </w><w> रास्ता </w><w> बर्फबारी </w><w> के </w><w> बाद </w><w> अधिकतर </w><w> बंद </w><w> रहता </w><w> है </w><w> लेकिन </w><w> इस </w><w> बार </w><w> दिसंबर </w><w> में </w><w> कुछ </w><w> दिन </w><w> बंद </w><w> रहने </w><w> के </w><w> बाद </w><w> इसे </w><w> क्लीयर </w><w> कर </w><w> खोल </w><w> दिया </w><w> गया </w><w> था। </w></p><p><place-arg id="3"><link event_arg="5" id="15" type_rel="EVENT_ARG"/><w> साधना </w><w> टॉप </w><w> के </w><w> करीब </w><w> खूनी </w><w> नाला </w><w> इलाके </w></place-arg><w> में </w><time-arg id="4"><link event_arg="5" id="16" type_rel="EVENT_ARG"/><w> शुक्रवार </w><w> दोपहर </w></time-arg><natural_event id="5" type="AVALANCHES"><w> दो </w><w> हिमस्खलन </w></natural_event><w> की </w><w> घटनाएं </w><w> सामने </w><w> आई। </w><w> पहली </w><w> घटना </w><w> में </w><w> बॉर्डर </w><w> रोड </w><w> आर्गेनाईजेशन </w><w> (बीआरओ) </w><w> के </w><casualties-arg id="6"><link event_arg="5" id="17" type_rel="EVENT_ARG"/><w> दो </w><w> अधिकारी </w><w> हिमस्खलन </w><w> की </w><w> चपेट </w><w> में </w></casualties-arg><w> आ </w><w> गए। </w></p><p><natural_event id="8" type="AVALANCHES"><event-coref-link event_id="5" id="23" type_rel="EVENT_COREF"></event-coref-link><w> इस </w><w> दौरान </w></natural_event><casualties-arg id="7"><link event_arg="8" id="18" type_rel="EVENT_ARG"/><w> एक </w><w> अधिकारी </w><w> घायल </w><w> हो </w><w> गया </w><w> जबकि </w><w> एक </w><w> सेक्टर </w><w> कमांडर </w><w> बर्फ </w><w> के </w><w> साथ </w><w> बह </w><w> गया, </w></casualties-arg><w> जिसकी </w><w> शिनाख्त </w><w> 109 </w><w> आरसीसी </w><w> के </w><w> एमपी </w><w> सिंह </w><w> के </w><w> तौर </w><w> पर </w><w> हुई </w><w> थी। </w><w> दूसरी </w><w> घटना </w><w> में </w><casualties-arg id="9"><link event_arg="8" id="19" type_rel="EVENT_ARG"/><w> एक </w><w> पैसेंजर </w><w> सूमो </w><w> (जेके09-3249) </w><place-arg id="12"><w> साधना </w><w> टॉप </w><w> के </w><w> पास </w><w> खूनी </w><w> नाले </w><w> इलाके </w></place-arg><w> में </w><natural_event id="11" type="AVALANCHES"><event-coref-link event_id="5" id="22" type_rel="EVENT_COREF"></event-coref-link><w> हिमस्खलन </w></natural_event><w> की </w><w> चपेट </w><w> में </w></casualties-arg><w> आ </w><w> गई। </w></p><p><w> इस </w><w> गाड़ी </w><w> के </w><w> ड्राईवर </w><w> जहूर </w><w> अहमद </w><w> ने </w><w> कूदकर </w><w> जान </w><w> बचाई। </w><w> घटना </w><w> के </w><w> तुरंत </w><w> बाद </w><w> सेना </w><w> की </w><w> एवलांच </w><w> रेस्क्यू </w><w> टीम, </w><w> एसडीआरएफ, </w><w> पुलिस, </w><w> बॉर्डर </w><w> रोड </w><w> आर्गेनाईजेशन </w><w> के </w><w> जवानों </w><w> के </w><w> साथ-साथ </w><w> स्थानीय </w><w> लोगों </w><w> द्वारा </w><w> बड़े </w><w> पैमाने </w><w> पर </w><w> रेस्क्यू </w><w> ऑपरेशन </w><w> शुरू </w><w> किया </w><w> गया। </w></p><p><w> इस </w><w> दौरान </w><w> 11 </w><w> साल </w><w> के </w><w> अब्दुल </w><w> वाहिद </w><w> पर्रे </w><w> को </w><w> जिंदा </w><w> रेस्क्यू </w><w> किया </w><w> गया, </w><w> जिसे </w><w> तुरंत </w><w> श्रीनगर </w><w> के </w><w> एसएमएचएस </w><w> अस्पताल </w><w> रेफर </w><w> किया </w><w> गया। </w><w> रात </w><w> में </w><w> अंधेरा </w><w> और </w><w> खराब </w><w> मौसम </w><w> के </w><w> चलते </w><w> रेस्क्यू </w><w> ऑपरेशन </w><w> स्थगित </w><w> किया </w><w> गया </w><w> था, </w><w> जिसे </w><w> शनिवार </w><w> तड़के </w><w> फिर </w><w> से </w><w> शुरू </w><w> किया </w><w> गया। </w></p><p><w> इस </w><w> दौरान </w><w> गुलाम </w><w> नबी </w><w> भट </w><w> को </w><w> जिंदा </w><w> निकाला </w><w> गया </w><w> और </w><w> उसे </w><w> श्रीनगर </w><w> के </w><w> स्किम्स </w><w> अस्पताल </w><w> रेफर </w><w> किया </w><w> गया। </w><w> करीब </w><w> 24 </w><w> घंटे </w><w> तक </w><w> चले </w><w> ऑपरेशन </w><w> में </w><w> 11 </w><w> शव </w><w> भी </w><w> बरामद </w><w> हुए। </w></p><p><w> जिले </w><w> के </w><w> डिप्टी </w><w> कमिश्नर </w><w> खालिद </w><w> जहांगीर </w><w> ने </w><w> फोन </w><w> पर </w><w> बताया </w><w> कि </w><w> इन </w><w> घटनाओं </w><w> के </w><w> बाद </w><w> तुरंत </w><w> सेना, </w><w> एसडीआरएफ, </w><w> बीआरओ, </w><w> पुलिस </w><w> आदि </w><w> की </w><w> विशेष </w><w> टीमें </w><w> तुरंत </w><w> मौके </w><w> पर </w><w> पहुंचीं </w><w> और </w><w> बचाव </w><w> कार्य </w><w> शुरू </w><w> कर </w><w> दिया।  </w></p><p><w> पवाड़ा </w><w> के </w><w> एसएसपी </w><w> शमशेर </w><w> हुसैन </w><w> ने </w><w> बताया </w><w> कि </w><w> ऑपरेशन </w><w> ख़त्म </w><w> हो </w><w> चुका </w><w> है। </w><w> इस </w><w> दौरान </w><w> 11 </w><w> शव </w><w> बरामद </w><w> किए </w><w> गए </w><w> हैं। </w><w> दो </w><w> लोगों </w><w> को </w><w> जिंदा </w><w> बचाया </w><w> गया </w><w> है, </w><w> जो </w><w> श्रीनगर </w><w> रेफर </w><w> किए </w><w> गए </w><w> हैं </w><w> और </w><w> उनकी </w><w> हालत </w><w> खतरे </w><w> से </w><w> बाहर </w><w> हैं।  </w></p><p><w> इस </w><w> घटना </w><w> को </w><w> लेकर </w><w> शनिवार </w><w> को </w><w> करनाह </w><w> में </w><w> स्थानीय </w><w> लोगों </w><w> द्वारा </w><w> जमकर </w><w> प्रदर्शन </w><w> किया। </w><w> लोगों </w><w> में </w><w> सरकार </w><w> के </w><w> प्रति </w><w> रोष </w><w> था। </w><w> उनका </w><w> कहना </w><w> था </w><w> कि </w><w> सरकार </w><w> केवल </w><w> 10 </w><w> किलोमीटर </w><w> का </w><w> एक </w><w> टनल </w><w> का </w><w> निर्माण </w><w> नहीं </w><w> करवा </w><w> रही </w><w> जो </w><w> हमें </w><w> साल </w><w> भर </w><w> घाटी </w><w> के </w><w> साथ </w><w> जोड़े </w><w> रखेगा।  </w></p></document>