<?xml version="1.0" encoding="UTF-8"?>
<document><desc></desc><time>3147</time><p><w> बिमल </w><w> बस्सी, </w><w> कांगड़ा </w></p><p><place-arg id="1"><link event_arg="0" id="10" type_rel="EVENT_ARG"/><w> पठानकोट-जोगेंद्रनगर </w><w> नैरोगेज </w><w> रेलमार्ग </w><w> पर </w><w> कोपरलाहड़ </w><w> रेलवे </w><w> स्टेशन </w><w> के </w><w> पास </w></place-arg><man_made_event id="0" type="TRANSPORT_HAZARDS"><w> रेलगाड़ी </w><w> पटरी </w><w> से </w><w> उतर </w><w> गई। </w></man_made_event><man_made_event id="4" type="TRANSPORT_HAZARDS"><event-coref-link event_id="0" id="8" type_rel="EVENT_COREF"></event-coref-link><w> हादसा </w></man_made_event><time-arg id="2"><link event_arg="0" id="11" type_rel="EVENT_ARG"/><w> सुबह </w><w> 8:40 </w><w> बजे </w></time-arg><w> हुआ। </w><w> रेलगाड़ी </w><w> चढ़ाई </w><w> पर </w><w> होने </w><w> के </w><w> कारण </w><w> धीमी </w><w> थी </w><w> नहीं </w><w> तो </w><w> बड़ा </w><man_made_event id="3" type="TRANSPORT_HAZARDS"><event-coref-link event_id="0" id="9" type_rel="EVENT_COREF"></event-coref-link><w> हादसा </w></man_made_event><w> हो </w><w> सकता </w><w> था। </w><w> रेलमार्ग </w><w> अवरुद्ध </w><w> होने </w><w> के </w><w> कारण </w><after_effects-arg id="5"><link event_arg="3" id="12" type_rel="EVENT_ARG"/><w> छह </w><w> गाड़ियों </w><w> के </w><w> रूट </w><w> प्रभावित </w></after_effects-arg><w> हुए। </w><w> इससे </w><w> सैकड़ों </w><after_effects-arg id="6"><link event_arg="3" id="13" type_rel="EVENT_ARG"/><w> यात्रियों </w><w> को </w><w> दिक्कतों </w><w> का </w><w> सामना </w><w> करना </w><w> पड़ा। </w></after_effects-arg><after_effects-arg id="7"><link event_arg="3" id="14" type_rel="EVENT_ARG"/><w> जोगेंद्रनगर </w><w> से </w><w> आने </w><w> वाली </w><w> गाड़ियां </w><w> नगरोटा </w><w> बगवा </w><w> स्टेशन </w><w> तक </w><w> ही </w><w> पहुंच </w><w> पाई। </w></after_effects-arg></p><p><w> यह </w><w> रेलगाड़ी </w><w> सुबह </w><w> 4:20 </w><w> बजे </w><w> पठानकोट </w><w> से </w><w> जोगेंद्रनगर </w><w> के </w><w> लिए </w><w> रवाना </w><w> हुई </w><w> थी। </w><time-arg id="16"><link event_arg="18" id="25" type_rel="EVENT_ARG"/><w> सुबह </w><w> 8:40 </w><w> बजे </w></time-arg><w> पर </w><place-arg id="17"><link event_arg="18" id="26" type_rel="EVENT_ARG"/><w> कोपरलाहड़ </w><w> रेलवे </w><w> स्टेशन </w><w> से </w><w> थोड़ा </w><w> आगे </w><w> दौलतपुर </w><w> के </w><w> नजदीक </w><w> जनियानखड़ </w><w> गांव </w><w> के </w><w> पास </w><w> 90.7 </w><w> किलोमीटर </w><w> प्वाइंट </w></place-arg><w> पर </w><man_made_event id="18" type="TRANSPORT_HAZARDS"><event-coref-link event_id="0" id="22" type_rel="EVENT_COREF"></event-coref-link><w> रेलगाड़ी </w><w> पटरी </w><w> से </w><w> उतर </w><w> गई। </w></man_made_event><w> गनीमत </w><w> रही </w><w> कि </w><w> चढ़ाई </w><w> होने </w><w> के </w><w> चलते </w><w> रेलगाड़ी </w><w> की </w><w> गति </w><w> धीमी </w><w> थी, </w><w> जिस </w><w> वजह </w><w> से </w><w> बड़ा </w><man_made_event id="19" type="NORMAL_BOMBING"><event-coref-link event_id="0" id="23" type_rel="EVENT_COREF"></event-coref-link><w> हादसा </w></man_made_event><w> होने </w><w> से </w><w> टल </w><w> गया। </w><w> अगर </w><w> रेलगाड़ी </w><w> 50-60 </w><w> मीटर </w><w> पीछे </w><w> पुल </w><w> के </w><w> पास </w><w> ट्रैक </w><w> से </w><w> उतरती </w><w> तो </w><w> कुछ </w><w> भी </w><w> अनहोनी </w><w> हो </w><w> सकती </w><w> थी। </w><w> करीब </w><w> छह </w><w> घटे </w><w> की </w><w> कड़ी </w><w> मशक्कत </w><w> के </w><w> बाद </w><w> रेलवे </w><w> विभाग </w><w> की </w><w> तकनीकी </w><w> टीम </w><w> ने </w><w> पटरी </w><w> से </w><w> उतरे </w><w> दो </w><w> मुख्य </w><w> पावर </w><w> व्हील </w><w> को </w><w> फिट </w><w> करके </w><w> दोपहर </w><w> बाद </w><w> रेल </w><w> यातायात </w><w> बहाल </w><w> किया। </w><man_made_event id="20" type="TRANSPORT_HAZARDS"><event-coref-link event_id="0" id="24" type_rel="EVENT_COREF"></event-coref-link><w> हादसे </w></man_made_event><w> के </w><w> बाद </w><after_effects-arg id="21"><link event_arg="20" id="27" type_rel="EVENT_ARG"/><w> रेलगाड़ी </w><w> में </w><w> सवार </w><w> लोगों </w><w> को </w><w> बस </w><w> मार्ग </w><w> से </w><w> जाना </w><w> पड़ा। </w></after_effects-arg></p><p><w> इस </w><w> घटना </w><w> की </w><w> जाच </w><w> करने </w><w> के </w><w> लिए </w><w> बैजनाथ </w><w> व </w><w> पठानकोट </w><w> से </w><w> दो </w><w> टीमें </w><w> घटनास्थल </w><w> पर </w><w> पहुंची </w><w> थीं। </w><w> जाच </w><w> के </w><w> बाद </w><w> ही </w><w> पता </w><w> चल </w><w> पाएगा </w><w> कि </w><w> रेलगाड़ी </w><w> पटरी </w><w> से </w><w> कैसे </w><w> नीचे </w><w> उतर </w><w> गई। </w><w> रेलमार्ग </w><w> अवरुद्ध </w><w> होने </w><w> से </w><w> रेलगाड़ियों </w><w> के </w><w> छह </w><w> रूट </w><w> प्रभावित </w><w> हुए </w><w> हैं। </w><w> रेलगाड़ी </w><w> के </w><w> पटरी </w><w> से </w><w> उतरने </w><w> का </w><w> कारण </w><w> गर्मी </w><w> से </w><w> गियर </w><w> फैलने, </w><w> ड्राइवर </w><w> के </w><w> वैक्यूम </w><w> मारने </w><w> या </w><w> ट्रैक </w><w> में </w><w> तकनीकी </w><w> खराबी </w><w> भी </w><w> हो </w><w> सकता </w><w> है। </w></p><p><w> सुबह </w><w> हुई </w><w> इस </w><w> घटना </w><w> में </w><w> किसी </w><w> भी </w><w> प्रकार </w><w> का </w><w> नुकसान </w><w> नहीं </w><w> हुआ </w><w> है। </w><w> रेलवे </w><w> विभाग </w><w> की </w><w> तकनीकी </w><w> टीमों </w><w> ने </w><w> मुख्य </w><w> पावर </w><w> व्हील </w><w> को </w><w> ठीक </w><w> कर </w><w> दिया </w><w> है। </w><w> फिलहाल </w><w> यातायात </w><w> बहाल </w><w> कर </w><w> दिया </w><w> गया </w><w> है </w><w> व </w><w> दुर्घटना </w><w> के </w><w> कारणों </w><w> की </w><w> जाच </w><w> रेलवे </w><w> विभाग </w><w> की </w><w> तकनीकी </w><w> टीम </w><w> कर </w><w> रही </w><w> है। </w></p></document>