<?xml version="1.0" encoding="UTF-8"?>
<document><desc></desc><time>7421</time><p><w> जागरण </w><w> संवाददाता, </w><w> कुल्लू </w><w> : </w><time-arg id="1"><link event_arg="0" id="9" type_rel="EVENT_ARG"/><w> एक </w><w> सप्ताह </w></time-arg><w> से </w><w> मौसम </w><w> के </w><w> बदले </w><w> मिजाज </w><w> से </w><place-arg id="2"><link event_arg="0" id="10" type_rel="EVENT_ARG"/><w> कुल्लू, </w><w> मनाली </w><w> व </w><w> साथ </w><w> लगते </w><w> अन्य </w><w> इलाके </w></place-arg><natural_event id="0" type="COLD_WAVE"><w> शीतलहर </w></natural_event><w> की </w><w> चपेट </w><w> में </w><w> आ </w><w> गए </w><w> हैं। </w><w> इस </w><w> बार </w><w> सर्दियों </w><w> के </w><w> सीजन </w><w> में </w><w> बारिश </w><w> व </w><w> बर्फबारी </w><w> की </w><w> कमी </w><w> से </w><w> ठंड </w><w> कम </w><w> हो </w><w> गई </w><w> थी। </w><w> इसी </w><w> बीच </w><w> पिछले </w><w> चार-पांच </w><w> दिन </w><w> से </w><w> पश्चिमी </w><w> हवाओं </w><w> के </w><w> कारण </w><w> मौसम </w><w> ने </w><w> करवट </w><w> बदल </w><w> ली </w><w> है। </w><w> इससे </w><w> पहाड़ी </w><w> इलाकों </w><w> में </w><w> रुक-रुककर </w><w> बर्फबारी </w><w> का </w><w> सिलसिला </w><w> चला, </w><w> जबकि </w><w> निचले </w><w> क्षेत्रों </w><w> में </w><w> बारिश </w><w> हुई। </w></p><p><w> हालांकि </w><w> मौसम </w><w> विभाग </w><w> के </w><w> अनुसार </w><w> सोमवार </w><w> को </w><w> भी </w><w> चोटियों </w><w> पर </w><w> बर्फबारी </w><w> व </w><w> अन्य </w><w> स्थानों </w><w> पर </w><w> बारिश </w><w> की </w><w> संभावना </w><w> थी, </w><w> लेकिन </w><w> दिनभर </w><w> मौसम </w><w> बिगड़ने </w><w> के </w><w> आसार </w><w> रहे </w><w> पर </w><w> शाम </w><w> तक </w><w> मौसम </w><w> साफ </w><w> रहा। </w><w> लिहाजा </w><w> ऐसे </w><w> मौसम </w><w> में </w><w> कुल्लू </w><w> व </w><w> मनाली </w><w> सहित </w><w> जिला </w><w> की </w><w> लगवैली, </w><w> मणिकर्ण </w><w> घाटी, </w><w> तीर्थन </w><w> वैली, </w><w> आनी-निरमंड </w><w> व </w><w> सैंज-बंजार </w><w> की </w><w> तरफ </w><w> दोबारा </w><w> से </w><w> कड़ाके </w><w> की </w><w> सर्दी </w><w> पड़ </w><w> रही </w><w> है। </w></p><p><w> चार </w><w> दिन </w><w> तक </w><w> बर्फबारी </w><w> व </w><w> बारिश </w><w> के </w><w> कारण </w><w> ऊंचाई </w><w> वाले </w><w> क्षेत्रों </w><w> में </w><w> पारा </w><w> जमाव </w><w> ¨बदू </w><w> से </w><w> नीचे </w><w> चला </w><w> गया </w><w> है, </w><w> जबकि </w><w> अन्य </w><w> इलाकों </w><w> में </w><w> भी </w><w> न्यूनतम </w><w> तापमान </w><w> पांच </w><w> से </w><w> लेकर </w><w> सात-आठ </w><w> डिग्री </w><w> सेल्सियस </w><w> तक </w><w> चल </w><w> रहा </w><w> है। </w><w> रोहतांग </w><w> के </w><w> अलावा </w><w> मनाली, </w><w> मणिकर्ण </w><w> घाटी </w><w> के </w><w> कुछ </w><w> इलाकों, </w><w> जलोड़ी </w><w> जोत </w><w> की </w><w> तरफ </w><w> और </w><w> तीर्थन </w><w> घाटी </w><w> के </w><w> ऊंचाई </w><w> वाले </w><w> इलाकों </w><w> में </w><w> दिन </w><w> के </w><w> समय </w><w> भी </w><w> तापमान </w><w> शून्य </w><w> से </w><w> नीचे </w><w> चल </w><w> रहा </w><w> है। </w><w> सोमवार </w><w> को </w><w> मनाली </w><w> की </w><w> ऊंची </w><w> पहाड़ियों </w><w> पर </w><w> दिन </w><w> के </w><w> समय </w><w> भी </w><w> ठंड </w><w> का </w><w> आलम </w><w> शून्य </w><w> से </w><w> पांच-सात </w><w> डिग्री </w><w> नीचे, </w><w> जबकि </w><w> रात </w><w> के </w><w> समय </w><w> न्यूनतम </w><w> पारा </w><w> माइनस </w><w> एक-दो </w><w> डिग्री </w><w> रहा। </w></p><p><w> वहीं </w><w> रोहतांग </w><w> दर्रा </w><w> व </w><w> साथ </w><w> लगते </w><w> गुलाबा, </w><w> फातरु, </w><w> मढ़ी, </w><w> पलचान </w><w> व </w><w> सोलंगनाला </w><w> में </w><w> फिर </w><w> से </w><w> बर्फ </w><w> की </w><w> मोटी </w><w> परत </w><w> चढ़ </w><w> गई </w><w> है। </w><w> इन </w><w> इलाकों </w><w> में </w><w> माइनस </w><w> डिग्री </w><w> तापमान </w><w> है, </w><w> जहां </w><w> कई </w><w> स्थानों </w><w> पर </w><w> सैलानियों </w><w> की </w><w> चहल-पहल </w><w> भी </w><w> है। </w><w> इसके </w><w> अलावा </w><w> कुल्लू </w><w> शहर, </w><w> भुंतर </w><w> व </w><w> अन्य </w><w> स्थानों </w><w> पर </w><w> भी </w><w> सुबह </w><w> से </w><w> आसमान </w><w> में </w><w> बादलों </w><w> का </w><w> डेरा </w><w> लगा </w><w> रहा। </w><w> इस </w><w> दौरान </w><w> बीच-बीच </w><w> में </w><w> सूरज </w><w> की </w><w> आंख-मिचौनी </w><w> भी </w><w> लगी </w><w> रही, </w><w> लेकिन </w><w> अधिकतर </w><w> समय </w><w> बादलों </w><w> ने </w><w> सूर्य </w><w> देव </w><w> को </w><w> ढके </w><w> रखा। </w><w> कुल्लू </w><w> में </w><w> दिन </w><w> के </w><w> समय </w><w> अधिकतम </w><w> तापमान </w><w> 17-18 </w><w> डिग्री, </w><w> जबकि </w><w> न्यूनतम </w><w> तापमान </w><w> सात-आठ </w><w> डिग्री </w><w> सेल्सियस </w><w> रिकॉर्ड </w><w> किया </w><w> गया। </w></p><p><w> बर्फ </w><w> ने </w><w> बढ़ाई </w><w> लोगों </w><w> की </w><w> दिक्कत </w></p><p><w> ताजा </w><w> हिमपात </w><w> से </w><w> लाहुल </w><w> घाटी </w><w> एक </w><w> बार </w><w> फिर </w><w> से </w><w> बर्फ </w><w> की </w><w> जकड़ </w><w> में </w><w> आ </w><w> गई </w><w> है। </w><w> जिला </w><w> लाहुल-स्पीति </w><w> के </w><w> कोकसर, </w><w> दारचा, </w><w> सिसू, </w><w> मु¨लग, </w><w> गोंधला, </w><w> तांदी, </w><w> उदयपुर, </w><w> केलंग </w><w> व </w><w> जिस्पा </w><w> में </w><w> हिमपात </w><w> ने </w><w> लोगों </w><w> की </w><w> मुश्किलें </w><w> बढ़ा </w><w> दी </w><w> हैं। </w><w> स्पीति </w><w> घाटी </w><w> के </w><w> काजा </w><w> सहित </w><w> लोसर </w><w> व </w><w> अन्य </w><w> इलाकों </w><w> में </w><w> भी </w><reason-arg id="7"><link event_arg="8" id="11" type_rel="EVENT_ARG"/><w> बर्फबारी </w></reason-arg><w> के </w><w> कारण </w><natural_event id="8" type="COLD_WAVE"><event-coref-link event_id="0" id="15" type_rel="EVENT_COREF"></event-coref-link><w> शीतलहर </w></natural_event><w> बढ़ </w><w> गई </w><w> है। </w><w> लाहुल </w><w> घाटी </w><w> में </w><w> विभिन्न </w><w> स्थानों </w><w> पर </w><w> आधा </w><w> फुट </w><w> से </w><w> लेकर </w><w> चार-पांच </w><w> फुट </w><w> तक </w><w> बर्फ </w><w> जमी </w><w> होने </w><w> और </w><w> ताजा </w><natural_event id="3" type="COLD_WAVE"><event-coref-link event_id="0" id="14" type_rel="EVENT_COREF"></event-coref-link><w> हिमपात </w></natural_event><w> के </w><w> चलते </w><after_effects-arg id="4"><link event_arg="3" id="12" type_rel="EVENT_ARG"/><w> दिन </w><w> में </w><w> तापमान </w><w> 12-15 </w><w> डिग्री </w><w> शून्य </w><w> से </w><w> नीचे </w><w> चल </w><w> रहा </w></after_effects-arg><w> है, </w><w> जबकि </w><after_effects-arg id="6"><link event_arg="3" id="13" type_rel="EVENT_ARG"/><w> न्यूनतम </w><w> तापमान </w><w> माइनस </w><w> 25-28 </w><w> डिग्री </w><w> सेल्सियस </w><w> तक </w></after_effects-arg><w> है। </w></p></document>