<?xml version="1.0" encoding="UTF-8"?>
<document><desc></desc><time>1744</time><p><place-arg id="0"><link event_arg="1" id="5" type_rel="EVENT_ARG"/><w> थर्मल </w><w> प्लांट </w><w> के </w><w> बॉयलर </w><w> में </w></place-arg><reason-arg id="2"><link event_arg="1" id="6" type_rel="EVENT_ARG"/><w> राख </w><w> की </w><w> सफाई </w><w> करने </w></reason-arg><w> घुसे </w><casualties-arg id="3"><link event_arg="1" id="7" type_rel="EVENT_ARG"/><w> 6 </w><w> मजदूर </w></casualties-arg><man_made_event id="1" type="INDUSTRIAL_ACCIDENT"><event-coref-link event_id="13" id="18" type_rel="EVENT_COREF"></event-coref-link><w> झुलसे, </w></man_made_event><after_effects-arg id="4"><link event_arg="1" id="8" type_rel="EVENT_ARG"/><w> ठेकेदार </w><w> और </w><w> साइट </w><w> इंचार्ज </w><w> पर </w><w> केस </w><w> दर्ज </w></after_effects-arg></p><p><place-arg id="10"><link event_arg="12" id="20" type_rel="EVENT_ARG"/><w> बरवाला(हिसार).  खेदड़ </w><w> स्थित </w><w> राजीव </w><w> गांधी </w><w> थर्मल </w><w> पावर </w><w> प्लांट </w><w> के </w><w> बॉयलर </w></place-arg><w> में </w><reason-arg id="11"><link event_arg="13" id="21" type_rel="EVENT_ARG"/><w> राख </w><w> की </w><w> सफाई </w><w> करने </w></reason-arg><w> घुसे </w><casualties-arg id="12"><link event_arg="13" id="22" type_rel="EVENT_ARG"/><w> 6 </w><w> मजदूर </w></casualties-arg><man_made_event id="13" type="INDUSTRIAL_ACCIDENT"><w> झुलस </w><w> गए। </w></man_made_event><w> इनमें </w><casualties-arg id="14"><link event_arg="13" id="23" type_rel="EVENT_ARG"/><w> 3 </w><w> की </w><w> हालत </w><w> गंभीर </w></casualties-arg><w> है। </w><w> सभी </w><after_effects-arg id="15"><link event_arg="13" id="24" type_rel="EVENT_ARG"/><w> हिसार </w><w> के </w><w> निजी </w><w> अस्पताल </w><w> में </w><w> भर्ती </w></after_effects-arg><w> हैं। </w><man_made_event id="16" type="INDUSTRIAL_ACCIDENT"><event-coref-link event_id="13" id="19" type_rel="EVENT_COREF"></event-coref-link><w> घटना </w></man_made_event><time-arg id="17"><link event_arg="16" id="25" type_rel="EVENT_ARG"/><w> मंगलवार </w><w> दोपहर </w><w> 3 </w><w> बजे </w></time-arg><w> की </w><w> है। </w><w> प्लांट </w><w> बंद </w><w> होने </w><w> के </w><w> बाद </w><w> बॉयलर </w><w> में </w><w> राख </w><w> की </w><w> सफाई </w><w> करने </w><w> के </w><w> लिए </w><w> मजदूरों </w><w> को </w><w> भेजा </w><w> था। </w><w> इससे </w><w> पहले </w><w> चिमनी </w><w> में </w><w> अंदर </w><w> की </w><w> तरफ </w><w> चिपके </w><w> जलते </w><w> कोयले </w><w> के </w><w> अवशेषों </w><w> को </w><w> साफ </w><w> नहीं </w><w> किया </w><w> गया। </w><w> मजदूर </w><w> बॉयलर </w><w> में </w><w> घुसे </w><w> तो </w><w> उन </w><w> पर </w><w> कोयले </w><w> के </w><w> अवशेष </w><w> आ </w><w> गिरे। </w></p><p><w>   </w></p><p><w> झुलसने </w><w> के </w><w> साथ </w><w> ही </w><w> उनकी </w><w> चीख-पुकार </w><w> से </w><w> पावर </w><w> प्लांट </w><w> गूंज </w><w> उठा </w></p><p><w> पुलिस </w><w> की </w><w> शुरुआती </w><w> जांच </w><w> में </w><w> सामने </w><w> आया </w><w> कि </w><w> यूनिट </w><w> को </w><w> बंद </w><w> हुए </w><w> 24 </w><w> घंटे </w><w> भी </w><w> नहीं </w><w> बीते </w><w> थे। </w><w> इसके </w><w> कारण </w><w> चिमनी </w><w> में </w><w> चिपके </w><w> क्लिंकर </w><w> यानि </w><w> कोयले </w><w> के </w><w> जलते </w><w> अवशेष </w><w> अचानक </w><w> मजदूरों </w><w> पर </w><w> आ </w><w> गिरे। </w></p><p><w> झुलसने </w><w> के </w><w> साथ </w><w> ही </w><w> उनकी </w><w> चीख-पुकार </w><w> से </w><w> पावर </w><w> प्लांट </w><w> गूंज </w><w> उठा। </w><w> चार </w><w> मजदूर </w><w> तो </w><w> खुद </w><w> बॉयलर </w><w> से </w><w> कूदकर </w><w> बाहर </w><w> आए </w><w> थे, </w><w> जबकि </w><w> दो </w><w> को </w><w> कड़ी </w><w> मशक्कत </w><w> के </w><w> बाहर </w><w> निकाला </w><w> गया। </w><w> उन्हें </w><after_effects-arg id="26"><link event_arg="13" id="27" type_rel="EVENT_ARG"/><w> तुरंत </w><w> प्लांट </w><w> की </w><w> एंबुलेंस </w><w> से </w><w> निजी </w><w> अस्पताल </w><w> में </w><w> उपचार </w><w> के </w><w> लिए </w><w> भिजवाया </w><w> गया </w><w> था। </w></after_effects-arg></p><p><man_made_event id="28" type="INDUSTRIAL_ACCIDENT"><event-coref-link event_id="13" id="40" type_rel="EVENT_COREF"></event-coref-link><w> हादसे </w></man_made_event><w> में </w><w> खेदड़ </w><w> निवासी </w><casualties-arg id="29"><link event_arg="28" id="42" type_rel="EVENT_ARG"/><w> अमित </w><w> (19), </w><w> जगदीप </w><w> (28), </w><w> विक्रम </w><w> (20), </w><w> पाबड़ा </w><w> निवासी </w><w> सतवीर </w><w> (40), </w></casualties-arg><w> उत्तर </w><w> प्रदेश </w><w> के </w><w> देवरिया </w><w> निवासी </w><casualties-arg id="30"><link event_arg="28" id="43" type_rel="EVENT_ARG"/><w> छोटे </w><w> लाल </w><w> यादव </w><w> (28), </w><w> मनोज </w><w> (25) </w></casualties-arg><w> झुलस </w><w> गए।  </w></p><p><w> गंभीर </w><w> रूप </w><w> से </w><w> झुलसे </w><w> तीन </w><w> मजदूरों </w><w> की </w><w> जान </w><w> को </w><w> खतरा </w><w> ज्यादा </w><w> है। </w><w> बरवाला </w><w> के </w><w> डीएसपी </w><w> जयपाल </w><w> का </w><w> कहना </w><w> है </w><w> कि </w><man_made_event id="31" type="INDUSTRIAL_ACCIDENT"><event-coref-link event_id="13" id="41" type_rel="EVENT_COREF"></event-coref-link><w> मामले </w></man_made_event><w> की </w><after_effects-arg id="32"><link event_arg="31" id="44" type_rel="EVENT_ARG"/><w> जांच </w><w> कर </w><w> रहे </w><w> हैं। </w></after_effects-arg><w> जिसकी </w><w> लापरवाही </w><w> सामने </w><w> आएगी </w><w> उसके </w><w> विरुद्ध </w><w> कानूनी </w><w> अमल </w><w> में </w><w> लाई </w><w> जाए। </w></p><p><w>   </w></p><p><w> 72 </w><w> घंटे </w><w> बाद </w><w> बॉयलर </w><w> के </w><w> पूरी </w><w> तरह </w><w> ठंडा </w><w> होने </w><w> पर </w><w> करना </w><w> होता </w><w> है </w><w> काम  </w></p><p><w> तकनीकी </w><w> या </w><w> फिर </w><w> अन्य </w><w> वजह </w><w> सेजब </w><w> थर्मल </w><w> प्लांट </w><w> की </w><w> यूनिट </w><w> को </w><w> बंद </w><w> किया </w><w> जाता </w><w> है </w><w> तो </w><w> इसके </w><w> बाद </w><w> बॉयलर </w><w> व </w><w> इसके </w><w> ऐश </w><w> बॉटम </w><w> की </w><w> सफाई </w><w> का </w><w> काम </w><w> मजदूरों </w><w> द्वारा </w><w> किया </w><w> जाता </w><w> है। </w><w> कुछ </w><w> तकनीकी </w><w> खामी </w><w> आने </w><w> पर </w><w> कुशल </w><w> कारीगर </w><w> भी </w><w> मरम्मत </w><w> इत्यादि </w><w> का </w><w> काम </w><w> करते </w><w> हैं। </w></p><p><w> जानकार </w><w> बताते </w><w> है </w><w> कि </w><w> यह </w><w> सब </w><w> प्रक्रिया </w><w> यूनिट </w><w> बंद </w><w> होने </w><w> के </w><w> 72 </w><w> घंटे </w><w> के </w><w> बाद </w><w> शुरू </w><w> की </w><w> जाती </w><w> है </w><w> ताकि </w><w> बॉयलर </w><w> पूरी </w><w> तरह </w><w> ठंडा </w><w> हो </w><w> जाए। </w><w> मगर </w><w> थर्मल </w><w> प्रशासन </w><w> ने </w><w> यूनिट </w><w> बंद </w><w> होने </w><w> के </w><w> मात्र </w><w> 10 </w><w> घंटे </w><w> बाद </w><w> ही </w><w> बॉयलर </w><w> में </w><w> काम </w><w> करने </w><w> के </w><w> लिए </w><w> मजदूरों </w><w> को </w><w> लगा </w><w> दिया </w><w> था। </w></p><p><w> बुधवार </w><w> को </w><w> थर्मल </w><w> पावरप्लांट </w><w> मेंफायर </w><w> ब्रिगेड, </w><w> भवन-निर्माण </w><w> टीम, </w><w> फोरेंसिक </w><w> टीम </w><w> सहित </w><w> अन्य </w><w> विभागों </w><w> की </w><w> टीम </w><w> केसाथ </w><w> निरीक्षण </w><w> करेंगी। </w><w> इस </w><w> दौरान </w><w> यह </w><w> पता </w><w> लगाया </w><w> जाएगा </w><w> कि </w><w> किसने </w><w> लापरवाही </w><w> बरती </w><w> थी। </w></p><p><w>   </w></p><p><w> पहले </w><w> भी </w><w> यहां </w><w> हादसों </w><w> में </w><w> 30 </w><w> से </w><w> ज्यादा </w><w> की </w><w> जान </w><w> जा </w><w> चुकी </w></p><p><w>   </w></p><p><place-arg id="33"><link event_arg="34" id="45" type_rel="EVENT_ARG"/><w> थर्मल </w><w> प्लांट </w></place-arg><w> में </w><w> पहले </w><w> भी </w><w> दर्जनों </w><man_made_event id="34" type="INDUSTRIAL_ACCIDENT"><w> हादसे </w></man_made_event><w> हो </w><w> चुके </w><w> हैं। </w><w> इनमें </w><casualties-arg id="35"><link event_arg="34" id="46" type_rel="EVENT_ARG"/><w> 30 </w><w> से </w><w> अधिक </w><w> लोगों </w><w> की </w><w> जान </w></casualties-arg><w> जा </w><w> चुकी </w><w> हैं। </w><w> कई </w><w> लोग </w><w> जीवनभर </w><w> के </w><w> लिए </w><w> अपंग </w><w> होकर </w><w> रह </w><w> गए </w><w> हैं। </w><place-arg id="36"><w> प्लांट </w></place-arg><w> में </w><time-arg id="37"><link event_arg="38" id="47" type_rel="EVENT_ARG"/><w> 16 </w><w> अगस्त </w><w> 2009 </w></time-arg><w> को </w><w> बड़ा </w><man_made_event id="38" type="INDUSTRIAL_ACCIDENT"><w> हादसा </w></man_made_event><w> हुआ </w><w> था, </w><w> जिसमें </w><casualties-arg id="39"><link event_arg="38" id="48" type_rel="EVENT_ARG"/><w> चीन </w><w> के </w><w> दो </w><w> इंजीनियरों </w><w> सहित </w><w> 5 </w><w> लोगों </w><w> की </w><w> मौत </w></casualties-arg><w> हो </w><w> गई </w><w> थी। </w></p></document>