<?xml version="1.0" encoding="UTF-8"?>
<document><desc></desc><time>482</time><p><w> पटरी </w><w> से </w><w> उतरी </w><w> चेन्नई </w></p><p><participant-arg id="1"><link event_arg="0" id="24" type_rel="EVENT_ARG"/><w> चैन्नई-मैंगलौर </w><w> एक्सप्रेस </w><w> ट्रेन </w><w> की </w><w> पांच </w><w> बोगी </w></participant-arg><man_made_event id="0" type="TRAIN_COLLISION"><w> पटरी </w><w> से </w><w> उतर </w><w> गई। </w></man_made_event><w> पुलिस </w><w> व </w><w> रेलवे </w><w> अधिकारियों </w><w> के </w><w> मुताबिक </w><man_made_event id="2" type="TRAIN_COLLISION"><event-coref-link event_id="0" id="19" type_rel="EVENT_COREF"></event-coref-link><w> हादसे </w></man_made_event><w> में </w><casualties-arg id="7"><link event_arg="2" id="25" type_rel="EVENT_ARG"/><w> 39 लोग </w><w> घायल </w></casualties-arg><w> हुए </w><w> हैं। </w><man_made_event id="3" type="TRAIN_COLLISION"><event-coref-link event_id="0" id="20" type_rel="EVENT_COREF"></event-coref-link><w> हादसा </w></man_made_event><place-arg id="8"><link event_arg="3" id="26" type_rel="EVENT_ARG"/><w> चैन्नई </w><w> से </w><w> करीब </w><w> 200 </w><w> किमी </w><w> दूर </w><w> कुड्डालोर </w><w> जिले </w><w> के </w><w> पास </w></place-arg><w> हुआ।पुलिस </w><w> के </w><w> मुताबिक </w><w> यह </w><man_made_event id="4" type="TRAIN_COLLISION"><event-coref-link event_id="0" id="21" type_rel="EVENT_COREF"></event-coref-link><w> हादसा </w></man_made_event><time-arg id="9"><link event_arg="4" id="27" type_rel="EVENT_ARG"/><w> शुक्रवार </w><w> को </w><w> दोपहर </w><w> दो </w><w> बजे </w></time-arg><participant-arg id="11"><link event_arg="4" id="28" type_rel="EVENT_ARG"/><w> चैन्नई-मैंगलौर </w><w> एक्सप्रेस </w></participant-arg><place-arg id="10"><link event_arg="4" id="29" type_rel="EVENT_ARG"/><w> वृद्धाचलम </w><w> में </w><w> पुवनौर </w><w> के </w><w> पास </w></place-arg><w> हुआ। </w><after_effects-arg id="12"><link event_arg="4" id="30" type_rel="EVENT_ARG"/><w> घायलों </w><w> को </w><w> पुलिस </w><w> और </w><w> रेलवे </w><w> की </w><w> मदद </w><w> से </w><w> नजदीकी </w><w> अस्पताल </w><w> में </w><w> भर्ती </w><w> किया </w></after_effects-arg><w> गया </w><w> है। </w></p><p><w> रेलवे </w><w> अधिकारियों </w><w> के </w><w> अनुसार </w><man_made_event id="5" type="TRAIN_COLLISION"><event-coref-link event_id="0" id="22" type_rel="EVENT_COREF"></event-coref-link><w> हादसे </w></man_made_event><w> के </w><w> बाद </w><w> इस </w><w> रूट </w><w> पर </w><w> कुछ </w><w> समय </w><w> के </w><w> लिए </w><after_effects-arg id="13"><link event_arg="5" id="31" type_rel="EVENT_ARG"/><w> रेल </w><w> यातायात </w><w> रोका </w><w> गया </w></after_effects-arg><w> है। </w><w> अभी </w><after_effects-arg id="14"><link event_arg="5" id="32" type_rel="EVENT_ARG"/><w> इस </w><w> रूट </w><w> की </w><w> ट्रेनों </w><w> का </w><w> वैकल्पिक </w><w> मार्ग </w><w> से </w><w> भेजा </w><w> रहा </w><w> है। </w></after_effects-arg><w> लेकिन </w><after_effects-arg id="15"><link event_arg="5" id="33" type_rel="EVENT_ARG"/><w> ट्रेनें </w><w> अपने </w><w> निर्धारित </w><w> समय </w><w> से </w><w> देरी </w><w> से </w><w> चल </w></after_effects-arg><w> रही </w><man_made_event id="16" type="TRAIN_COLLISION"><event-coref-link event_id="0" id="23" type_rel="EVENT_COREF"></event-coref-link><w> हैं।हादसे </w></man_made_event><w> में </w><after_effects-arg id="17"><link event_arg="16" id="34" type_rel="EVENT_ARG"/><w> गंभीर </w><w> रूप </w><w> से </w><w> घायल </w><w> लोगों </w><w> के </w><w> लिए </w><w> तमिलनाडू </w><w> की </w><w> मुख्यमंत्री </w><w> जयललिता </w><w> ने </w><w> 50 </w><w> हजार </w></after_effects-arg><w> और </w><after_effects-arg id="18"><link event_arg="16" id="35" type_rel="EVENT_ARG"/><w> अन्य </w><w> घायलों </w><w> के </w><w> लिए 25 </w><w> हजार </w><w> मुआवजा </w></after_effects-arg><w> देने </w><w> की </w><w> घोषणा </w><w> की </w><w> है। </w></p></document>