<?xml version="1.0" encoding="UTF-8"?>
<document><p><w> भारतीय </w><w> टीम </w><w> के </w><w> तेज </w><w> गेंदबाज </w><name-arg id="1"><casualties-arg id="35"><link event_arg="0" id="38" type_rel="EVENT_ARG"/><w> मोहम्मद </w><w> शमी </w></casualties-arg></name-arg><man_made_event id="0" type="VEHICULAR_COLLISION"><w> सड़क </w><w> दुर्घटना </w></man_made_event><w> में </w><w> घायल </w><w> हो </w><w> गए </w><w> हैं। </w><w> दरअसल, </w><name-arg id="2"><w> मोहम्मद </w><w> शमी </w></name-arg><w> अपनी </w><w> क्रिकेट </w><w> ट्रेनिंग </w><w> को </w><w> पूरा </w><w> कर </w><place-arg id="22"><link event_arg="0" id="39" type_rel="EVENT_ARG"/><w> देहरादून </w></place-arg><w> से </w><place-arg id="23"><link event_arg="0" id="40" type_rel="EVENT_ARG"/><w> दिल्ली </w></place-arg><w> लौट </w><w> रहे </w><w> थे </w><w> और </w><w> तभी </w><w> उनके </w><w> साथ </w><w> ये </w><w> हादसा </w><w> हो </w><w> गया। </w><w> चोट </w><w> लगने </w><w> की </w><w> वजह </w><w> से </w><name-arg id="3"><w> शमी </w></name-arg><place-arg id="24"><w> देहरादून </w></place-arg><w> में </w><w> ही </w><w> रुक </w><w> गए </w><w> हैं। </w><w> डॉक्टर </w><w> ने </w><after_effects-arg id="37"><link event_arg="0" id="41" type_rel="EVENT_ARG"/><name-arg id="4"><w> शमी </w></name-arg><w> को </w><w> कई </w><w> टांके </w></after_effects-arg><w> लगाए </w><w> गए </w><w> हैं, </w><w> बताया </w><w> जा </w><w> रहा </w><w> है </w><w> कि </w><w> वह </w><w> जल्द </w><w> ही </w><w> स्वस्थ </w><w> होकर </w><place-arg id="25"><w> दिल्ली </w></place-arg><w> वापस </w><w> रवाना </w><w> होंगे। </w><name-arg id="5"><w> शमी </w></name-arg><w> कार </w><w> से </w><place-arg id="26"><w> दिल्ली </w></place-arg><w> जा </w><w> रहे </w><w> थे </w><w> तभी </w><man_made_event id="36" type="VEHICULAR_COLLISION"><w> कार </w><w> का </w><w> एक्सिडेंट </w><w> एक </w><w> ट्रक </w></man_made_event><w> से </w><w> हो </w><w> गया </w><w> और </w><w> उनके </w><w> सिर </w><w> में </w><w> चोट </w><w> लग </w><w> गई। </w><w> इसके </w><w> बाद </w><w> डाक्टर </w><w> ने </w><w> उनके </w><w> सिर </w><w> पर </w><w> दस </w><w> टांके </w><w> लगाए </w><w> हैं। </w><name-arg id="6"><w> शमी </w></name-arg><w> फिलहाल </w><w> खतरे </w><w> से </w><w> बाहर </w><w> हैं। </w><w> बता </w><w> दें </w><w> कि </w><name-arg id="7"><w> शमी </w></name-arg><time-arg id="33"><w> शुक्रवार </w></time-arg><w> से </w><place-arg id="27"><w> देहरादून </w></place-arg><w> में </w><w> अभिमन्यु </w><w> क्रिकेट </w><w> अकैडमी </w><w> में </w><w> आईपीएल </w><w> की </w><w> प्रैक्टिस </w><w> कर </w><w> रहे </w><w> थे। </w><name-arg id="8"><w> शमी </w></name-arg><w> इस </w><w> साल </w><w> आईपीएल </w><w> में </w><w> दिल्ली </w><w> डेयरडेविल्स </w><w> टीम </w><w> की </w><w> गेंदबाजी </w><w> का </w><w> अहम </w><w> हिस्सा </w><w> है। </w><w> कुछ </w><w> दिन </w><w> पहले </w><w> ही </w><name-arg id="9"><w> शमी </w></name-arg><w> को </w><w> बीसीसीआई </w><w> की </w><w> तरफ </w><w> से </w><w> मैच </w><w> में </w><w> हिस्सा </w><w> लेने </w><w> के </w><w> लिए </w><w> क्लीन </w><w> चिट </w><w> दिया </w><w> था। </w><w> ऐसे </w><w> में </w><place-arg id="28"><w> दिल्ली </w></place-arg><w> की </w><w> टीम </w><w> नहीं </w><w> चाहेगी </w><w> कि </w><w> किसी </w><w> और </w><w> वजह </w><w> से </w><name-arg id="10"><w> शमी </w></name-arg><w> टीम </w><w> से </w><w> बाहर </w><w> जाए। </w></p><p><name-arg id="11"><w> शमी </w></name-arg><w> पिछले </w><w> सीजन </w><place-arg id="29"><w> दिल्ली </w></place-arg><w> की </w><w> तरफ </w><w> से </w><w> सभी </w><w> मैच </w><w> नहीं </w><w> खेल </w><w> पाए </w><w> थे। </w><w> इस </w><w> साल </w><w> आईपीएल </w><w> से </w><w> पहले </w><w> ही </w><w> उन्होंने </w><w> सभी </w><w> मैच </w><w> खेलने </w><w> की </w><w> इच्छा </w><w> जाहिर </w><w> की </w><w> थी </w><w> और </w><w> ऐसे </w><w> में </w><w> अगर </w><w> वो </w><w> टूर्नामेंट </w><w> से </w><w> बाहर </w><w> होते </w><w> हैं </w><w> तो </w><place-arg id="30"><w> दिल्ली </w></place-arg><w> को </w><w> बड़ा </w><w> झटका </w><w> लग </w><w> सकता </w><w> है। </w><w> इसके </w><w> साथ </w><w> ही </w><place-arg id="31"><w> भारत </w></place-arg><w> को </w><time-arg id="34"><w> जुलाई </w></time-arg><w> में </w><place-arg id="32"><w> इंग्लैंड </w></place-arg><w> दौरे </w><w> पर </w><w> भी </w><w> जाना </w><w> है, </w><w> जहां </w><name-arg id="12"><w> शमी </w></name-arg><w> टेस्ट </w><w> टीम </w><w> का </w><w> अहम </w><w> हिस्सा </w><w> माने </w><w> जा </w><w> रहे </w><w> हैं, </w><w> भारतीय </w><w> टीम </w><w> भी </w><w> नहीं </w><w> चाहेगी </w><w> कि </w><name-arg id="13"><w> शमी </w></name-arg><w> के </w><w> साथ </w><w> कुछ </w><w> ऐसा </w><w> हो </w><w> जिस </w><w> वजह </w><w> से </w><w> उन्हें </w><w> क्रिकेट </w><w> से </w><w> दूर </w><w> होना </w><w> पड़े। </w></p><p><w> बता </w><w> दें </w><w> कि </w><w> डेयरडेविल्स </w><w> के </w><w> मुख्य </w><w> कार्यकारी </w><w> अधिकारी </w><name-arg id="14"><w> हेमंत </w><w> दुआ </w></name-arg><w> ने </w><w> एक </w><w> ट्वीट </w><w> के </w><w> जरिए </w><name-arg id="15"><w> शमी </w></name-arg><w> की </w><w> टीम </w><w> में </w><w> वापसी </w><w> की </w><w> पुष्टि </w><w> की </w><w> थी। </w><name-arg id="16"><w> दुआ </w></name-arg><w> ने </w><w> लिखा, </w><w> “इस </w><w> बात </w><w> का </w><w> ऐलान </w><w> करते </w><w> हुए </w><w> खुशी </w><w> हो </w><w> रही </w><w> है </w><w> कि </w><w> बीसीसीआई </w><w> की </w><w> भ्रष्टाचार </w><w> रोधी </w><w> इकाई </w><w> (एसीयू) </w><w> ने </w><name-arg id="17"><w> शमी </w></name-arg><w> को </w><w> क्लीन </w><w> चिट </w><w> दे </w><w> दी </w><w> है </w><w> और </w><w> अब </w><w> वह </w><w> आईपीएल </w><w> में </w><w> दिल्ली </w><w> डेयरडेविल्स </w><w> की </w><w> तरफ </w><w> से </w><w> खेलेंगे।”बीसीसीआई </w><w> की </w><w> भ्रष्टाचार </w><w> रोधी </w><w> इकाई </w><w> ने </w><name-arg id="18"><w> शमी </w></name-arg><w> की </w><w> पत्नी </w><name-arg id="19"><w> हसीन </w><w> जहां </w></name-arg><w> द्वारा </w><w> लगाए </w><w> गए </w><w> मैच </w><w> फिक्सिंग </w><w> के </w><w> आरोपों </w><w> की </w><w> जांच </w><w> में </w><name-arg id="20"><w> शमी </w></name-arg><w> को </w><w> निर्दोष </w><w> पाया </w><w> था। </w><w> इसके </w><w> बाद </w><w> सीओए </w><w> ने </w><w> बीसीसीआई </w><w> से </w><name-arg id="21"><w> शमी </w></name-arg><w> को </w><w> ग्रेड-बी </w><w> के </w><w> तहत </w><w> केंद्रीय </w><w> अनुबंध </w><w> में </w><w> शामिल </w><w> करने </w><w> को </w><w> कहा </w><w> था। </w></p></document>