<?xml version="1.0" encoding="UTF-8"?>
<document><p><reason-arg id="30"><link event_arg="0" id="36" type_rel="EVENT_ARG"/><w> धार्मिक </w><w> नेता </w><w> की </w><w> हत्या </w></reason-arg><w> के </w><w> बाद </w><place-arg id="14"><link event_arg="0" id="35" type_rel="EVENT_ARG"/><w> प. </w><w> बंगाल </w></place-arg><w> में </w><man_made_event id="0" type="RIOTS"><w> दंगा </w></man_made_event></p><p><reason-arg id="31"><link event_arg="1" id="37" type_rel="EVENT_ARG"/><w> एक </w><w> धार्मिक </w><w> नेता </w><w> की </w><w> हत्या </w></reason-arg><w> के </w><w> बाद </w><w> भड़के </w><man_made_event id="1" type="RIOTS"><event-coref-link event_id="0" id="62" type_rel="EVENT_COREF"></event-coref-link><w> दंगों </w></man_made_event><w> में </w><place-arg id="15"><link event_arg="1" id="38" type_rel="EVENT_ARG"/><w> पश्चिम </w><w> बंगाल </w></place-arg><w> की </w><w> राजधानी </w><place-arg id="16"><link event_arg="1" id="39" type_rel="EVENT_ARG"/><w> कोलकाता </w><w> से </w><w> महज </w><w> 30 </w><w> किमी </w><w> दूर </w></place-arg><man_made_event id="3" type="RIOTS"><link event_arg="1" id="40" type_rel="EVENT_ARG"/><w> 200 </w><w> घरों </w><w> को </w><w> जला </w><w> दिया </w></man_made_event><w> गया </w><w> और </w><w> समुदाय </w><w> विशेष </w><w> की </w><man_made_event id="4" type="RIOTS"><event-coref-link event_id="0" id="63" type_rel="EVENT_COREF"></event-coref-link><w> दर्जनों </w><w> दुकानों </w><w> में </w><w> लूटपाट </w></man_made_event><w> की </w><w> गई। </w><w> मामले </w><w> में </w><w> कार्रवाई </w><w> न </w><w> होने </w><w> के </w><w> कारण </w><w> पुलिस </w><w> पर </w><w> भी </w><w> लापरवाही </w><w> बरतने </w><w> के </w><w> आरोप </w><w> लग </w><w> रहे </w><w> हैं। </w><w> जानकारी </w><w> के </w><w> मुताबिक, </w><w> राज्य </w><w> के </w><place-arg id="19"><link event_arg="1" id="45" type_rel="EVENT_ARG"/><w> दक्षिणी </w><w> 24 </w><w> परगना </w><w> जिले </w></place-arg><w> में </w><w> 18-19 </w><w> फरवरी </w><w> की </w><w> रात </w><reason-arg id="32"><link event_arg="1" id="44" type_rel="EVENT_ARG"/><w> दो </w><w> धार्मिक </w><w> नेताओं </w><w> पर </w><w> जानलेवा </w><w> हमला </w></reason-arg><w> किया </w><w> गया, </w><w> जिसमें </w><reason-arg id="33"><link event_arg="4" id="43" type_rel="EVENT_ARG"/><w> एक </w><w> की </w><w> मौके </w><w> पर </w><w> ही </w><w> मौत </w></reason-arg><w> हो </w><w> गई, </w><w> जबकि </w><reason-arg id="34"><link event_arg="1" id="46" type_rel="EVENT_ARG"/><w> दूसरा </w><w> गंभीर </w><w> रूप </w><w> से </w><w> घायल </w></reason-arg><w> हो </w><w> गया। </w><w> ये </w><w> दोनों </w><w> एक </w><w> धार्मिक </w><w> कार्यक्रम </w><w> में </w><w> भाग </w><w> लेकर </w><w> मोटरसाइकिल </w><w> से </w><w> लौट </w><w> रहे </w><w> थे। </w><w> इसके </w><w> तुरंत </w><w> बाद </w><w> अफवाह </w><w> उड़ी </w><w> की </w><w> हत्या </w><w> में </w><w> एक </w><w> संगठन </w><w> विशेष </w><w> का </w><w> हाथ </w><w> है, </w><w> जिसके </w><w> बाद </w><w> गत </w><time-arg id="11"><link event_arg="2" id="48" type_rel="EVENT_ARG"/><w> 19 </w><w> फरवरी </w></time-arg><w> को </w><w> जिले </w><w> के </w><place-arg id="17"><link event_arg="2" id="49" type_rel="EVENT_ARG"/><w> केनिंग </w><w> थाना </w><w> क्षेत्र </w></place-arg><w> के </w><place-arg id="18"><link event_arg="2" id="50" type_rel="EVENT_ARG"/><w> नलियाखली, </w></place-arg><place-arg id="20"><link event_arg="2" id="51" type_rel="EVENT_ARG"/><w> हीरोभंगा, </w></place-arg><place-arg id="21"><link event_arg="2" id="52" type_rel="EVENT_ARG"/><w> गोपालपुर </w></place-arg><w> और </w><place-arg id="22"><link event_arg="2" id="53" type_rel="EVENT_ARG"/><w> गोलडोगरा </w><w> गांवों </w></place-arg><w> में </w><man_made_event id="13" type="RIOTS"><link event_arg="2" id="47" type_rel="EVENT_ARG"/><w> लूटपाट </w><w> और </w><w> आगजनी </w></man_made_event><w> की </w><w> गई। </w><man_made_event id="2" type="RIOTS"><event-coref-link event_id="0" id="64" type_rel="EVENT_COREF"></event-coref-link><w> आगजनी </w></man_made_event><w> में </w><man_made_event id="5" type="RIOTS"><event-coref-link event_id="0" id="65" type_rel="EVENT_COREF"></event-coref-link><w> 200 </w><w> घरों </w><w> को </w><w> जला </w><w> दिया </w><w> गया </w></man_made_event><w> और </w><man_made_event id="6" type="RIOTS"><event-coref-link event_id="0" id="66" type_rel="EVENT_COREF"></event-coref-link><w> 750 </w><w> घरों </w><w> पर </w><w> हमले </w></man_made_event><w> हुए। </w><w> एक </w><w> समुदाय </w><w> विशेष </w><w> के </w><w> लोगों </w><w> को </w><w> इलाके </w><w> को </w><w> छोड़ </w><w> कर </w><w> भागना </w><w> पड़ा। </w><w> स्थानीय </w><w> रिपोर्ट </w><w> के </w><w> मुताबिक, </w><participant-arg id="26"><link event_arg="7" id="55" type_rel="EVENT_ARG"/><w> उपद्रवियों </w></participant-arg><w> को </w><w> रोकने </w><w> का </w><w> प्रयास </w><w> कर </w><w> रहे </w><participant-arg id="27"><link event_arg="7" id="54" type_rel="EVENT_ARG"/><w> पुलिसकर्मियों </w></participant-arg><w> पर </w><w> भी </w><man_made_event id="7" type="RIOTS"><event-coref-link event_id="0" id="67" type_rel="EVENT_COREF"></event-coref-link><w> हमले </w></man_made_event><w> किए </w><w> गए, </w><w> जिनमें </w><casualties-arg id="70"><link event_arg="7" id="71" type_rel="EVENT_ARG"/><w> दो </w><w> पुलिस </w><w> अधिकारी </w><w> घायल </w></casualties-arg><w> हो </w><w> गए। </w><man_made_event id="9" type="RIOTS"><event-coref-link event_id="0" id="68" type_rel="EVENT_COREF"></event-coref-link><w> पुलिस </w><w> के </w><w> कई </w><w> वाहन </w><w> भी </w><w> जला </w></man_made_event><w> दिए </w><w> गए। </w><participant-arg id="28"><link event_arg="8" id="56" type_rel="EVENT_ARG"/><w> दंगाइयों </w></participant-arg><w> ने </w><place-arg id="23"><link event_arg="8" id="58" type_rel="EVENT_ARG"/><w> भंगनखली, </w></place-arg><place-arg id="24"><link event_arg="8" id="59" type_rel="EVENT_ARG"/><w> प्रियोर </w><w> मोड़ </w></place-arg><w> और </w><place-arg id="25"><link event_arg="8" id="60" type_rel="EVENT_ARG"/><w> नौतनहाट </w></place-arg><w> में </w><w> चक्कजाम </w><w> भी </w><w> किया, </w><w> जिसके </w><w> बाद </w><w> इलाके </w><w> में </w><w> रैपिड </w><w> एक्शन </w><w> फोर्स </w><w> को </w><w> तैनात </w><w> करना </w><w> पड़ा। </w><time-arg id="12"><link event_arg="8" id="57" type_rel="EVENT_ARG"/><w> 19,20,21 </w><w> फरवरी </w></time-arg><w> को </w><w> हुए </w><man_made_event id="8" type="RIOTS"><event-coref-link event_id="0" id="69" type_rel="EVENT_COREF"></event-coref-link><w> दंगों </w></man_made_event><w> में </w><w> पुलिस </w><w> पर </w><w> लापरवाही </w><w> बरतने </w><w> के </w><w> आरोप </w><w> भी </w><w> लगे। </w><w> पुलिस </w><w> पर </w><w> यह </w><w> आरोप </w><w> लगाया </w><w> गया </w><w> कि </w><w> उसने </w><w> मामले </w><w> को </w><w> गंभीरता </w><w> से </w><w> नहीं </w><w> लिया। </w><w> बताया </w><w> जा </w><w> रहा </w><w> है </w><w> कि </w><participant-arg id="29"><link event_arg="8" id="61" type_rel="EVENT_ARG"/><w> दंगाई </w></participant-arg><w> एक </w><w> ट्रक </w><w> में </w><w> भरकर </w><w> कोलकाता </w><w> से </w><w> आए </w><w> थे। </w><w> इस </w><w> बात </w><w> की </w><w> पुष्टि </w><w> खुफिया </w><w> एजेंसियों </w><w> ने </w><w> भी </w><w> की, </w><w> लेकिन </w><w> पुलिस </w><w> ने </w><w> इसे </w><w> रोकने </w><w> का </w><w> प्रयास </w><w> नहीं </w><w> किया। </w><w> फिलहाल </w><w> इलाके </w><w> में </w><w> स्थिति </w><w> तनावपूर्ण </w><w> लेकिन </w><w> शांत </w><w> बनी </w><w> हुई </w><w> है। </w></p></document>