<?xml version="1.0" encoding="UTF-8"?>
<document><desc></desc><time>669</time><p><w> बुरी </w><w> तरह </w><w> से </w><w> क्षतिग्रस्‍तइंदौर </w><w> से </w><w> पटना </w><w> जा </w><w> रही </w><participant-arg id="37"><link event_arg="0" id="38" type_rel="EVENT_ARG"/><w> इंदौर-पटना </w><w> एक्सप्रेस </w></participant-arg><time-arg id="4"><link event_arg="0" id="39" type_rel="EVENT_ARG"/><w> आज </w></time-arg><man_made_event id="0" type="TRANSPORT_HAZARDS"><event-coref-link event_id="2" id="28" type_rel="EVENT_COREF"></event-coref-link><w> हादसे </w></man_made_event><w> का </w><w> शिकार </w><w> हो </w><w> गई। </w><place-arg id="6"><link event_arg="2" id="40" type_rel="EVENT_ARG"/><w> कानपुर </w><w> से </w><w> 40 </w><w> किलोमीटर </w><w> दूर </w><w> पुखराया </w></place-arg><w> में </w><participant-arg id="7"><link event_arg="2" id="41" type_rel="EVENT_ARG"/><w> इंदौर-पटना </w><w> एक्‍सप्रेस </w><w> के </w><w> 14 </w><w> डिब्बे </w></participant-arg><man_made_event id="2" type="TRANSPORT_HAZARDS"><w> पटरी </w><w> से </w><w> उतर </w><w> गए। </w></man_made_event><w> यह </w><man_made_event id="3" type="TRANSPORT_HAZARDS"><event-coref-link event_id="2" id="29" type_rel="EVENT_COREF"></event-coref-link><w> हादसा </w></man_made_event><time-arg id="5"><link event_arg="3" id="42" type_rel="EVENT_ARG"/><w> तड़के </w><w> करीब </w><w> 3.10 </w><w> बजे </w></time-arg><w> हुआ। </w><w> लगभग </w><w> सभी </w><w> यात्री </w><w> गहरी </w><w> नींद </w><w> में </w><w> सोए </w><w> थे। </w><w> इस </w><man_made_event id="9" type="TRANSPORT_HAZARDS"><event-coref-link event_id="2" id="30" type_rel="EVENT_COREF"></event-coref-link><w> हादसे </w></man_made_event><w> में </w><participant-arg id="8"><link event_arg="9" id="43" type_rel="EVENT_ARG"/><w> GS,GS,A1,B1, </w><w> B2, </w><w> B3, </w><w> BE,S1,S2,S3, </w><w> S4, </w><w> S5,S6 </w><w> कोच </w></participant-arg><w> बुरी </w><w> तरह </w><w> से </w><w> क्षतिग्रस्‍त </w><w> हुए </w><w> हैं। </w><w> इस </w><w> बड़े </w><man_made_event id="10" type="TRANSPORT_HAZARDS"><event-coref-link event_id="2" id="31" type_rel="EVENT_COREF"></event-coref-link><w> हादसे </w></man_made_event><w> की </w><w> जानकारी </w><w> मिलते </w><w> ही </w><after_effects-arg id="16"><link event_arg="10" id="44" type_rel="EVENT_ARG"/><w> पुलिस </w><w> प्रशासन </w><w> व </w><w> रेल </w><w> प्रशासन </w><w> के </w><w> अधिकारी </w><w> मौके </w><w> पर </w></after_effects-arg><w> पहुंचे। </w><after_effects-arg id="17"><link event_arg="10" id="45" type_rel="EVENT_ARG"/><w> स्‍वास्‍थ्‍य </w><w> विभाग </w><w> की </w><w> टीमें </w><w> भी </w><w> पहुंच </w></after_effects-arg><w> गई </w><w> थीं। </w><w> संख्‍या </w><w> बढ </w><w> सकतीघायलों </w><w> को </w><w> इलाज </w><w> के </w><w> लिए </w><after_effects-arg id="18"><link event_arg="10" id="46" type_rel="EVENT_ARG"/><w> एंबुलेंस </w><w> बुलाकर </w><w> कई </w><w> जिलों </w><w> के </w><w> अस्पतालों </w><w> में </w><w> भेजा </w></after_effects-arg><w> जा </w><w> चुका </w><w> है। </w><w> कानपुर </w><w> नगर </w><w> के </w><after_effects-arg id="19"><link event_arg="10" id="47" type_rel="EVENT_ARG"/><w> हैलट, </w><w> पुखरायां </w><w> सीएचसी, </w><w> लोको </w><w> अस्पताल, </w><w> उरई  </w><w> के </w><w> अस्‍पतालों </w><w> में </w><w> इलाज </w></after_effects-arg><w> हो </w><w> रहा </w><w> है। </w><w> वहीं </w><w> बोगी </w><w> में </w><w> फंसे </w><after_effects-arg id="20"><link event_arg="10" id="48" type_rel="EVENT_ARG"/><w> यात्रियों </w><w> को </w><w> बोगी </w><w> काट </w><w> काटकर </w><w> बाहर </w><w> निकाला </w><w> जा </w></after_effects-arg><w> रहा </w><w> है। </w><after_effects-arg id="21"><link event_arg="10" id="49" type_rel="EVENT_ARG"/><w> एनडीआरएफ </w><w> व </w><w> एयरफोर्स </w><w> के </w><w> डाक्टरों </w><w> की </w><w> टीम </w><w> राहत </w><w> कार्य </w></after_effects-arg><w> में </w><w> लगी </w><w> हुई </w><w> हैं। </w><w> अब </w><w> तक </w><w> इस </w><w> दर्दनाक </w><man_made_event id="11" type="TRANSPORT_HAZARDS"><event-coref-link event_id="2" id="32" type_rel="EVENT_COREF"></event-coref-link><w> हादसे </w></man_made_event><w> में </w><w> करीब </w><w> अब </w><w> तक </w><casualties-arg id="22"><link event_arg="11" id="50" type_rel="EVENT_ARG"/><w> 100 </w><w> से </w><w> अधिक </w><w> यात्रियों </w></casualties-arg><w> की </w><w> मौत </w><w> हो </w><w> चुकी </w><w> है। </w><w> वहीं </w><w> वहीं </w><casualties-arg id="23"><link event_arg="11" id="51" type_rel="EVENT_ARG"/><w> 200 </w><w> से </w><w> अधिक </w><w> यात्री </w></casualties-arg><w> घायल </w><w> हैं। </w><w> मृतकों </w><w> व </w><w> घायलों </w><w> की </w><w> संख्‍या </w><w> अभी </w><w> और </w><w> बढ </w><w> सकती </w><w> है। </w><w> पीएम </w><w> ने </w><w> जताया </w><w> दुखवहीं </w><w> इस </w><man_made_event id="12" type="TRANSPORT_HAZARDS"><event-coref-link event_id="2" id="33" type_rel="EVENT_COREF"></event-coref-link><w> हादसे </w></man_made_event><w> को </w><w> लेकर </w><w> प्रधानमंत्री </w><w> नरेंद्र </w><w> मोदी </w><w> ने </w><w> गहरा </w><w> दुख </w><w> व्‍यक्‍त </w><w> किया </w><w> है। </w><w> उनका </w><w> कहना </w><w> है </w><w> कि </w><w> एक्सप्रेस </w><w> के </w><w> पटरी </w><w> से </w><w> उतरने </w><w> के </w><w> कारण </w><w> हुई </w><w> मौतों </w><w> को </w><w> लेकर </w><w> हो </w><w> रहे </w><w> दुख </w><w> को </w><w> शब्दों </w><w> में </w><w> बयां </w><w> नहीं </w><w> कर </w><w> सकते। </w><w> उनकी </w><w> संवेदनाएं </w><w> शोकाकुल </w><w> परिवारों </w><w> के </w><w> साथ </w><w> हैं। </w><w> इस </w><man_made_event id="13" type="TRANSPORT_HAZARDS"><event-coref-link event_id="2" id="34" type_rel="EVENT_COREF"></event-coref-link><w> हादसे </w></man_made_event><w> में </w><w> मारे </w><w> गए </w><w> लोगों </w><w> के </w><w> परिजन </w><w> के </w><w> लिए </w><w> प्रधानमंत्री </w><w> राष्ट्रीय </w><w> राहत </w><w> कोष </w><w> से </w><after_effects-arg id="24"><link event_arg="13" id="52" type_rel="EVENT_ARG"/><w> 2-2 </w><w> लाख </w><w> रुपये </w></after_effects-arg><w> व </w><w> घायलों </w><w> को </w><after_effects-arg id="25"><link event_arg="13" id="53" type_rel="EVENT_ARG"/><w> 50-50 </w><w> हजार </w><w> रुपये </w></after_effects-arg><w> देने </w><w> का </w><w> ऐलान </w><w> किया। </w><w> वहीं </w><w> मुख्यमंत्री </w><w> अखिलेश </w><w> यादव </w><w> ने </w><w> भी </w><w> दुख </w><w> जताया </w><w> है। </w><w> उन्‍होंने </w><w> भी </w><after_effects-arg id="26"><link event_arg="13" id="54" type_rel="EVENT_ARG"/><w> मृतकों </w><w> के </w><w> परिजनों </w><w> को </w><w> पांच-पांच </w><w> लाख </w><w> की </w><w> मदद </w></after_effects-arg><w> की </w><w> घोषणा </w><w> की। </w><w> इसके </w><w> अलावा </w><w> घायलों </w><w> की </w><w> भी </w><w> हर </w><w> संभव </w><w> मदद </w><w> का </w><w> ऐलान </w><w> किया </w><w> है। </w><w> जारी </w><w> हुए </w><w> हेल्‍पलाइन </w><w> नंबर </w><w> वहीं </w><w> रेलमंत्री </w><w> सुरेश </w><w> प्रभु </w><w> ने </w><w> भी </w><w> इस </w><man_made_event id="14" type="TRANSPORT_HAZARDS"><event-coref-link event_id="2" id="35" type_rel="EVENT_COREF"></event-coref-link><w> हादसे </w></man_made_event><w> पर </w><w> गहरा </w><w> दुख </w><w> जताते </w><w> हुए। </w><w> इसकी </w><after_effects-arg id="55"><link event_arg="14" id="56" type_rel="EVENT_ARG"/><w> जांच </w><w> के </w><w> आदेश </w></after_effects-arg><w> दिए </w><w> हैं। </w><w> इस </w><man_made_event id="15" type="TRANSPORT_HAZARDS"><event-coref-link event_id="2" id="36" type_rel="EVENT_COREF"></event-coref-link><w> हादसे </w></man_made_event><w> के </w><w> बाद </w><w> रेलवे </w><w> की </w><w> ओर </w><after_effects-arg id="27"><link event_arg="15" id="57" type_rel="EVENT_ARG"/><w> हेल्पलाइन </w><w> नंबर </w><w> जारी </w></after_effects-arg><w> किए </w><w> गए </w><w> हैं। </w><w> झांसी-05101072, </w><w> उरई-051621072, </w><w> कानपुर-05121072, </w><w> पुखरायां-05113-270239-1, </w><w> पटना-0612-2202290 </w><w> अादि </w><w> हैं। </w><w> इन </w><w> पर </w><w> संपर्क </w><w> किया </w><w> जा </w><w> सकता </w><w> है। </w></p></document>