<?xml version="1.0" encoding="UTF-8"?>
<document><desc></desc><time>894</time><p><w> मौत </w><w> का </w><natural_event id="0" type="TORNADO"><event-coref-link event_id="5" id="17" type_rel="EVENT_COREF"></event-coref-link><w> बवंडर... </w></natural_event><w> 2 </w><w> घंटे </w><w> में </w><casualties-arg id="1"><link event_arg="0" id="3" type_rel="EVENT_ARG"/><w> 22 </w><w> लोगों </w><w> की </w><w> मौत, </w></casualties-arg><speed-arg id="15"><link event_arg="0" id="16" type_rel="EVENT_ARG"/><w> 100 </w><w> किमी </w><w> प्रति </w><w> घंटा </w><w> तक </w><w> थी </w><w> रफ्तार </w></speed-arg></p><p><place-arg id="9"><link event_arg="5" id="19" type_rel="EVENT_ARG"/><w> जयपुर. </w><w> प्रदेश </w><w> के </w><w> चार </w><w> जिलों </w></place-arg><w> में </w><natural_event id="5" type="TORNADO"><w> बवंडर </w></natural_event><w> ने </w><time-arg id="10"><link event_arg="5" id="20" type_rel="EVENT_ARG"/><w> बुधवार </w></time-arg><w> को </w><w> जमकर </w><w> तबाही </w><w> मचाई। </w><w> इस </w><w> दौरान </w><w> हुए </w><w> हादसों </w><w> में </w><casualties-arg id="11"><link event_arg="5" id="21" type_rel="EVENT_ARG"/><w> 22 </w><w> लोगों </w><w> की </w><w> मौत </w></casualties-arg><w> हो </w><w> गई। </w><casualties-arg id="12"><link event_arg="5" id="22" type_rel="EVENT_ARG"/><w> भरतपुर </w><w> में </w><w> 11, </w><w> धौलपुर </w><w> में </w><w> 6, </w><w> अलवर </w><w> में </w><w> 4 </w><w> और </w><w> झुंझुनूं </w><w> में </w><w> एक </w><w> की </w><w> मौत </w></casualties-arg><w> हुई। </w><time-arg id="13"><link event_arg="5" id="33" type_rel="EVENT_ARG"/><w> शाम </w><w> करीब </w><w> 6 </w><w> बजे </w></time-arg><w> आए </w><w> इस </w><natural_event id="6" type="TORNADO"><event-coref-link event_id="5" id="18" type_rel="EVENT_COREF"></event-coref-link><w> बवंडर </w></natural_event><w> की </w><w> गति </w><speed-arg id="14"><link event_arg="6" id="23" type_rel="EVENT_ARG"/><w> 100 </w><w> किमी </w><w> प्रति </w><w> घंटे </w></speed-arg><w> की </w><w> रही। </w><w> इन </w><w> जिलों </w><w> में </w><w> देर </w><w> रात </w><w> तक </w><w> बिजली </w><w> गुल </w><w> रही। </w><casualties-arg id="24"><link event_arg="6" id="28" type_rel="EVENT_ARG"/><w> 100 </w><w> से </w><w> अधिक </w><w> लोग </w><w> घायल </w></casualties-arg><w> हुए। </w><place-arg id="25"><link event_arg="6" id="29" type_rel="EVENT_ARG"/><w> अलवर </w></place-arg><w> में </w><reason-arg id="26"><link event_arg="6" id="30" type_rel="EVENT_ARG"/><w> तूफान </w></reason-arg><w> से </w><casualties-arg id="27"><link event_arg="6" id="31" type_rel="EVENT_ARG"/><w> कई </w><w> मकानों </w><w> के </w><w> टीनशेड </w><w> और </w><w> छतों </w><w> पर </w><w> रखी </w><w> पानी </w><w> की </w><w> टंकियां </w><w> उड़ </w><w> गई। </w><w> यहां </w><w> एक </w><w> बालिका </w><w> सहित </w><w> 3 </w><w> लोगों </w><w> की </w><w> मौत </w><w> हो </w><w> गई </w><w> और </w><w> 20 </w><w> लोग </w><w> घायल </w><w> हो </w><w> गए। </w><w> हजारों </w><w> पेड़ </w><w> और </w><w> बिजली </w><w> के </w><w> पोल </w><w> धराशायी </w><w> हो </w><w> गए। </w><w> कई </w><w> जगह </w><w> सड़कों </w><w> पर </w><w> और </w><w> रेलवे </w><w> ट्रैक </w><w> पर </w><w> पेड़ </w><w> व </w><w> पोल </w><w> गिरने </w><w> से </w><w> यातायात </w><w> व्यवस्था </w><w> ठप </w><w> रही।  </w></casualties-arg></p><p><w>   </w></p><p><w> ऐसा </w><w> था </w><natural_event id="7" type="TORNADO"><event-coref-link event_id="5" id="32" type_rel="EVENT_COREF"></event-coref-link><w> बवंडर </w></natural_event></p><p><w>   </w></p><p><speed-arg id="36"><link event_arg="34" id="37" type_rel="EVENT_ARG"/><w> 38 </w><w> किमी </w><w> घंटा </w></speed-arg><w> की </w><w> गति </w><w> से </w><w> चली </w><natural_event id="34" type="STORM"><w> आंधी </w></natural_event><place-arg id="35"><link event_arg="34" id="38" type_rel="EVENT_ARG"/><w> बीकानेर </w></place-arg><w> में </w></p><p><w> 47 </w><w> डिग्री </w><w> के </w><w> साथ </w><w> बूंदी </w><w> प्रदेश </w><w> का </w><w> सबसे </w><w> गर्म </w><w> शहर </w></p><p><casualties-arg id="39"><link event_arg="7" id="41" type_rel="EVENT_ARG"/><w> 100 </w><w> लोग </w><w> घायल </w></casualties-arg><w> हुए </w><place-arg id="40"><link event_arg="7" id="42" type_rel="EVENT_ARG"/><w> प्रदेशभर </w></place-arg><w> में </w></p><p><w> 500 </w><w> मी. </w><w> विजिबिलिटी </w><w> रह </w><w> गई </w><w> आंधी </w><w> के </w><w> कारण </w></p><p><w>   </w></p><p><w> इस </w><w> कारण </w><w> आते </w><w> हैं </w><natural_event id="8" type="TORNADO"><event-coref-link event_id="5" id="43" type_rel="EVENT_COREF"></event-coref-link><w> बवंडर </w></natural_event></p><p><w>   </w></p><p><w> ज्यादातर </w><w> रेगिस्तान </w><w> भूमध्य </w><w> रेखा </w><w> के </w><w> इर्दगिर्द </w><w> है। </w><w> इस </w><w> क्षेत्र </w><w> में </w><w> वायुमंडलीय </w><w> दबाव </w><w> बहुत </w><w> अधिक </w><w> होता </w><w> है। </w></p><p><w> यह </w><w> दबाव </w><w> ऊंचाई </w><w> पर </w><w> मौजूद </w><w> ठंडी </w><w> शुष्क </w><w> हवा </w><w> को </w><w> जमीन </w><w> तक </w><w> लाता </w><w> है। </w><w> इस </w><w> दौरान </w><w> सूरज </w><w> की </w><w> सीधी </w><w> किरणें </w><w> इस </w><w> हवा </w><w> की </w><w> नमी </w><w> समाप्त </w><w> कर </w><w> देती </w><w> हैं। </w></p><p><w> नमी </w><w> समाप्त </w><w> होने </w><w> से </w><w> यह </w><w> हवा </w><w> बहुत </w><w> गर्म </w><w> हो </w><w> जाती </w><w> है। </w><w> इस </w><w> कारण </w><w> बारिश </w><w> नहीं </w><w> हो </w><w> पाती </w><w> है </w><w> और </w><w> जमीन </w><w> शुष्क </w><w> और </w><w> गर्म </w><w> हो </w><w> जाती </w><w> है। </w></p><p><w> जमीन </w><w> गर्म </w><w> होने </w><w> के </w><w> कारण </w><w> नमी </w><w> के </w><w> अभाव </w><w> में </w><w> धूल </w><w> के </w><w> कणों </w><w> की </w><w> आपस </w><w> में </w><w> पकड़ </w><w> नहीं </w><w> रह </w><w> पाती </w><w> है। </w><w> ऐसे </w><w> में </w><w> ये </w><w> हवा </w><w> के </w><w> साथ </w><w> बहुत </w><w> आसानी </w><w> से </w><w> ऊपर </w><w> उठना </w><w> शुरू </w><w> कर </w><w> देते </w><w> हैं। </w></p><p><w> हवा </w><w> की </w><w> गति </w><w> 40 </w><w> किलोमीटर </w><w> से </w><w> अधिक </w><w> होने </w><w> पर </w><w> ये </w><w> धूल </w><w> कण </w><w> एक </w><w> बवंडर </w><w> का </w><w> रूप </w><w> धारण </w><w> कर </w><w> लेते </w><w> हैं। </w></p><p><w> बवंडर </w><w> के </w><w> साथ </w><w> धूल </w><w> के </w><w> कण </w><w> 10 </w><w> से </w><w> 50 </w><w> फीट </w><w> की </w><w> ऊंचाई </w><w> तक </w><w> उठते </w><w> हैं। </w><w> कई </w><w> बार </w><w> ये </w><w> इससे </w><w> भी </w><w> अधिक </w><w> ऊंचाई </w><w> तक </w><w> पहुंच </w><w> जाते </w><w> हैं। </w></p><p><w>   </w></p><p><casualties-arg id="44"><w> 20 </w><w> लोगों </w><w> के </w><w> घायल </w></casualties-arg><w> होने </w><w> की </w><w> सूचना </w></p><p><w>   </w></p><p><w> प्रदेश </w><w> में </w><w> सबसे </w><w> ज्यादा </w><w> तापमान </w><w> 47 </w><w> डिग्री </w><w> सेल्सियस </w><w> बूंदी </w><w> का </w><w> रहा। </w><w> बीकानेर </w><w> जैसलमेर </w><w> व </w><w> कोटा </w><w> का </w><w> तापमान </w><w> भी </w><w> 45 </w><w> डिग्री </w><w> सेल्सियस </w><w> से </w><w> ज्यादा </w><w> रहा। </w><w> वहीं </w><w> पिलानी </w><w> में </w><w> 23.7 </w><w> एमएम </w><w> बारिश </w><w> भी </w><w> दर्ज </w><w> की </w><w> गई। </w></p><p><w> जयपुर </w><w> शहर </w><w> में </w><w> बुधवार </w><w> शाम </w><w> 7 </w><w> बजे </w><w> बाद </w><w> तेज </w><w> हवा </w><w> व </w><w> धूलभरी </w><w> आंधी </w><w> चलने </w><w> लगे। </w><w> तेज </w><w> हवा </w><w> के </w><w> कारण </w><w> बिजली </w><w> लाइनों </w><w> में </w><w> फॉल्ट </w><w> व </w><w> ट्रिपिंग </w><w> हो </w><w> गई। </w><w> इससे </w><w> कई </w><w> इलाकों </w><w> में </w><w> बिजली </w><w> गुल </w><w> रही।  </w></p><p><w> वहीं </w><w> कई </w><w> इलाकों </w><w> में </w><w> हादसे </w><w> की </w><w> आशंका </w><w> के </w><w> कारण </w><w> जयपुर </w><w> डिस्कॉम </w><w> के </w><w> इंजीनियरों </w><w> ने </w><w> बिजली </w><w> बंद </w><w> कर </w><w> दी। </w><w> डिस्कॉम </w><w> के </w><w> कॉल </w><w> सेंटर </w><w> में </w><w> 700 </w><w> से </w><w> ज्यादा </w><w> शिकायतें </w><w> दर्ज </w><w> की </w><w> गई।  </w></p><p><w> लोगों </w><w> ने </w><w> कॉल </w><w> सेंटर </w><w> का </w><w> फोन </w><w> व्यस्त </w><w> रहने </w><w> की </w><w> शिकायत </w><w> भी </w><w> की। </w><w> लोगों </w><w> का </w><w> कहना </w><w> है </w><w> कि </w><w> फोन </w><w> बिजी </w><w> रहने </w><w> के </w><w> कारण </w><w> बिजली </w><w> बंद </w><w> रहने </w><w> की </w><w> शिकायत </w><w> दर्ज </w><w> नहीं </w><w> करवा </w><w> सके। </w><w> ऐसे </w><w> में </w><w> देर </w><w> रात </w><w> तक </w><w> घरों </w><w> में </w><w> बिजली </w><w> गुल </w><w> रही </w></p><p><w> झुंझुनूं </w><w> के </w><w> रवां </w><w> गांव </w><w> में </w><w> अंधड़ </w><w> से </w><w> एक </w><w> निर्माणाधीन </w><w> मकान </w><w> की </w><w> छत </w><w> गिरने </w><w> से </w><w> एक </w><w> व्यक्ति </w><w> की </w><w> मौके </w><w> पर </w><w> ही </w><w> मौत </w><w> हो </w><w> गई। </w><w> बालिका </w><w> सहित </w><w> 5 </w><w> लोग </w><w> घायल </w><w> हो </w><w> गए। </w></p><p><w> इनको </w><w> सिंघाना </w><w> के </w><w> निजी </w><w> अस्पताल </w><w> में </w><w> भर्ती </w><w> कराया। </w><w> एक </w><w> घायल </w><w> को </w><w> जयपुर </w><w> रैफर </w><w> कर </w><w> दिया </w><w> गया। </w></p><p><w> अलवर </w><w> में </w><w> तूफान </w><w> से </w><w> पुरानी </w><w> सब्जी </w><w> मंडी </w><w> में </w><w> पेड़ </w><w> के </w><w> नीचे </w><w> दबने </w><w> से </w><w> बरखेड़ा </w><w> निवासी </w><w> 27 </w><w> साल </w><w> के </w><w> राकेश </w><w> जांगिड़ </w><w> की </w><w> मौत </w><w> हो </w><w> गई। </w><w> बहरोड़ </w><w> में </w><w> एक </w><w> बालिका </w><w> की </w><w> मौत </w><w> हो </w><w> गई। </w></p><p><w> अलवर-रामगढ़ </w><w> रोड </w><w> पर </w><w> सुधासागर </w><w> गोशाला </w><w> के </w><w> पास </w><w> कार </w><w> पर </w><w> पेड़ </w><w> गिरने </w><w> से </w><w> हिंडौन </w><w> निवासी </w><w> मुकेश </w><w> (45) </w><w> की </w><w> मौत </w><w> हुई </w><w> है। </w><w> उसके </w><w> तीन </w><w> साथी </w><w> गंभीर </w><w> रूप </w><w> से </w><w> घायल </w><w> हो </w><w> गए। </w></p><p><w> एडीएम </w><w> सिटी </w><w> महेंद्र </w><w> मीणा </w><w> ने </w><w> बताया </w><w> कि </w><w> तूफान </w><w> से </w><w> हुए </w><w> हादसों </w><w> में </w><w> करीब </w><w> 20 </w><w> लोगों </w><w> के </w><w> घायल </w><w> होने </w><w> की </w><w> सूचना </w><w> है। </w></p><p><w>   </w></p><p><w> आंधी </w><w> ने </w><w> बीकानेर </w><w> में </w><w> 10 </w><w> और </w><w> जयपुर </w><w> में </w><w> 8 </w><w> डिग्री </w><w> पारा </w><w> गिराया </w></p><p><w>   </w></p><p><w> बीकानेर </w><w> में </w><w> 38 </w><w> किमी </w><w> प्रति </w><w> घंटे </w><w> की </w><w> रफ्तार </w><w> से </w><w> आंधी </w><w> चली। </w><w> जिससे </w><w> पारा </w><w> 45 </w><w> डिग्री </w><w> से </w><w> गिरकर </w><w> 35 </w><w> डिग्री </w><w> पर </w><w> आ </w><w> गया। </w></p><p><w> जयपुर </w><w> में </w><w> आंधी </w><w> गति </w><w> 18 </w><w> किलोमीटर </w><w> प्रति </w><w> घंटा </w><w> रही। </w><w> आंधी </w><w> से </w><w> दृश्यता </w><w> 500 </w><w> मीटर </w><w> ही </w><w> रही। </w><w> जयपुर </w><w> में </w><w> पारा </w><w> 42.7 </w><w> डिग्री </w><w> था </w><w> जो </w><w> शाम </w><w> को </w><w> तेज </w><w> हवाओं </w><w> के </w><w> कारण </w><w> 8 </w><w> डिग्री </w><w> सेल्सियस </w><w> कम </w><w> हो </w><w> गया। </w></p><p><w> दूसरी </w><w> ओर, </w><w> बुधवार </w><w> को </w><w> बूंदी </w><w> प्रदेश </w><w> में </w><w> सबसे </w><w> ज्यादा </w><w> गर्म </w><w> रहा। </w><w> यहां </w><w> अधिकतम </w><w> तापमान </w><w> 47 </w><w> डिग्री </w><w> दर्ज </w><w> किया </w><w> गया। </w></p><p><w> जैसलमेर </w><w> व </w><w> कोटा </w><w> का </w><w> तापमान </w><w> भी </w><w> 45 </w><w> डिग्री </w><w> सेल्सियस </w><w> से </w><w> ज्यादा </w><w> रहा। </w><w> वहीं </w><w> पिलानी </w><w> में </w><w> 23.7 </w><w> एमएम </w><w> बारिश </w><w> दर्ज </w><w> की </w><w> गई। </w></p><p><w>   </w></p><p><w>   </w></p><p><w>   </w></p></document>