<?xml version="1.0" encoding="UTF-8"?>
<document><desc></desc><time>1705</time><p><w> राज्य </w><w> ब्यूरो, </w><w> जम्मू।उत्तरी </w><place-arg id="0"><link event_arg="2" id="20" type_rel="EVENT_ARG"/><w> कश्मीर </w><w> के </w><w> कुपवाड़ा </w><w> जिले </w><w> के </w><w> मच्छल </w><w> सेक्टर </w></place-arg><w> में </w><time-arg id="1"><link event_arg="2" id="21" type_rel="EVENT_ARG"/><w> शुक्रवार </w></time-arg><w> को </w><after_effects-arg id="3"><link event_arg="2" id="22" type_rel="EVENT_ARG"/><w> सेना </w><w> की </w><w> एक </w><w> चौकी </w><natural_event id="2" type="AVALANCHES"><w> हिमस्खलन </w></natural_event><w> की </w><w> चपेट </w><w> में </w><w> आ </w><w> गई, </w></after_effects-arg><w> जिसमें </w><casualties-arg id="4"><link event_arg="2" id="23" type_rel="EVENT_ARG"/><w> तीन </w><w> जवान </w><w> शहीद </w><w> और </w><w> एक </w><w> घायल </w></casualties-arg><w> हो </w><w> गया। </w><w> मुख्यमंत्री </w><w> महबूबा </w><w> मुफ्ती </w><w> ने </w><w> तीन </w><w> सैनिकों </w><w> की </w><w> मौत </w><w> पर </w><w> गहरा </w><w> दुख </w><w> जताया </w><w> और </w><w> उनके </w><w> परिवारों </w><w> के </w><w> प्रति </w><w> सहानुभूति </w><w> व्यक्त </w><w> की </w><w> है।उच्च </w><w> पदस्थ </w><w> सूत्रों </w><w> के </w><w> अनुसार, </w><w> शुक्रवार </w><w> शाम </w><w> करीब </w><w> साढ़े </w><w> चार </w><w> बजे </w><w> मच्छल </w><w> सेक्टर </w><w> में </w><w> सोना </w><w> पांडी </w><w> गली </w><w> इलाके </w><w> में </w><w> अचानक </w><natural_event id="6" type="AVALANCHES"><event-coref-link event_id="2" id="32" type_rel="EVENT_COREF"></event-coref-link><w> हिमस्खलन </w></natural_event><w> होने </w><w> से </w><after_effects-arg id="7"><link event_arg="6" id="24" type_rel="EVENT_ARG"/><w> सेना </w><w> की </w><w> 21 </w><w> राजपूत </w><w> रेजीमेंट </w><w> की </w><w> चौकी </w><w> बर्फ </w><w> में </w><w> दब </w><w> गई। </w></after_effects-arg><w> इसके </w><w> साथ </w><w> ही </w><w> पोस्ट </w><w> पर </w><w> तैनात </w><w> चार </w><w> जवान </w><w> भी </w><w> बर्फ </w><w> में </w><w> लापता </w><w> हो </w><w> गए। </w><w> हिमस्खलन </w><w> के </w><w> बाद </w><w> सेना </w><w> ने </w><w> त्वरित </w><w> कार्रवाई </w><w> करते </w><w> हुए </w><w> बर्फ </w><w> में </w><w> दबे </w><w> चारों </w><w> जवानों </w><w> को </w><w> निकाल </w><w> लिया, </w><w> लेकिन </w><w> उनसे </w><w> से </w><casualties-arg id="8"><link event_arg="6" id="25" type_rel="EVENT_ARG"/><w> एक </w><w> मौके </w><w> पर </w><w> ही </w><w> शहीद </w></casualties-arg><w> हो </w><w> चुका </w><w> था। </w><w> अन्य </w><w> तीनों </w><w> जवानों </w><w> को </w><w> तुरंत </w><w> श्रीनगर </w><w> के </w><w> बादामी </w><w> बाग </w><w> स्थित </w><w> 92 </w><w> बेस </w><w> अस्पताल </w><w> ले </w><w> जाया </w><w> गया, </w><w> जहां </w><casualties-arg id="10"><link event_arg="6" id="26" type_rel="EVENT_ARG"/><w> दो </w><w> और </w><w> जवानों </w><w> ने </w><w> दम </w><w> तोड़ </w><w> दिया। </w></casualties-arg><w> चौथे </w><w> जवान </w><w> बिपिन </w><w> की </w><w> हालत </w><w> स्थिर </w><w> बताई </w><w> जा </w><w> रही </w><w> है। </w><natural_event id="11" type="AVALANCHES"><event-coref-link event_id="2" id="33" type_rel="EVENT_COREF"></event-coref-link><w> हिमस्खलन </w></natural_event><w> में </w><w> शहीद </w><w> जवानों </w><w> की </w><w> पहचान </w><w> हवलदार </w><w> कमलेश </w><w> कुमार, </w><w> नायक </w><w> बलवीर </w><w> व </w><w> सिपाही </w><w> राजेन्द्र </w><w> के </w><w> रूप </w><w> में </w><w> हुई </w><w> है। </w><w> हालांकि </w><w> सेना </w><w> ने </w><w> अभी </w><w> अधिकारिक </w><w> रूप </w><w> से </w><w> शहीदों </w><w> के </w><w> नाम </w><w> व </w><w> पते </w><w> जारी </w><w> नहीं </w><w> किए </w><w> हैं। </w><w> सेना </w><w> के </w><w> प्रवक्ता </w><w> के </w><w> अनुसार, </w><w> शहीद </w><w> जवानों </w><w> के </w><w> पार्थिव </w><w> शरीर </w><w> बरामद </w><w> कर </w><w> लिए </w><w> गए </w><w> हैं। </w><w> उल्लेखनीय </w><w> है </w><w> कि </w><time-arg id="12"><link event_arg="13" id="27" type_rel="EVENT_ARG"/><w> बुधवार </w></time-arg><w> को </w><natural_event id="13" type="EARTHQUAKE"><w> भूकंप </w><w> के </w><w> झटके </w></natural_event><w> महसूस </w><w> किए </w><w> जाने </w><w> के </w><w> बाद </w><after_effects-arg id="14"><link event_arg="13" id="28" type_rel="EVENT_ARG"/><w> वीरवार </w><w> को </w><w> कुपवाड़ा </w><w> समेत </w><w> कश्मीर </w><w> के </w><w> नौ </w><w> जिलों </w><w> में </w><w> हिमस्खलन </w><w> का </w><w> अलर्ट </w><w> भी </w><w> जारी </w><w> किया </w></after_effects-arg><w> गया </w><w> था। </w><w> बता </w><w> दें </w><w> कि </w><time-arg id="16"><link event_arg="18" id="29" type_rel="EVENT_ARG"/><w> पिछले </w><w> वर्ष </w><w> दिसंबर </w></time-arg><w> में </w><place-arg id="17"><link event_arg="18" id="30" type_rel="EVENT_ARG"/><w> कुपवाड़ा </w><w> और </w><w> बांडीपोरा </w></place-arg><w> में </w><w> भी </w><natural_event id="18" type="AVALANCHES"><w> हिमस्खलन </w><w> की </w><w> दो </w><w> घटनाएं </w></natural_event><w> हुई </w><w> थीं, </w><w> जिसमें </w><w> सेना </w><w> के </w><casualties-arg id="19"><link event_arg="18" id="31" type_rel="EVENT_ARG"/><w> पांच </w><w> जवान </w><w> लापता </w><w> हो </w><w> गए </w></casualties-arg><w> थे। </w><w> बाद </w><w> में </w><w> सेना </w><w> ने </w><w> उनकी </w><w> तलाश </w><w> में </w><w> बड़े </w><w> पैमाने </w><w> पर </w><w> रेस्क्यू </w><w> ऑपरेशन </w><w> चलाया </w><w> था। </w><w> बाद </w><w> में </w><w> पांचों </w><w> जवानों </w><w> के </w><w> पार्थिव </w><w> शरीर </w><w> बरामद </w><w> किए </w><w> गए </w><w> थे। </w></p></document>