<?xml version="1.0" encoding="UTF-8"?>
<document><desc></desc><time>575</time><p><w> राज्य </w><w> ब्यूरो, </w><w> जम्मू </w><w> : </w><place-arg id="3"><link event_arg="0" id="7" type_rel="EVENT_ARG"/><w> उत्तरी </w><w> कश्मीर </w><w> के </w><w> केरन </w><w> के </w><w> परखिन </w></place-arg><w> में </w><casualties-arg id="4"><link event_arg="0" id="8" type_rel="EVENT_ARG"/><w> बॉर्डर </w><w> रोड </w><w> आर्गेनाइजेशन </w><w> का </w><name-arg id="1"><w> स्नो </w><w> कटर </w></name-arg><natural_event id="0" type="BLIZZARD"><w> बर्फीले </w><w> तूफान </w></natural_event><w> में </w><w> घायल </w></casualties-arg><w> हो </w><w> गया। </w><w> उसकी </w><w> पहचान </w><w> अमनदीप </w><w> के </w><w> रूप </w><w> में </w><w> हुई </w><w> है। </w><w> उसे </w><w> इलाज </w><w> के </w><w> लिए </w><w> अस्पताल </w><w> में </w><w> भर्ती </w><w> करवाया </w><w> गया </w><w> है। </w><w> इस </w><w> दौरान </w><casualties-arg id="5"><link event_arg="0" id="6" type_rel="EVENT_ARG"/><w> दो </w><w> श्रमिकों </w><w> शकूर </w><w> अहमद </w><w> पिसवाल </w><w> और </w><w> मोहमम्द </w><w> सुमंदर </w><w> मीर </w><w> को </w><w> भी </w><w> चोटें </w></casualties-arg><w> आई। </w><w> दोनों </w><w> की </w><w> हालत </w><w> स्थिर </w><w> है। </w></p></document>