<?xml version="1.0" encoding="UTF-8"?>
<document><desc></desc><time>4173</time><p><w> श्रीनगर, </w><w> [जागरण </w><w> न्यूज </w><w> नेटवर्क]। </w><place-arg id="0"><link event_arg="2" id="16" type_rel="EVENT_ARG"/><w> उत्तरी </w><w> कश्मीर </w><w> के </w><w> कुपवाड़ा </w><w> जिले </w><w> के </w><w> टंगधार </w><w> में </w><w> साधनाटॉप </w><w> के </w><w> पास </w></place-arg><time-arg id="1"><link event_arg="2" id="17" type_rel="EVENT_ARG"/><w> शुक्रवार </w></time-arg><w> को </w><w> हुए </w><natural_event id="2" type="AVALANCHES"><w> हिमस्खलन </w></natural_event><w> में </w><casualties-arg id="3"><link event_arg="2" id="18" type_rel="EVENT_ARG"/><w> तीन </w><w> वाहन </w><w> बर्फ </w><w> में </w><w> दब </w><w> गए। </w></casualties-arg><w> इसमें </w><casualties-arg id="4"><link event_arg="5" id="19" type_rel="EVENT_ARG"/><w> एक </w><w> बीकन </w><w> कर्मचारी </w><w> की </w><w> मौत </w></casualties-arg><w> हो </w><w> गई </w><w> और </w><casualties-arg id="5"><link event_arg="2" id="20" type_rel="EVENT_ARG"/><w> नौ </w><w> लोग </w><w> अभी </w><w> लापता </w></casualties-arg><w> बताए </w><w> जा </w><w> रहे </w><w> हैं। </w><w> बर्फ </w><w> में </w><w> दबे </w><casualties-arg id="6"><link event_arg="2" id="21" type_rel="EVENT_ARG"/><w> तीनों </w><w> वाहनों </w><w> का </w><w> भी </w><w> कोई </w><w> सुराग </w><w> नहीं </w><w> मिल </w><w> पा </w><w> रहा </w></casualties-arg><w> है। </w><w> वहीं </w><w> एक </w><w> बच्चे </w><w> समेत </w><w> दो </w><w> लोगों </w><w> को </w><w> बचा </w><w> लिया </w><w> गया </w><w> है। </w><w> सेना, </w><w> बीकन </w><w> विभाग </w><w> व </w><w> पुलिस </w><w> का </w><w> युद्धस्तर </w><w> पर </w><w> राहत </w><w> अभियान </w><w> जारी </w><w> है </w><w> लेकिन </w><w> खराब </w><w> मौसम </w><w> बाधा </w><w> बना </w><w> हुआ </w><w> है। </w></p><p><w> कुपवाड़ा </w><w> से </w><casualties-arg id="9"><link event_arg="7" id="22" type_rel="EVENT_ARG"/><w> सात </w><w> स्थानीय </w><w> लोगों </w></casualties-arg><w> को </w><w> लेकर </w><w> टंगधार </w><w> जा </w><w> रही </w><w> लाल </w><w> रंग </w><w> की </w><w> सूमो </w><w> (जेके09ए-3249) </w><w> जब </w><place-arg id="8"><link event_arg="7" id="23" type_rel="EVENT_ARG"/><w> साधनाटॉप </w><w> इलाके </w></place-arg><w> से </w><w> गुजर </w><w> रही </w><w> थी </w><w> तो </w><w> पहाड़ </w><w> से </w><w> हुए </w><natural_event id="7" type="AVALANCHES"><w> हिमस्खलन </w></natural_event><w> की </w><w> चपेट </w><w> में </w><w> आने </w><w> से </w><casualties-arg id="11"><link event_arg="7" id="24" type_rel="EVENT_ARG"/><w> वह </w><w> नीचे </w><w> जा </w><w> गिरी </w><w> और </w><w> बर्फ </w><w> में </w><w> दब </w><w> गई। </w></casualties-arg><w> इस </w><w> वाहन </w><w> के </w><w> पीछे </w><w> आ </w><w> रहे </w><casualties-arg id="12"><link event_arg="7" id="25" type_rel="EVENT_ARG"/><w> एक </w><w> अन्य </w><w> यात्री </w><w> वाहन </w><w> में </w><w> सवार </w><w> एक </w><w> बच्चे </w><w> सहित </w><w> तीन </w><w> लोगों </w></casualties-arg><w> ने </w><w> जब </w><w> अपने </w><w> सामने </w><w> यह </w><w> हादसा </w><w> होते </w><w> देखा </w><w> तो </w><w> बचाने </w><w> के </w><w> लिए </w><w> आगे </w><w> बढ़े, </w><w> लेकिन </w><w> पहाड़ </w><w> से </w><w> हुए </w><natural_event id="14" type="AVALANCHES"><event-coref-link event_id="7" id="28" type_rel="EVENT_COREF"></event-coref-link><w> हिमस्खलन </w></natural_event><w> की </w><w> चपेट </w><w> में </w><w> आने </w><w> से </w><casualties-arg id="13"><link event_arg="14" id="26" type_rel="EVENT_ARG"/><w> वह </w><w> भी </w><w> बर्फ </w><w> में </w><w> दब </w><w> गए। </w></casualties-arg><w> इसी </w><w> दौरान </w><w> टंगमर्ग </w><w> से </w><w> कुपवाड़ा </w><w> जा </w><w> रहा </w><w> बीकन </w><w> विभाग </w><w> का </w><w> एक </w><w> अन्य </w><w> वाहन </w><w> भी </w><w> हिमस्खलन </w><w> की </w><w> चपेट </w><w> में </w><w> आ </w><w> गया। </w><w> इसमें </w><w> सवार </w><w> दो </w><w> बीकन </w><w> कर्मियों </w><w> में </w><w> एक </w><w> की </w><w> मौके </w><w> पर </w><w> ही </w><w> मौत </w><w> हो </w><w> गई, </w><w> जबकि </w><w> दूसरा </w><w> गंभीर </w><w> रूप </w><w> से </w><w> घायल </w><w> हो </w><w> गया। </w><w> तीन </w><w> वाहनों </w><w> के </w><natural_event id="15" type="AVALANCHES"><event-coref-link event_id="7" id="27" type_rel="EVENT_COREF"></event-coref-link><w> हिमस्खलन </w></natural_event><w> की </w><w> चपेट </w><w> में </w><w> आने </w><w> की </w><w> जानकारी </w><w> मिलते </w><w> ही </w><w> स्थानीय </w><w> लोगों </w><w> ने </w><w> पुलिस </w><w> को </w><w> सूचित </w><w> किया।  </w></p><p><w>   </w></p><p><w>  इसके </w><w> बाद </w><w> बर्फ </w><w> में </w><w> दबे </w><w> लोगों </w><w> को </w><w> तलाशने </w><w> के </w><w> लिए </w><w> युद्धस्तर </w><w> पर </w><w> अभियान </w><w> शुरू </w><w> हुआ। </w><w> काफी </w><w> मशक्कत </w><w> व </w><w> विपरीत </w><w> मौसमी </w><w> परिस्थितियों </w><w> के </w><w> बीच </w><w> सात </w><w> साल </w><w> के </w><w> एक </w><w> बच्चे </w><w> और </w><w> बीकन </w><w> कर्मचारी </w><w> को </w><w> घायल </w><w> हालत </w><w> में </w><w> बाहर </w><w> निकाल </w><w> लिया </w><w> गया। </w><w> बच्चे </w><w> की </w><w> हालत </w><w> स्थिर </w><w> बताई </w><w> जा </w><w> रही </w><w> है। </w><w> कुछ </w><w> देर </w><w> बाद </w><w> एक </w><w> बीकन </w><w> कर्मी </w><w> का </w><w> शव </w><w> भी </w><w> बरामद </w><w> हो </w><w> गया, </w><w> लेकिन </w><w> नौ </w><w> लोगों </w><w> का </w><w> देर </w><w> शाम </w><w> तक </w><w> कोई </w><w> सुराग </w><w> नहीं </w><w> मिला। </w><w> एसपी </w><w> कुपवाड़ा </w><w> शमशेर </w><w> सिंह </w><w> ने </w><w> बताया </w><w> कि </w><w> हिमस्खलन </w><w> में </w><w> मारे </w><w> गए </w><w> बीकन </w><w> कर्मचारी </w><w> की </w><w> पहचान </w><w> (47) </w><w> मंगल </w><w> प्रसाद </w><w> सिंह </w><w> पुत्र </w><w> शिव </w><w> राज </w><w> सिंह, </w><w> निवासी </w><w> अयर </w><w> सरैया, </w><w> वाराणसी, </w><w> उत्तर </w><w> प्रदेश </w><w> के </w><w> रूप </w><w> में </w><w> हुई </w><w> है। बता </w><w> दें </w><w> कि </w><w> कश्मीर </w><w> के </w><w> डिवीजनल </w><w> कमिश्नर </w><w> ने </w><w> बुधवार </w><w> को </w><w> ही </w><w> मौसम </w><w> विभाग </w><w> की </w><w> चेतावनी </w><w> के </w><w> बाद </w><w> क्षेत्र </w><w> में </w><w> हिमस्खलन </w><w> का </w><w> अलर्ट </w><w> जारी </w><w> किया </w><w> था। </w><w> साथ </w><w> ही </w><w> कुपवाड़ा </w><w> समेत </w><w> सभी </w><w> ऊपरी </w><w> इलाकों </w><w> में </w><w> रहने </w><w> वाले </w><w> लोगों </w><w> को </w><w> एहतियात </w><w> बरतने </w><w> की </w><w> सलाह </w><w> भी </w><w> दी </w><w> गई </w><w> थी। </w></p><p><w> कश्मीर </w><w> के </w><w> ऊपरी </w><w> पहाड़ों </w><w> पर </w><w> ताजा </w><w> बर्फबारी </w></p><p><w> कश्मीर </w><w> में </w><w> लंबे </w><w> समय </w><w> से </w><w> चल </w><w> रहा </w><w> शुष्क </w><w> मौसम </w><w> का </w><w> दौर </w><w> शुक्रवार </w><w> को </w><w> समाप्त </w><w> हो </w><w> गया </w><w> और </w><w> गुलमर्ग </w><w> सहित </w><w> वादी </w><w> के </w><w> सभी </w><w> उच्च </w><w> पर्वतीय </w><w> इलाकों </w><w> में </w><w> बर्फबारी </w><w> और </w><w> निचले </w><w> क्षेत्रों </w><w> में </w><w> बारिश </w><w> का </w><w> सिलसिला </w><w> शुरू </w><w> हो </w><w> गया। </w><w> इधर, </w><w> जम्मू </w><w> में </w><w> दिन </w><w> में </w><w> धूप </w><w> निकलने </w><w> से </w><w> थोड़ी </w><w> राहत </w><w> मिली, </w><w> लेकिन </w><w> शाम </w><w> होते </w><w> ही </w><w> फिर </w><w> सर्दी </w><w> से </w><w> जोर </w><w> पकड़ </w><w> लिया।  </w></p><p><w>   </w></p><p><w>  मौसम </w><w> विभाग </w><w> के </w><w> अनुसार, </w><w> अगले </w><w> चौबीस </w><w> घंटों </w><w> के </w><w> दौरान </w><w> वादी </w><w> में </w><w> हिमपात </w><w> जारी </w><w> रहने </w><w> की </w><w> संभावना </w><w> है।मौसम </w><w> विभाग </w><w> ने </w><w> भविष्यवाणी </w><w> की </w><w> थी </w><w> कि </w><w> पांच </w><w> जनवरी </w><w> से </w><w> पश्चिमी </w><w> हवाओं </w><w> के </w><w> सक्रिय </w><w> होने </w><w> से </w><w> मौसम </w><w> बदलेगा। </w><w> हुआ </w><w> भी </w><w> वैसा </w><w> ही, </w><w> शुक्रवार </w><w> तड़के </w><w> ही </w><w> गुलमर्ग </w><w> व </w><w> पहलगाम </w><w> समेत </w><w> वादी </w><w> के </w><w> ऊपरी </w><w> इलाकों </w><w> में </w><w> बर्फबारी </w><w> शुरू </w><w> हो </w><w> गई, </w><w> जो </w><w> दिनभर </w><w> रुक </w><w> रुककर </w><w> जारी </w><w> रही। </w><w> गुलगर्म </w><w> में </w><w> शाम </w><w> तक </w><w> आठ </w><w> इंच, </w><w> पहलगाम </w><w> में </w><w> छह </w><w> इंच </w><w> और </w><w> सोनमर्ग </w><w> में </w><w> दस </w><w> इंच </w><w> ताजा </w><w> बर्फ </w><w> जमा </w><w> हो </w><w> गई </w><w> थी। </w><w> निचले </w><w> इलाकों </w><w> में </w><w> भी </w><w> दिनभर </w><w> रुक </w><w> रुककर </w><w> बूंदाबांदी </w><w> होती </w><w> रही। </w></p><p><w> हालांकि </w><w> श्रीनगर </w><w> व </w><w> इसके </w><w> साथ </w><w> सटे </w><w> इलाकों </w><w> में </w><w> शाम </w><w> तक </w><w> बारिश </w><w> तो </w><w> नहीं </w><w> हुई, </w><w> लेकिन </w><w> पूरा </w><w> दिन </w><w> आसमान </w><w> घने </w><w> बादलों </w><w> से </w><w> ढका </w><w> रहा। </w><w> ताजा </w><w> बर्फबारी </w><w> व </w><w> बारिश </w><w> से </w><w> ठंड </w><w> का </w><w> प्रकोप </w><w> और </w><w> बढ़ </w><w> गया </w><w> है। </w><w> श्रीनगर </w><w> में </w><w> अधिकतम </w><w> तापमान </w><w> 7.9 </w><w> व </w><w> न्यूनतम </w><w> माइनस </w><w> 3.2 </w><w> डिग्री </w><w> सेल्सियस </w><w> रिकॉर्ड </w><w> किया </w><w> गया। </w><w> पहलगाम </w><w> में </w><w> न्यूनतम </w><w> तापमान </w><w> माइनस </w><w> 4.9 </w><w> तथा </w><w> गुलमर्ग </w><w> में </w><w> माइनस </w><w> 9.0 </w><w> डिग्री </w><w> सेल्सियस </w><w> रिकॉर्ड </w><w> किया </w><w> गया। </w><w> 21 </w><w> दिसंबर </w><w> से </w><w> शुरू </w><w> हुए </w><w> सर्दियों </w><w> के </w><w> सबसे </w><w> कठिन </w><w> दौर </w><w> कहलाने </w><w> वाले </w><w> 40 </w><w> दिवसीय </w><w> चिलेकलां </w><w> में </w><w> यह </w><w> पहली </w><w> बर्फबारी </w><w> है।  </w></p></document>