<?xml version="1.0" encoding="UTF-8"?>
<document><p><place-arg id="1"><link event_arg="0" id="15" type_rel="EVENT_ARG"/><w> हिमाचल </w><w> के </w><w> मंडी </w><w> जिले </w></place-arg><w> में </w><reason-arg id="2"><link event_arg="0" id="16" type_rel="EVENT_ARG"/><w> पहाड़ </w><w> खिसकने </w></reason-arg><w> से </w><man_made_event id="0" type="TRANSPORT_HAZARDS"><w> दो </w><w> बसों </w><w> और </w><w> कुछ </w><w> निजी </w><w> वाहनों </w><w> के </w><w> खाई </w><w> में </w><w> रपट </w><w> जाने </w></man_made_event><w> और </w><w> उसमें </w><casualties-arg id="3"><link event_arg="0" id="17" type_rel="EVENT_ARG"/><w> करीब </w><w> पचास </w><w> लोगों </w></casualties-arg><w> के </w><w> मारे </w><w> जाने </w><w> की </w><w> आशंका </w><w> के </w><w> बीच </w><w> एक </w><w> बार </w><w> फिर </w><w> विकास </w><w> कार्यक्रमों </w><w> को </w><w> लेकर </w><w> सवाल </w><w> उठने </w><w> शुरू </w><w> हो </w><w> गए </w><w> हैं। </w><w> माना </w><w> जा </w><w> रहा </w><w> है </w><w> कि </w><time-arg id="5"><link event_arg="0" id="18" type_rel="EVENT_ARG"/><w> शनिवार </w><w> को </w><w> देर </w><w> रात </w></time-arg><reason-arg id="4"><link event_arg="0" id="19" type_rel="EVENT_ARG"/><w> बादल </w><w> फटने </w></reason-arg><w> से </w><w> पहाड़ </w><w> धंस </w><w> गया </w><w> और </w><w> उसका </w><w> सारा </w><w> मलबा </w><w> मंडी-पठानकोट </w><w> राजमार्ग </w><w> से </w><w> बहते </w><w> हुए </w><w> तलहटी </w><w> में </w><w> गिरने </w><w> लगा, </w><w> जिसकी </w><w> चपेट </w><w> में </w><w> आकर </w><w> हिमाचल </w><w> परिवहन </w><w> की </w><w> दो </w><w> बसें </w><w> और </w><w> कुछ </w><w> निजी </w><w> वाहन </w><w> तलहटी </w><w> में </w><w> समा </w><w> गए। </w><w> बताया </w><w> जा </w><w> रहा </w><w> है </w><w> कि </w><w> उन </w><w> वाहनों </w><w> में </w><w> करीब </w><w> पचास </w><w> लोग </w><w> सवार </w><w> थे। </w><w> हालांकि </w><w> अभी </w><after_effects-arg id="6"><link event_arg="0" id="20" type_rel="EVENT_ARG"/><w> राहत </w><w> और </w><w> बचाव </w><w> कार्य </w></after_effects-arg><w> जारी </w><w> है, </w><w> मृतकों </w><w> की </w><w> वास्तविक </w><w> संख्या </w><w> पता </w><w> नहीं </w><w> चल </w><w> पाई </w><w> है। </w><w> ऐसी </w><w> ही </w><w> घटना </w><place-arg id="13"><w> उत्तराखंड </w></place-arg><w> के </w><place-arg id="14"><w> पिथौरागढ़ </w><w> जिले </w></place-arg><w> में </w><w> हुई, </w><w> जिसमें </w><w> पहाड़ </w><w> धंसने </w><w> से </w><w> उसके </w><w> मलबे </w><w> में </w><w> कई </w><w> वाहन </w><w> बह </w><w> गए </w><w> और </w><w> कई </w><w> लोगों </w><w> के </w><w> मारे </w><w> जाने </w><w> की </w><w> आशंका </w><w> है। </w><w> बरसात </w><w> के </w><w> मौसम </w><w> में </w><w> हर </w><w> साल </w><w> पहाड़ों </w><w> पर </w><w> ऐसे </w><w> हादसे </w><w> हो </w><w> जाते </w><w> हैं। </w><w> मगर </w><w> पिछले </w><w> कुछ </w><w> सालों </w><w> से </w><w> जिस </w><w> प्रकार </w><w> बादल </w><w> फटने </w><w> और </w><w> पहाड़ों </w><w> के </w><w> धंसने </w><w> की </w><w> घटनाएं </w><w> बढ़ी </w><w> हैं, </w><w> उसमें </w><w> पहाड़ों </w><w> पर </w><w> चल </w><w> रही </w><w> विकास </w><w> योजनाओं </w><w> को </w><w> इसके </w><w> लिए </w><w> जिम्मेदार </w><w> माना </w><w> जाने </w><w> लगा </w><w> है। </w><w> केदारनाथ </w><w> त्रासदी </w><w> के </w><w> बाद </w><w> लगातार </w><w> पहाड़ों </w><w> की </w><w> स्थिति </w><w> समझने </w><w> और </w><w> ऐसे </w><w> हादसों </w><w> से </w><w> निपटने </w><w> के </w><w> लिए </w><w> जरूरी </w><w> तैयारियों </w><w> पर </w><w> बल </w><w> दिया </w><w> जाता </w><w> रहा, </w><w> मगर </w><w> इस </w><w> दिशा </w><w> में </w><w> कोई </w><w> उल्लेखनीय </w><w> कदम </w><w> उठाया </w><w> जाता </w><w> नहीं </w><w> दिख </w><w> पाया </w><w> है। </w></p><p><place-arg id="7"><w> हिमाचल </w></place-arg><w> के </w><place-arg id="8"><w> कुल्लू, </w></place-arg><place-arg id="9"><w> मंडी </w></place-arg><w> आदि </w><w> जिलों </w><w> और </w><place-arg id="10"><w> उत्तराखंड </w></place-arg><w> के </w><w> विभिन्न </w><w> हिस्सों </w><w> में </w><w> जिस </w><w> प्रकार </w><w> पर्यटन </w><w> और </w><w> रोजगार </w><w> को </w><w> बढ़ावा </w><w> देने </w><w> के </w><w> नाम </w><w> पर </w><w> अतार्किक </w><w> ढंग </w><w> से </w><w> होटल, </w><w> मोटेल, </w><w> रिसॉर्ट, </w><w> मनोरंजन </w><w> पार्क, </w><w> सड़कें </w><w> वगैरह </w><w> बनाने </w><w> का </w><w> काम </w><w> हुआ, </w><w> जगह-जगह </w><w> पनबिजली </w><w> परियोजनाएं </w><w> शुरू </w><w> की </w><w> गईं, </w><w> उसमें </w><w> पहाड़ों </w><w> पर </w><w> और </w><w> नदियों </w><w> के </w><w> किनारे </w><w> तय </w><w> मानकों </w><w> को </w><w> धता </w><w> बताते </w><w> हुए </w><w> खुदाई </w><w> की </w><w> गई। </w><w> इससे </w><w> पहाड़ </w><w> कमजोर </w><w> होते </w><w> गए। </w><w> इसके </w><w> अलावा </w><w> पहाड़ों </w><w> पर </w><w> उपलब्ध </w><w> खनिजों </w><w> के </w><w> दोहन </w><w> की </w><w> होड़-सी </w><w> मची </w><w> हुई </w><w> है। </w><place-arg id="11"><w> हिमाचल </w><w> के </w><w> मंडी </w><w> इलाके </w></place-arg><w> में </w><w> खनिज </w><w> निकालने </w><w> वाली </w><w> और </w><w> कुल्लू </w><w> में </w><w> पनबिजली </w><w> परियोजनाओं </w><w> के </w><w> खिलाफ </w><w> स्थानीय </w><w> लोग </w><w> लंबे </w><w> समय </w><w> से </w><w> आवाज </w><w> उठाते </w><w> रहे </w><w> हैं, </w><w> मगर </w><w> वहां </w><w> की </w><w> सरकार </w><w> इन </w><w> गतिविधियों </w><w> पर </w><w> अंकुश </w><w> लगाने </w><w> के </w><w> बजाय </w><w> राजस्व </w><w> के </w><w> लोभ </w><w> में </w><w> उन्हें </w><w> बढ़ावा </w><w> देती </w><w> रही </w><w> है। </w><w> इसी </w><w> तरह </w><place-arg id="12"><w> उत्तराखंड </w></place-arg><w> में </w><w> खुदाई </w><w> से </w><w> पहाड़ </w><w> इस </w><w> कदर </w><w> कमजोर </w><w> होते </w><w> गए </w><w> हैं </w><w> कि </w><w> मामूली </w><w> बारिश </w><w> और </w><w> भूकम्प </w><w> का </w><w> भी </w><w> दबाव </w><w> सहन </w><w> नहीं </w><w> कर </w><w> पाते। </w><w> सो, </w><w> ऐसे </w><w> हादसे </w><w> अक्सर </w><w> हो </w><w> जाते </w><w> हैं। </w></p><p><w> पहाड़ों </w><w> पर </w><w> आबादी </w><w> का </w><w> बोझ </w><w> और </w><w> औद्योगिक </w><w> गतिविधियों </w><w> को </w><w> बढ़ने </w><w> से </w><w> रोकने </w><w> के </w><w> मकसद </w><w> से </w><w> वहां </w><w> बाहरी </w><w> लोगों </w><w> के </w><w> जमीन-जायदाद </w><w> खरीदने </w><w> पर </w><w> अंकुश </w><w> संबंधी </w><w> नियम </w><w> बनाए </w><w> गए </w><w> थे। </w><w> मगर </w><w> राज्य </w><w> सरकारें </w><w> रोजगार </w><w> के </w><w> अवसर </w><w> सृजित </w><w> करने </w><w> और </w><w> राजस्व </w><w> बढ़ाने </w><w> के </w><w> तर्क </w><w> पर </w><w> उन </w><w> नियम-कायदों </w><w> में </w><w> ढील </w><w> देती </w><w> या </w><w> बदलाव </w><w> करती </w><w> गईं। </w><w> औद्योगिक </w><w> कंपनियों </w><w> को </w><w> खुद </w><w> न्योता </w><w> देकर </w><w> पहाड़ों </w><w> पर </w><w> कारोबार </w><w> फैलाने </w><w> की </w><w> छूट </w><w> देती </w><w> रहीं। </w><w> इस </w><w> तरह </w><w> पहाड़ों </w><w> पर </w><w> खुदाई </w><w> और </w><w> निर्माण </w><w> कार्यों </w><w> में </w><w> भारी </w><w> मशीनों </w><w> का </w><w> इस्तेमाल </w><w> शुरू </w><w> हुआ </w><w> और </w><w> पहाड़ </w><w> दरकने, </w><w> खोखले </w><w> होने </w><w> शुरू </w><w> हो </w><w> गए। </w><w> थोड़ी-थोड़ी </w><w> दूरी </w><w> पर </w><w> पनबिजली </w><w> परियोजनाएं </w><w> शुरू </w><w> हो </w><w> जाने </w><w> से </w><w> पहाड़ों </w><w> पर </w><w> बादलों </w><w> के </w><w> इकट्ठा </w><w> होने </w><w> और </w><w> अचानक </w><w> फटने </w><w> का </w><w> सिलसिला </w><w> बढ़ </w><w> गया। </w><w> लंबे </w><w> समय </w><w> से </w><w> सुझाव </w><w> दिए </w><w> जाते </w><w> रहे </w><w> हैं </w><w> कि </w><w> प्रकृति </w><w> के </w><w> साथ </w><w> खिलवाड़ </w><w> कर </w><w> विकास </w><w> योजनाएं </w><w> चलाने </w><w> पर </w><w> काबू </w><w> पाने </w><w> की </w><w> जरूरत </w><w> है, </w><w> मगर </w><w> इस </w><w> तरफ </w><w> गंभीरता </w><w> से </w><w> ध्यान </w><w> नहीं </w><w> दिया </w><w> जाता। </w><w> जब </w><w> तक </w><w> पहाड़ों </w><w> पर </w><w> अवैध </w><w> और </w><w> अतार्किक </w><w> गतिविधियों </w><w> पर </w><w> सख्ती </w><w> से </w><w> रोक </w><w> नहीं </w><w> लगाई </w><w> जाती, </w><w> वहां </w><w> हादसों </w><w> का </w><w> सिलसिला </w><w> शायद </w><w> ही </w><w> रुके। </w></p></document>