<?xml version="1.0" encoding="UTF-8"?>
<document><desc></desc><desc></desc><time>3006</time><p><place-arg id="0"><link event_arg="5" id="12" type_rel="EVENT_ARG"/><w> पारीछा </w><w> थर्मल </w><w> पावर </w></place-arg><w> में </w><casualties-arg id="7"><link event_arg="5" id="13" type_rel="EVENT_ARG"/><w> मजदूर </w><w> की </w><w> मौत </w></casualties-arg></p><p><w> झांसी। </w><reason-arg id="1"><link event_arg="5" id="8" type_rel="EVENT_ARG"/><w> ठेकेदार </w><w> की </w><w> लापरवाही </w><w> से </w></reason-arg><place-arg id="2"><link event_arg="5" id="9" type_rel="EVENT_ARG"/><w> पारीछा </w><w> थर्मल </w><w> पावर </w><w> प्लांट </w></place-arg><w> में </w><time-arg id="3"><link event_arg="5" id="10" type_rel="EVENT_ARG"/><w> बृहस्पतिवार </w><w> की </w><w> दोपहर </w></time-arg><man_made_event id="5" type="INDUSTRIAL_ACCIDENT"><w> लिफ्ट </w><w> दुरुस्त </w><w> करने </w><w> के </w><w> दौरान </w><w> गिरकर </w></man_made_event><casualties-arg id="6"><link event_arg="5" id="11" type_rel="EVENT_ARG"/><w> एक </w><w> युवा </w><w> मजदूर </w><w> की </w><w> मौत </w></casualties-arg><w> हो </w><w> गई। </w><w> सूचना </w><w> मिलते </w><w> ही </w><after_effects-arg id="14"><link event_arg="5" id="16" type_rel="EVENT_ARG"/><w> बड़ागांव </w><w> थाना </w><w> की </w><w> पुलिस </w><w> मौके </w><w> पर </w><w> पहुंची </w></after_effects-arg><w> और </w><after_effects-arg id="15"><link event_arg="5" id="17" type_rel="EVENT_ARG"/><w> शव </w><w> को </w><w> कब्जे </w><w> में </w><w> लेकर </w><w> पोस्टमार्टम </w><w> के </w><w> लिए </w><w> भेज </w><w> दिया। </w></after_effects-arg><w> पुलिस </w><w> ने </w><man_made_event id="18" type="INDUSTRIAL_ACCIDENT"><event-coref-link event_id="5" id="21" type_rel="EVENT_COREF"></event-coref-link><w> हादसे </w></man_made_event><w> के </w><w> लिए </w><after_effects-arg id="19"><link event_arg="18" id="20" type_rel="EVENT_ARG"/><w> लिफ्ट </w><w> मरम्मत </w><w> करने </w><w> वाली </w><w> कंपनी </w><w> के </w><w> संचालक </w><w> को </w><w> जिम्मेदार </w><w> ठहराया </w></after_effects-arg><w> है।थर्मल </w><w> पावर </w><w> की </w><w> खराब </w><w> लिफ्ट </w><w> को </w><w> दुरुस्त </w><w> कराने </w><w> के </w><w> लिए </w><w> बृहस्पतिवार </w><w> की </w><w> दोपहर </w><w> एमएस </w><w> एलीवेटर </w><w> कंपनी </w><w> का </w><w> संचालक </w><w> प्रेमनगर </w><w> थाना </w><w> के </w><w> नगरा </w><w> निवासी </w><w> रामरतन </w><w> उर्फ </w><w> राजू </w><w> मजदूरों </w><w> को </w><w> लेकर </w><w> पहुंचा </w><w> था। </w><w> सबसे </w><w> ऊपरी </w><w> मंजिल </w><w> पर </w><w> बड़ागांव </w><w> के </w><w> तकियापुरा </w><w> निवासी </w><w> मान </w><w> सिंह </w><w> (22) </w><w> लिफ्ट </w><w> की </w><w> मरम्मत </w><w> का </w><w> काम </w><w> कर </w><w> रहा </w><w> था। </w><w> अचानक </w><participant-arg id="26"><link event_arg="27" id="34" type_rel="EVENT_ARG"/><w> मान </w><w> सिंह </w></participant-arg><w> ऊपर </w><w> से </w><w> सीधे </w><w> नीचे </w><w> आ </w><man_made_event id="27" type="INDUSTRIAL_ACCIDENT"><event-coref-link event_id="5" id="33" type_rel="EVENT_COREF"></event-coref-link><w> गिरा, </w></man_made_event><w> जिससे </w><w> वह </w><after_effects-arg id="28"><link event_arg="27" id="35" type_rel="EVENT_ARG"/><w> गंभीर </w><w> रूप </w><w> से </w><w> घायल </w><w> हो </w><w> गया। </w></after_effects-arg><w> शोर </w><w> मचने </w><w> पर </w><w> जब </w><w> तक </w><w> अन्य </w><w> मजदूर </w><w> मौके </w><w> पर </w><w> पहुंचे </w><w> तब </w><w> तक </w><w> उसकी </w><w> मौत </w><w> हो </w><w> गई। </w><w> इसकी </w><w> जानकारी </w><w> मिलते </w><w> ही </w><after_effects-arg id="36"><link event_arg="27" id="37" type_rel="EVENT_ARG"/><w> थर्मल </w><w> पावर </w><w> प्लांट </w><w> में </w><w> काम </w><w> कर </w><w> रहे </w><w> अन्य </w><w> मजदूर </w><w> मौके </w><w> पर </w><w> एकत्रित </w><w> हो </w><w> गए। </w></after_effects-arg><man_made_event id="29" type="INDUSTRIAL_ACCIDENT"><event-coref-link event_id="5" id="30" type_rel="EVENT_COREF"></event-coref-link><w> हादसे </w></man_made_event><w> की </w><w> सूचना </w><w> मिलते </w><w> ही </w><after_effects-arg id="31"><link event_arg="29" id="32" type_rel="EVENT_ARG"/><w> पुलिस </w><w> भी </w><w> मौके </w><w> पर </w><w> पहुंच </w><w> गई </w><w> और </w><w> शव </w><w> को </w><w> कब्जे </w><w> में </w><w> लेकर </w><w> पोस्टमार्टम </w><w> के </w><w> लिए </w><w> भेज </w><w> दिया। </w></after_effects-arg><w> थानाध्यक्ष </w><w> ने </w><w> मौका </w><w> मुआयना </w><w> करने </w><w> के </w><w> बाद </w><w> बताया </w><w> कि </w><w> ऊंचाई </w><w> से </w><w> गिरने </w><w> से </w><w> मजदूर </w><w> की </w><w> मौके </w><w> पर </w><w> ही </w><w> मौत </w><w> हो </w><w> गई। </w><w> प्रथम </w><w> दृष्टया </w><w> जांच </w><w> में </w><man_made_event id="25" type="INDUSTRIAL_ACCIDENT"><event-coref-link event_id="5" id="26" type_rel="EVENT_COREF"></event-coref-link><w> हादसे </w></man_made_event><w> के </w><w> लिए </w><reason-arg id="24"><link event_arg="25" id="27" type_rel="EVENT_ARG"/><w> लिफ्ट </w><w> मरम्मत </w><w> कंपनी </w><w> के </w><w> संचालक </w><w> की </w><w> लापरवाही </w></reason-arg><w> सामने </w><w> आई </w><w> है। </w></p></document>