<?xml version="1.0" encoding="UTF-8"?>
<document><p><w> जेएनएन, </w><w> जमशेदपुर। </w><place-arg id="7"><link event_arg="0" id="34" type_rel="EVENT_ARG"/><w> झारखंड </w></place-arg><w> के </w><place-arg id="8"><link event_arg="0" id="36" type_rel="EVENT_ARG"/><w> पूर्वी </w><w> सिंहभूम </w><w> जिले </w></place-arg><w> के </w><place-arg id="9"><link event_arg="0" id="37" type_rel="EVENT_ARG"/><w> महुलडांगरी </w><w> गांव </w></place-arg><w> में </w><participant-arg id="16"><link event_arg="0" id="38" type_rel="EVENT_ARG"/><w> वायुसेना </w><w> का </w><w> एक </w><w> ट्रेनर </w><w> हॉक </w><w> जेट </w></participant-arg><w> (प्रशिक्षण </w><w> में </w><w> इस्तेमाल </w><w> होने </w><w> वाला </w><w> विमान) </w><time-arg id="13"><link event_arg="0" id="39" type_rel="EVENT_ARG"/><w> मंगलवार </w></time-arg><w> की </w><time-arg id="12"><link event_arg="0" id="40" type_rel="EVENT_ARG"/><w> दोपहर </w></time-arg><time-arg id="14"><link event_arg="0" id="41" type_rel="EVENT_ARG"/><w> लगभग </w><w> 12 </w><w> बजे </w></time-arg><man_made_event id="0" type="AVIATION_HAZARD"><w> दुर्घटनाग्रस्त </w></man_made_event><w> होकर </w><place-arg id="10"><link event_arg="0" id="35" type_rel="EVENT_ARG"/><w> स्वर्णरेखा </w><w> नदी </w></place-arg><w> में </w><w> जा </w><w> गिरा। </w><participant-arg id="17"><link event_arg="1" id="42" type_rel="EVENT_ARG"/><w> विमान </w></participant-arg><w> गिरते </w><w> ही </w><man_made_event id="1" type="AVIATION_HAZARD"><event-coref-link event_id="0" id="60" type_rel="EVENT_COREF"></event-coref-link><w> जोरदार </w><w> धमाके </w></man_made_event><w> के </w><w> साथ </w><w> बालू </w><w> में </w><w> धंस </w><w> गया। </w><w> उसका </w><w> ब्लैक </w><w> बॉक्स </w><w> बाहर </w><w> गिरा </w><w> मिला। </w><participant-arg id="18"><link event_arg="1" id="43" type_rel="EVENT_ARG"/><w> पायलट </w><w> अरविंद </w><w> कुमार </w><w> जोशी </w></participant-arg><w> घटनास्थल </w><w> से </w><w> लगभग </w><w> 200 </w><w> मीटर </w><w> दूर </w><w> पैराशूट </w><w> के </w><w> सहारे </w><w> सुरक्षित </w><w> उतर </w><w> गए। </w><casualties-arg id="33"><link event_arg="1" id="45" type_rel="EVENT_ARG"/><participant-arg id="19"><link event_arg="1" id="44" type_rel="EVENT_ARG"/><w> पायलट </w></participant-arg><w> के </w><w> चेहरे </w><w> और </w><w> हाथ </w><w> में </w><w> चोट </w><w> लगी </w></casualties-arg><w> है। </w><w> ग्रामीणों </w><w> ने </w><w> पायलट </w><w> को </w><w> नदी </w><w> से </w><w> गांव </w><w> के </w><w> करीब </w><w> पहुंचाया। </w><w> इसके </w><w> बाद </w><participant-arg id="20"><link event_arg="1" id="46" type_rel="EVENT_ARG"/><w> पायलट </w></participant-arg><w> को </w><w> एंबुलेंस </w><w> से </w><w> बहरागोड़ा </w><w> के </w><w> सामुदायिक </w><w> स्वास्थ्य </w><w> केंद्र </w><w> में </w><w> प्राथमिक </w><w> उपचार </w><w> के </w><w> लिए </w><w> भर्ती </w><w> कराया </w><w> गया। </w></p><p><w> इधर, </w><w> घटना </w><w> की </w><w> सूचना </w><w> मिलने </w><w> पर </w><w> कलाईकुंडा </w><w> (खड़गपुर, </w><w> पश्चिम </w><w> बंगाल) </w><w> से </w><w> वायुसेना </w><w> के </w><w> अधिकारी </w><participant-arg id="21"><link event_arg="2" id="47" type_rel="EVENT_ARG"/><w> अरविंद </w></participant-arg><w> को </w><w> लेने </w><w> के </w><w> लिए </w><w> इमरजेंसी </w><w> हेलीकॉप्टर </w><w> से </w><w> मौके </w><w> पर </w><w> पहुंचे। </w><w> वे </w><w> जख्मी </w><participant-arg id="22"><link event_arg="2" id="50" type_rel="EVENT_ARG"/><w> पायलट </w></participant-arg><w> को </w><w> अपने </w><w> साथ </w><w> कलाईकुंडा </w><w> लेकर </w><w> चले </w><w> गए। </w><w> घटना </w><w> के </w><w> संबंध </w><w> में </w><w> बताया </w><w> जा </w><w> रहा </w><w> है </w><w> कि </w><w> जिस </w><w> वक्त </w><participant-arg id="23"><link event_arg="2" id="49" type_rel="EVENT_ARG"/><w> पायलट </w><w> अरविंद </w></participant-arg><w> ने </w><w> उड़ान </w><w> भरी </w><w> उसी </w><w> दौरान </w><participant-arg id="24"><link event_arg="2" id="48" type_rel="EVENT_ARG"/><w> विमान </w></participant-arg><w> में </w><man_made_event id="2" type="AVIATION_HAZARD"><event-coref-link event_id="0" id="62" type_rel="EVENT_COREF"></event-coref-link><w> आग </w><w> लग </w><w> गई। </w></man_made_event><w> इसकी </w><w> सूचना </w><w> उन्होंने </w><w> कलाईकुंडा </w><w> कंट्रोल </w><w> रूम </w><w> को </w><w> दी। </w><w> कंट्रोल </w><w> रूम </w><w> से </w><w> उन्हें </w><w> क्रैश </w><w> लैंडिंग </w><w> का </w><w> आदेश </w><w> मिला। </w><participant-arg id="25"><link event_arg="2" id="51" type_rel="EVENT_ARG"/><w> अरविंद </w></participant-arg><participant-arg id="26"><link event_arg="2" id="52" type_rel="EVENT_ARG"/><w> ट्रेनर </w><w> हॉक </w><w> जेट </w></participant-arg><w> को </w><w> महुलडांगरी </w><w> के </w><w> पास </w><w> नदी </w><w> में </w><w> उतारते </w><w> हुए </w><w> स्वयं </w><w> पैराशूट </w><w> से </w><w> नीचे </w><w> उतर </w><w> गए। </w></p><p><participant-arg id="27"><link event_arg="3" id="53" type_rel="EVENT_ARG"/><w> ट्रेनर </w><w> हॉक </w><w> जेट </w></participant-arg><man_made_event id="3" type="AVIATION_HAZARD"><event-coref-link event_id="0" id="61" type_rel="EVENT_COREF"></event-coref-link><w> दुर्घटनाग्रस्त </w></man_made_event><w> होने </w><w> की </w><w> सूचना </w><w> मिलने </w><w> पर </w><w> पुलिस </w><w> व </w><w> सीआरपीएफ </w><w> के </w><w> अधिकारियों </w><w> व </w><w> जवानों </w><w> के </w><w> अलावा </w><w> अग्निश्मन </w><w> की </w><w> दो </w><w> गाडि़यां </w><w> व </w><w> दो </w><w> एंबुलेंस </w><w> वहां </w><w> पहुंची </w><w> और </w><w> बचाव </w><w> कार्य </w><w> शुरू </w><w> किया </w><w> गया। </w><w> नदी </w><w> में </w><w> कहीं </w><w> बालू </w><w> तो </w><w> कहीं </w><w> गहरा </w><w> पानी </w><w> भरा </w><w> है। </w><w> शाम </w><w> तक </w><man_made_event id="4" type="AVIATION_HAZARD"><event-coref-link event_id="0" id="63" type_rel="EVENT_COREF"></event-coref-link><w> दुर्घटनाग्रस्त </w></man_made_event><w> ट्रेनर </w><w> हॉक </w><w> जेट </w><w> के </w><w> मलबे </w><w> से </w><w> आग </w><w> की </w><w> लपटें </w><w> निकल </w><w> रही </w><w> थीं। </w><w> कोलकाता </w><w> में </w><w> रक्षा </w><w> प्रवक्ता </w><w> विंग </w><w> कमांडर </w><w> एसएस </w><w> बिर्दी </w><w> ने </w><w> बताया </w><w> कि </w><w> यह </w><w> हादसा </w><w> ओडिशा </w><w> व </w><w> झारखंड </w><w> की </w><w> सीमा </w><w> के </w><w> पास </w><w> महुलडांगरी </w><w> गांव </w><w> में </w><w> हुआ। </w><participant-arg id="28"><link event_arg="4" id="54" type_rel="EVENT_ARG"/><w> विमान </w></participant-arg><w> ने </w><w> कलाईकुंडा </w><w> वायुसेना </w><w> स्टेशन </w><w> से </w><w> उड़ान </w><w> भरी </w><w> थी। </w></p><p><participant-arg id="29"><link event_arg="5" id="59" type_rel="EVENT_ARG"/><w> पायलट </w><w> अरविंद </w><w> कुमार </w><w> जोशी।सेना </w></participant-arg><w> के </w><participant-arg id="30"><link event_arg="5" id="58" type_rel="EVENT_ARG"/><w> विमान </w></participant-arg><w> का </w><w> निकाला </w><w> जा </w><w> रहा </w><w> मलवा </w><participant-arg id="31"><link event_arg="5" id="57" type_rel="EVENT_ARG"/><w> वायु </w><w> सेना </w><w> का </w><w> विमान </w></participant-arg><time-arg id="32"><link event_arg="5" id="56" type_rel="EVENT_ARG"/><w> मंगलवार </w></time-arg><w> को </w><place-arg id="11"><link event_arg="5" id="55" type_rel="EVENT_ARG"/><w> स्वर्णरेखा </w><w> नदी </w></place-arg><w> में </w><man_made_event id="5" type="AVIATION_HAZARD"><event-coref-link event_id="0" id="64" type_rel="EVENT_COREF"></event-coref-link><w> दुर्घटनाग्रस्त </w></man_made_event><w> हो </w><w> गया </w><w> था। </w><w> यह </w><w> बालू </w><w> में </w><w> करीब </w><w> 40 </w><w> फुट </w><w> तक </w><w> धंस </w><w> गया </w><w> था। </w><w> बुधवार </w><w> को </w><w> इसका </w><w> मलवा </w><w> निकाला </w><w> जा </w><w> रहा </w><w> है। </w><man_made_event id="6" type="AVIATION_HAZARD"><event-coref-link event_id="0" id="65" type_rel="EVENT_COREF"></event-coref-link><w> हादसा </w></man_made_event><w> क्यों </w><w> हुआ </w><w> इसकी </w><w> भी </w><w> जांच </w><w> की </w><w> जा </w><w> रही </w><w> है। </w></p></document>