<?xml version="1.0" encoding="UTF-8"?>
<document><desc></desc><time>434</time><p><w> जासं, </w><w> धनबाद/कालूबथान </w><w> : </w><participant-arg id="1"><link event_arg="0" id="14" type_rel="EVENT_ARG"/><w> हावड़ा </w><w> से </w><w> रांची </w><w> जा </w><w> रही </w><w> शताब्दी </w><w> एक्सप्रेस </w></participant-arg><w> के </w><reason-arg id="2"><link event_arg="0" id="15" type_rel="EVENT_ARG"/><w> सामने </w><w> दो </w><w> गाय </w><w> आ </w><w> गई, </w></reason-arg><w> जिससे </w><man_made_event id="0" type="TRANSPORT_HAZARDS"><w> ट्रेन </w><w> दो </w><w> हिस्से </w><w> बंट </w><w> गई। </w></man_made_event><w> जोरदार </w><w> आवाज </w><w> के </w><w> साथ </w><w> डिब्बे </w><w> छोड़ </w><w> इंजन </w><w> पावर </w><w> कार </w><w> समेत </w><w> दौड़ </w><w> गया। </w><w> इस </w><man_made_event id="3" type="TRANSPORT_HAZARDS"><event-coref-link event_id="0" id="11" type_rel="EVENT_COREF"></event-coref-link><w> घटना </w></man_made_event><w> से </w><w> यात्रियों </w><w> में </w><w> चीख-पुकार </w><w> मच </w><w> गई। </w><w> झटके </w><w> के </w><w> साथ </w><w> ट्रेन </w><w> रुकते </w><w> ही </w><w> ज्यादातर </w><w> यात्री </w><w> नीचे </w><w> कूद </w><w> पड़े। </w><man_made_event id="10" type="TRANSPORT_HAZARDS"><event-coref-link event_id="0" id="12" type_rel="EVENT_COREF"></event-coref-link><w> घटना </w></man_made_event><place-arg id="6"><link event_arg="10" id="16" type_rel="EVENT_ARG"/><w> हावड़ा-धनबाद </w><w> रेल </w><w> मार्ग </w><w> के </w><w> छोटाअंबोना </w><w> के </w><w> समीप </w></place-arg><w> हुई। </w><w> टकराने </w><w> से </w><after_effects-arg id="7"><link event_arg="10" id="17" type_rel="EVENT_ARG"/><w> दोनों </w><w> गायों </w><w> की </w><w> मौत </w></after_effects-arg><w> हो </w><w> गई। </w></p><p><w> ट्रेन </w><w> में </w><w> सफर </w><w> कर </w><w> रहे </w><w> आरएसपी </w><w> कॉलेज </w><w> के </w><w> बांग्ला </w><w> विभाग </w><w> के </w><w> प्रोफेसर </w><w> डॉ. </w><w> जय </w><w> गोपाल </w><w> मंडल </w><w> ने </w><w> बताया </w><w> कि </w><w> वह </w><w> कोलकाता </w><w> से </w><w> लौट </w><w> रहे </w><w> थे। </w><w> सी- </w><w> 4 </w><w> कोच </w><w> में </w><w> सवार </w><w> थे। </w><w> छोटाअंबोना </w><w> स्टेशन </w><w> से </w><w> गुजरने </w><w> के </w><w> कारण </w><w> ट्रेन </w><w> की </w><w> रफ्तार </w><w> थोड़ी </w><w> धीमी </w><w> थी। </w><w> अचानक </w><w> जोरदार </w><w> झटका </w><w> लगा </w><w> और </w><w> यूं </w><w> महसूस </w><w> हुआ </w><w> कि </w><w> पटरी </w><w> पर </w><w> पहिए </w><w> उछल </w><w> गये। </w><w> कोई </w><w> कुछ </w><w> समझ </w><w> पाता </w><w> इससे </w><w> पहले </w><w> ही </w><w> ट्रेन </w><w> झटका </w><w> खाकर </w><w> रुक </w><w> गई। </w><w> गेट </w><w> से </w><w> बाहर </w><w> झांकने </w><w> पर </w><w> पाया </w><w> कि </w><w> डिब्बे </w><w> छोड़ </w><w> इंजन </w><w> और </w><w> पावर </w><w> कार </w><w> दौड़ </w><w> रहे </w><w> हैं। </w><w> तकरीबन </w><w> सौ </w><w> मीटर </w><w> बाद </w><w> आगे </w><w> बढ़कर </w><w> इंजन </w><w> रुक </w><w> गया। </w><w> पूरी </w><w> ट्रेन </w><w> में </w><w> अफरातफरी </w><w> मच </w><w> गई </w><w> और </w><w> नीचे </w><w> उतरे </w><w> यात्रियों </w><w> ने </w><w> ट्रेन </w><w> के </w><w> चालक </w><w> को </w><w> घेर </w><w> लिया। </w><w> उसने </w><w> बताया </w><w> कि </w><w> झटका </w><w> लगने </w><w> से </w><w> कोच </w><w> और </w><w> पावर </w><w> कार </w><w> का </w><w> हॉस </w><w> पाइप </w><w> टूट </w><w> गया, </w><w> जिससे </w><w> इंजन </w><w> आगे </w><w> बढ़ </w><w> गया। </w><w> बाद </w><w> में </w><w> आसनसोल </w><w> रेल </w><w> मंडल </w><w> से </w><w> आए </w><w> रेलकर्मियों </w><w> ने </w><w> लगभग </w><after_effects-arg id="8"><link event_arg="4" id="18" type_rel="EVENT_ARG"/><w> 40 </w><w> मिनट </w><w> की </w><w> मशक्कत </w><w> के </w><w> बाद </w><w> ट्रेन </w><w> के </w><w> दोनों </w><w> हिस्सों </w><w> को </w><w> जोड़ </w><w> कर </w><w> उसे </w><w> रवाना </w><w> किया </w></after_effects-arg><w> गया। </w><man_made_event id="4" type="TRANSPORT_HAZARDS"><event-coref-link event_id="0" id="13" type_rel="EVENT_COREF"></event-coref-link><w> घटना </w></man_made_event><w> के </w><w> कारण </w><after_effects-arg id="9"><link event_arg="4" id="19" type_rel="EVENT_ARG"/><w> सुबह </w><w> 8.40 </w><w> से </w><w> 9.20 </w><w> तक </w><w> शताब्दी </w><w> एक्सप्रेस </w><w> रुकी </w><w> रही। </w></after_effects-arg></p></document>