<?xml version="1.0" encoding="UTF-8"?>
<document><desc></desc><desc></desc><time>1029</time><p><place-arg id="1"><link event_arg="39" id="53" type_rel="EVENT_ARG"/><w> यूपी </w></place-arg><w> में </w><w> एक </w><w> और </w><man_made_event id="39" type="TRAIN_COLLISION"><event-coref-link event_id="41" id="44" type_rel="EVENT_COREF"></event-coref-link><w> ट्रेन </w><w> हादसा, </w></man_made_event><reason-arg id="2"><link event_arg="39" id="54" type_rel="EVENT_ARG"/><w> डंपर </w><w> से </w><w> टकराई </w></reason-arg><participant-arg id="3"><link event_arg="39" id="55" type_rel="EVENT_ARG"/><w> कैफियत, </w></participant-arg><after_effects-arg id="4"><link event_arg="39" id="56" type_rel="EVENT_ARG"/><w> Cm </w><w> बोले </w></after_effects-arg></p><p><place-arg id="38"><link event_arg="40" id="52" type_rel="EVENT_ARG"/><w> मुजफ्फरनगर </w></place-arg><w> में </w><w> हुए </w><man_made_event id="40" type="TRAIN_COLLISION"><w> ट्रेन </w><w> हादसे </w></man_made_event><w> को </w><w> अभी </w><w> कुछ </w><w> दिन </w><w> ही </w><w> बीते </w><w> थे </w><w> कि </w><time-arg id="9"><link event_arg="41" id="57" type_rel="EVENT_ARG"/><w> बुधवार </w><w> सुबह </w></time-arg><participant-arg id="10"><link event_arg="41" id="58" type_rel="EVENT_ARG"/><w> आजमगढ़ </w><w> से </w><w> दिल्ली </w><w> जा </w><w> रही </w><w> कैफियत </w><w> एक्सप्रेस </w></participant-arg><place-arg id="11"><link event_arg="41" id="59" type_rel="EVENT_ARG"/><w> कानपुर </w><w> और </w><w> इटावा </w><w> के </w><w> बीच </w></place-arg><man_made_event id="41" type="TRAIN_COLLISION"><w> दुर्घटना </w><w> ग्रस्त </w></man_made_event><w> हो </w><w> गई। </w><man_made_event id="42" type="TRAIN_COLLISION"><event-coref-link event_id="41" id="45" type_rel="EVENT_COREF"></event-coref-link><w> हादसे </w></man_made_event><w> पर </w><w> यूपी </w><w> के </w><w> सीएम </w><w> योगी </w><w> आद‌ित्यनाथ </w><w> ने </w><w> दुख </w><w> जताया </w><w> है </w><w> और </w><w> पी‌ड़ितों </w><w> को </w><w> हर </w><w> संभव </w><w> मदद </w><w> देने </w><w> के </w><w> न‌िर्देश </w><w> द‌िए </w><w> हैं। </w></p><p><after_effects-arg id="49"><w> सीएम </w><w> ने </w><w> ट्वीट </w><w> क‌िया, </w></after_effects-arg><w> ‘जनपद </w><w> औरैया </w><w> की </w><man_made_event id="43" type="TRAIN_COLLISION"><event-coref-link event_id="41" id="51" type_rel="EVENT_COREF"></event-coref-link><w> ट्रेन </w><w> दुर्घटना </w></man_made_event><w> पर </w><w> दुःख </w><w> पंहुचा। </w><after_effects-arg id="50"><w> हर </w><w> संभव </w><w> मदद </w><w> पहुंचाने </w><w> के </w><w> निर्देश </w><w> दे </w><w> दिए </w><w> गए </w><w> है।’ </w></after_effects-arg></p><p><w> जानकारी </w><w> के </w><w> मुताब‌िक </w><man_made_event id="22" type="TRAIN_COLLISION"><event-coref-link event_id="41" id="48" type_rel="EVENT_COREF"></event-coref-link><w> हादसा </w></man_made_event><time-arg id="23"><link event_arg="22" id="28" type_rel="EVENT_ARG"/><w> सहुब </w><w> करीब </w><w> 2.40 </w><w> मिनट </w></time-arg><w> पर </w><w> हुआ। </w><w> बताया </w><w> जा </w><w> रहा </w><w> है </w><w> कि </w><reason-arg id="24"><link event_arg="22" id="29" type_rel="EVENT_ARG"/><w> एक </w><w> डंपर </w><w> ट्रेन </w><w> से </w><w> टकरा </w><w> गया, </w></reason-arg><w> जिससे </w><casualties-arg id="25"><link event_arg="22" id="30" type_rel="EVENT_ARG"/><w> ट्रेन </w><w> के </w><w> दस </w><w> डिब्बे </w><w> पटरी </w><w> से </w><w> उतर </w><w> गए। </w></casualties-arg><after_effects-arg id="26"><link event_arg="22" id="31" type_rel="EVENT_ARG"/><w> राहत </w><w> और </w><w> बचाव </w><w> कार्य </w><w> जारी </w><w> है। </w></after_effects-arg></p><p><w> इस </w><man_made_event id="32" type="TRAIN_COLLISION"><event-coref-link event_id="41" id="60" type_rel="EVENT_COREF"></event-coref-link><w> दुर्घटना </w></man_made_event><w> में </w><casualties-arg id="33"><link event_arg="32" id="35" type_rel="EVENT_ARG"/><w> करीब </w><w> 74 </w><w> यात्री </w><w> मामूली </w><w> रूप </w><w> से </w><w> घायल </w><w> हुए </w><w> हैं, </w><w> जबकि </w><w> दो </w><w> यात्रियों </w><w> की </w><w> हालत </w><w> गंभीर </w><w> बताई </w></casualties-arg><w> जा </w><w> रही </w><w> है। </w></p><p><after_effects-arg id="36"><link event_arg="32" id="38" type_rel="EVENT_ARG"/><w> गंभीर </w><w> रूप </w><w> से </w><w> घायल </w><w> हुए </w><w> लोगों </w><w> को </w><w> सैफई </w><w> के </w><w> मेडिकल </w><w> कॉलेज </w><w> में </w><w> भेजा </w><w> गया </w><w> है। </w></after_effects-arg><after_effects-arg id="37"><link event_arg="32" id="39" type_rel="EVENT_ARG"/><w> यात्रियों </w><w> को </w><w> अपने </w><w> गंतव्य </w><w> स्‍थान </w><w> तक </w><w> पहुंचाने </w><w> के </w><w> लिए </w><w> मेमो </w><w> ट्रेन </w><w> को </w><w> रवाना </w><w> किया </w><w> गया </w><w> है। </w></after_effects-arg><w> देखें </w><w> घायलों </w><w> की </w><w> सूची... </w></p></document>