<?xml version="1.0" encoding="UTF-8"?>
<document><desc></desc><time>5014</time><p><w> LUCKNOW: </w><place-arg id="1"><link event_arg="4" id="50" type_rel="EVENT_ARG"/><w> यूपी </w><w> के </w><w> औरैया </w><w> जिला </w><w> स्थित </w><w> अछल्दा </w><w> और </w><w> पाता </w><w> रेलवे </w><w> स्टेशन </w><w> के </w><w> बीच </w></place-arg><time-arg id="2"><link event_arg="4" id="51" type_rel="EVENT_ARG"/><w> बुधवार </w></time-arg><w> को </w><participant-arg id="3"><link event_arg="4" id="52" type_rel="EVENT_ARG"/><w> कैफियत </w><w> एक्सप्रेस </w></participant-arg><reason-arg id="5"><link event_arg="4" id="53" type_rel="EVENT_ARG"/><w> डंपर </w><w> से </w><w> टकराकर </w></reason-arg><man_made_event id="4" type="TRAIN_COLLISION"><w> दुर्घटनाग्रस्त </w></man_made_event><w> हो </w><w> गई। </w><man_made_event id="6" type="TRAIN_COLLISION"><event-coref-link event_id="4" id="30" type_rel="EVENT_COREF"></event-coref-link><w> घटना </w></man_made_event><w> करीब </w><time-arg id="45"><link event_arg="6" id="54" type_rel="EVENT_ARG"/><w> सुबह </w><w> तड़के </w><w> 2.52 </w><w> मिनट </w></time-arg><w> की </w><w> बताई </w><w> जा </w><w> रही </w><w> है। </w><w> इस </w><man_made_event id="7" type="TRAIN_COLLISION"><event-coref-link event_id="4" id="31" type_rel="EVENT_COREF"></event-coref-link><w> घटना </w></man_made_event><w> में </w><w> ट्रेन </w><w> के </w><w> करीब </w><casualties-arg id="46"><link event_arg="7" id="55" type_rel="EVENT_ARG"/><w> 10 </w><w> डिब्बे </w><w> पटरी </w><w> से </w><w> उतर </w><w> गए। </w></casualties-arg><man_made_event id="8" type="TRAIN_COLLISION"><event-coref-link event_id="4" id="58" type_rel="EVENT_COREF"></event-coref-link><w> हादसे </w></man_made_event><w> में </w><w> करीब </w><casualties-arg id="47"><link event_arg="8" id="56" type_rel="EVENT_ARG"/><w> 100 </w><w> से </w><w> अधिक </w><w> लोग </w></casualties-arg><w> घायल </w><w> हैं। </w><w> जिनमें </w><casualties-arg id="48"><link event_arg="8" id="57" type_rel="EVENT_ARG"/><w> चार </w><w> की </w><w> हालत </w><w> नाजुक </w></casualties-arg><w> बताई </w><w> जा </w><w> रही </w><w> है। </w><man_made_event id="9" type="TRAIN_COLLISION"><event-coref-link event_id="4" id="32" type_rel="EVENT_COREF"></event-coref-link><w> हादसे </w></man_made_event><w> के </w><w> पीछे </w><w> रेलवे </w><w> स्टाफ </w><w> की </w><w> लापरवाही </w><w> उजागर </w><w> हो </w><w> रही </w><w> है। </w></p><p><w> औरैया </w><w> के </w><w> पुलिस </w><w> अधीक्षक </w><w> संजय </w><w> त्यागी </w><w> ने </w><w> बताया </w><w> कि </w><place-arg id="49"><link event_arg="59" id="62" type_rel="EVENT_ARG"/><w> औरैया </w><w> जिले </w><w> के </w><w> पाटा </w><w> और </w><w> अछल्दा </w><w> रेलवे </w><w> स्टेशन </w><w> के </w><w> बीच </w></place-arg><w> पटरी </w><w> पर </w><w> पलटे </w><w> एक </w><w> बालू </w><w> भरा </w><w> डंपर </w><w> पलट </w><w> गया। </w><w> उसी </w><w> वक्त </w><w> वहां </w><w> से </w><w> कैफियत </w><w> एक्सप्रेस </w><w> गुजरी </w><w> और </w><w> उससे </w><man_made_event id="59" type="TRAIN_COLLISION"><event-coref-link event_id="4" id="63" type_rel="EVENT_COREF"></event-coref-link><w> टकरा </w><w> गई। </w></man_made_event><w> आजमगढ़ </w><w> से </w><w> दिल्ली </w><w> आ </w><w> रही </w><w> इस </w><w> ट्रेन </w><w> के </w><man_made_event id="10" type="TRAIN_COLLISION"><event-coref-link event_id="4" id="33" type_rel="EVENT_COREF"></event-coref-link><w> हादसे </w></man_made_event><w> के </w><w> शिकार </w><w> होने </w><w> के </w><w> कारण </w><w> इस </w><w> रूट </w><w> से </w><w> गुजरने </w><w> वाली </w><after_effects-arg id="11"><link event_arg="10" id="60" type_rel="EVENT_ARG"/><w> 40 </w><w> रेलगाडिय़ों </w><w> के </w><w> रूट </w><w> बदले </w></after_effects-arg><w> गए </w><w> हैं। </w><w> इसके </w><w> अलावा </w><after_effects-arg id="12"><link event_arg="10" id="61" type_rel="EVENT_ARG"/><w> कुछ </w><w> ट्रेनों </w><w> का </w><w> परिचालन </w><w> कैंसिल </w></after_effects-arg><w> कर </w><w> दिया </w><w> गया </w><w> है। </w></p><p><w> इसलिए </w><w> टला </w><w> बड़ा </w><man_made_event id="13" type="TRAIN_COLLISION"><event-coref-link event_id="4" id="34" type_rel="EVENT_COREF"></event-coref-link><w> हादसा </w></man_made_event><w> कैफियत </w><w> एक्सप्रेस </w><w> में </w><w> जर्मन </w><w> तकनीक </w><w> से </w><w> बने </w><w> हुए </w><w> लिंक </w><w> हॉफमैन </w><w> बुश </w><w> कोच </w><w> लगे </w><w> हुए </w><w> हैं </w><w> और </w><w> इसी </w><w> वजह </w><w> से </w><w> इस </w><w> बड़े </w><man_made_event id="14" type="TRAIN_COLLISION"><event-coref-link event_id="4" id="35" type_rel="EVENT_COREF"></event-coref-link><w> हादसे </w></man_made_event><w> में </w><w> अपेक्षाकृत </w><w> कम </w><w> नुकसान </w><w> हुआ। </w><w> ये </w><w> कोच </w><w> ऐसी </w><w> तकनीक </w><w> से </w><w> लैस </w><w> हैं, </w><w> जिनसे </w><man_made_event id="15" type="TRAIN_COLLISION"><event-coref-link event_id="4" id="36" type_rel="EVENT_COREF"></event-coref-link><w> हादसे </w></man_made_event><w> के </w><w> बाद </w><w> ये </w><w> एक </w><w> दूसरे </w><w> के </w><w> ऊपर </w><w> नहीं </w><w> चढ़ते </w><w> हैं। </w><w> ये </w><w> पारंपरिक </w><w> कोचों </w><w> की </w><w> तुलना </w><w> में </w><w> ज्यादा </w><w> हल्के </w><w> और </w><w> सुरक्षित </w><w> होते </w><w> हैं। </w><man_made_event id="16" type="TRAIN_COLLISION"><event-coref-link event_id="4" id="37" type_rel="EVENT_COREF"></event-coref-link><w> घटना </w></man_made_event><w> के </w><w> बाद </w><after_effects-arg id="17"><link event_arg="16" id="64" type_rel="EVENT_ARG"/><w> पुलिस </w><w> दल </w><w> समेत </w><w> आला </w><w> अधिकारियों </w><w> का </w><w> दल </w><w> पहुंचा। </w></after_effects-arg><after_effects-arg id="18"><link event_arg="16" id="65" type_rel="EVENT_ARG"/><w> राहत </w><w> बचाव </w></after_effects-arg><w> में </w><w> जुटे </w><w> दल </w><w> ने </w><after_effects-arg id="19"><link event_arg="16" id="66" type_rel="EVENT_ARG"/><w> घायलों </w><w> को </w><w> एंबुलेंस  </w><w> की </w><w> मदद </w><w> से </w><w> अस्पताल </w><w> भिजवाया। </w></after_effects-arg></p><p><w> मेंटीनेंस </w><w> का </w><w> चल </w><w> रहा </w><w> था </w><w> कार्य </w><w> बताया </w><w> जा </w><w> रहा </w><w> है </w><w> कि </w><w> रेलवे </w><w> कॉरिडोर </w><w> का </w><w> काम </w><w> चल </w><w> रहा </w><w> था </w><w> इसी </w><w> दौरान </w><w> डंपर </w><w> ट्रैक </w><w> किनारे </w><w> मिट्टी </w><w> डाल </w><w> रहा </w><w> था। </w><w> इसी </w><w> बीच </w><w> कैफियत </w><w> एक्सप्रेस </w><w> आ </w><w> गई। </w><w> जिस </w><w> जगह </w><man_made_event id="20" type="TRAIN_COLLISION"><event-coref-link event_id="4" id="38" type_rel="EVENT_COREF"></event-coref-link><w> हादसा </w></man_made_event><w> हुआ </w><w> है, </w><w> वह </w><w> अत्यंत </w><w> व्यस्त </w><w> मार्ग </w><w> है। </w><w> ऐसे </w><w> में </w><w> मेंटीनेंस </w><w> कार्य </w><w> के </w><w> बीच </w><w> पटरियों </w><w> के </w><w> पास </w><w> से </w><w> गुजर </w><w> रहे </w><w> वाहनों </w><w> को </w><w> लेकर </w><w> एहतियात </w><w> न </w><w> बरतने </w><w> को </w><w> लेकर </w><w> भी </w><w> सवाल </w><w> खड़े </w><w> होने </w><w> लगे </w><w> हैं। </w></p><p><w> पटरी </w><w> पर </w><w> लोडर </w><w> था। </w><w> इसकी </w><w> कहीं </w><w> कोई </w><w> सूचना </w><w> नहीं </w><w> दी </w><w> गई </w><w> थी। </w><w> ट्रेन </w><w> की </w><w> रफ्तार </w><w> में </w><w> थी </w><w> ऐसे </w><w> में </w><w> इमरजेंसी </w><w> ब्रेक </w><w> लगाकर </w><w> गाड़ी </w><w> को </w><w> नियंत्रित </w><w> करने </w><w> की </w><w> कोशिश </w><w> की </w><w> गई </w><w> इसके </w><w> बावजूद </w><w> इंजन </w><w> लोडर </w><w> से </w><w> टकरा </w><w> गया। </w><w> अगर </w><w> पहले </w><w> ही </w><w> सूचना </w><w> दे </w><w> दी </w><w> गई </w><w> होती </w><w> तो </w><w> ट्रेन </w><w> की </w><w> स्पीड </w><w> धीमे </w><w> होती </w><w> और </w><w> आउटर </w><w> पर </w><w> रोक </w><w> दी </w><w> जाती, </w><w> बड़ी </w><w> दुर्घटना </w><w> होने </w><w> से </w><w> बच </w><w> जाती। </w><w> एसके </w><w> चौहान, </w><w> ड्राइवर </w></p><p><w> औरैया </w><w> की </w><man_made_event id="22" type="TRAIN_COLLISION"><event-coref-link event_id="4" id="39" type_rel="EVENT_COREF"></event-coref-link><w> ट्रेन </w><w> दुर्घटना </w></man_made_event><w> काफी </w><w> दुखद </w><w> है। </w><man_made_event id="21" type="TRAIN_COLLISION"><event-coref-link event_id="4" id="40" type_rel="EVENT_COREF"></event-coref-link><w> हादसे </w></man_made_event><w> का </w><w> शिकार </w><w> लोगों </w><w> की </w><w> हर </w><w> संभव </w><after_effects-arg id="23"><link event_arg="21" id="67" type_rel="EVENT_ARG"/><w> मदद </w><w> करने </w><w> के </w><w> निर्देश </w></after_effects-arg><w> दिए </w><w> गए </w><w> हैं। </w><w>     </w><w> योगी </w><w> आदित्यनाथ, </w><w> सीएम </w></p><p><man_made_event id="25" type="TRAIN_COLLISION"><event-coref-link event_id="4" id="41" type_rel="EVENT_COREF"></event-coref-link><w> हादसे </w></man_made_event><w> के </w><w> तत्काल </w><w> बाद </w><after_effects-arg id="24"><link event_arg="25" id="68" type_rel="EVENT_ARG"/><w> राहत </w><w> बचाव </w><w> कार्य </w><w> शुरू </w></after_effects-arg><w> किया </w><w> गया </w><w> था। </w><w> मैं </w><w> व्यक्तिगत </w><w> रूप </w><w> से </w><w> राहत </w><w> बचाव </w><w> अभियान </w><w> की </w><w> निगरानी </w><w> कर </w><w> रहा </w><w> हूं। </w><w> सुरेश </w><w> प्रभु, </w><w> रेल </w><w> मंत्री </w></p><p><w>   </w></p><p><w> प्रभु </w><w> ने </w><w> ली </w><w> जिम्मेदारी, </w><after_effects-arg id="69"><link event_arg="27" id="71" type_rel="EVENT_ARG"/><w> इस्तीफे </w><w> की </w><w> पेशकश </w></after_effects-arg><w> पांच </w><w> दिन </w><w> के </w><w> भीतर </w><w> दो </w><w> बड़े </w><man_made_event id="27" type="TRANSPORT_HAZARDS"><event-coref-link event_id="4" id="42" type_rel="EVENT_COREF"></event-coref-link><w> रेल </w><w> हादसों </w></man_made_event><w> के </w><w> बीच </w><w> रेलवे </w><w> मिनिस्टर </w><w> सुरेभ </w><w> प्रभु </w><w> ने </w><w> बुधवार </w><w> को </w><w> नरेंद्र </w><w> मोदी </w><w> से </w><w> मुलाकात </w><w> की। </w><w> उन्होने </w><w> हाल </w><w> ही </w><w> में </w><w> हुए </w><man_made_event id="28" type="TRANSPORT_HAZARDS"><event-coref-link event_id="4" id="43" type_rel="EVENT_COREF"></event-coref-link><w> रेल </w><w> हादसों </w></man_made_event><w> की </w><w> जिम्मेदारी </w><w> लेते </w><w> हुए </w><after_effects-arg id="70"><link event_arg="28" id="103" type_rel="EVENT_ARG"/><w> इस्तीफे </w><w> की </w><w> पेशकश </w><w> की। </w></after_effects-arg><w> प्रभु </w><w> ने </w><w> बताया </w><w> कि </w><w> पीएम </w><w> ने </w><w> मुझे </w><w> इंतजार </w><w> करने </w><w> को </w><w> कहा </w><w> है। </w><w> उन्होने </w><w> कहा </w><w> कि </w><w> तीन </w><w> साल </w><w> से </w><w> कम </w><w> वक्त </w><w> में </w><w> मैंने </w><w> अपना </w><w> खून </w><w> पसीना </w><w> रेलवे </w><w> को </w><w> सुधारने </w><w> में </w><w> लगाया।  </w><w> पीएम </w><w> चाहते </w><w> हैं </w><w> कि </w><w> रेलवे </w><w> बेहतर </w><w> और </w><w> मॉडर्न </w><w> बने। </w><w> लेकिन, </w><w> हाल </w><w> के </w><man_made_event id="29" type="TRANSPORT_HAZARDS"><event-coref-link event_id="4" id="44" type_rel="EVENT_COREF"></event-coref-link><w> हादसों </w></man_made_event><w> से </w><w> मैं </w><w> बहुत </w><w> दुखी </w><w> हूं। </w></p><p><w> रेलवे </w><w> बोर्ड </w><w> के </w><w> अध्यक्ष </w><w> ने </w><w> दिया </w><w> इस्तीफा </w><w> रेलवे </w><w> बोर्ड </w><w> के </w><w> अध्यक्ष </w><w> अशोक </w><w> मित्तल </w><w> ने </w><w> लगातार </w><w> हो </w><w> रहे </w><w> हादसों </w><w> के </w><w> बीच </w><w> इस्तीफा </w><w> दे </w><w> दिया। </w><w> हालांकि </w><w> उन्होने </w><w> अपने </w><w> इस्तीफे </w><w> का </w><w> कोई </w><w> कारण </w><w> नहीं </w><w> बताया </w><w> है। </w><w> बताया </w><w> जा </w><w> रहा </w><w> है </w><w> कि </w><w> अश्विनी </w><w> लोहानी </w><w> रेलवे </w><w> बोर्ड </w><w> के </w><w> अगले </w><w> अध्यक्ष </w><w> होंगे। </w><w> लोहानी </w><w> वर्तमान </w><w> में </w><w> एयर </w><w> इंडिया </w><w> के </w><w> सीएमडी </w><w> हैं। </w></p><p><w> थम </w><w> नहीं </w><w> रहे </w><w> हादसे </w></p><p><time-arg id="85"><link event_arg="72" id="86" type_rel="EVENT_ARG"/><w> 13 </w><w> फरवरी </w><w> 2015: </w></time-arg><participant-arg id="73"><link event_arg="72" id="76" type_rel="EVENT_ARG"/><w> बेंगलुरु </w><w> एनार्कुलम </w><w> इंटरसिटी </w><w> एक्सप्रेस </w></participant-arg><man_made_event id="72" type="TRAIN_COLLISION"><w> पटरी </w><w> से </w><w> उतर </w><w> गई। </w></man_made_event><w> दो </w><w> कोच </w><w> में </w><w> बैठे </w><casualties-arg id="74"><link event_arg="72" id="77" type_rel="EVENT_ARG"/><w> 10 </w><w> लोगों </w><w> की </w><w> मौत </w></casualties-arg><w> हुई। </w><casualties-arg id="75"><link event_arg="72" id="78" type_rel="EVENT_ARG"/><w> 154 </w><w> जख्मी </w></casualties-arg><w> हुए। </w></p><p><time-arg id="84"><link event_arg="79" id="87" type_rel="EVENT_ARG"/><w> 20 </w><w> मार्च </w><w> 2015: </w></time-arg><participant-arg id="80"><link event_arg="79" id="88" type_rel="EVENT_ARG"/><w> देहरादून </w><w> वाराणसी </w><w> एक्सप्रेस </w></participant-arg><place-arg id="81"><link event_arg="79" id="89" type_rel="EVENT_ARG"/><w> राय </w><w> बरेली </w></place-arg><w> में </w><man_made_event id="79" type="TRAIN_COLLISION"><w> डिरेल </w></man_made_event><w> हुई। </w><casualties-arg id="82"><link event_arg="79" id="90" type_rel="EVENT_ARG"/><w> 58 </w><w> लोगों </w><w> की </w><w> मौत </w></casualties-arg><w> हुई </w><w> जबकि </w><casualties-arg id="83"><link event_arg="79" id="91" type_rel="EVENT_ARG"/><w> 150 </w><w> घायल </w></casualties-arg><w> हुए। </w></p><p><time-arg id="93"><link event_arg="92" id="98" type_rel="EVENT_ARG"/><w> 25 </w><w> मई </w><w> 2015: </w></time-arg><participant-arg id="94"><link event_arg="92" id="99" type_rel="EVENT_ARG"/><w> राउरकेला </w><w> जम्मू </w><w> तवी </w><w> मुरी </w><w> एक्सप्रेस </w></participant-arg><place-arg id="95"><link event_arg="92" id="100" type_rel="EVENT_ARG"/><w> यूपी </w><w> के </w><w> कौशाम्बी </w></place-arg><w> में </w><man_made_event id="92" type="TRAIN_COLLISION"><w> डिरेल </w></man_made_event><w> हुई। </w><casualties-arg id="96"><link event_arg="92" id="101" type_rel="EVENT_ARG"/><w> पांच </w><w> लोगों </w><w> की </w><w> मौत </w></casualties-arg><w> और </w><casualties-arg id="97"><link event_arg="92" id="102" type_rel="EVENT_ARG"/><w> 50 </w><w> घायल </w></casualties-arg><w> हुए। </w></p><p><time-arg id="105"><link event_arg="104" id="111" type_rel="EVENT_ARG"/><w> 4 </w><w> अगस्त </w><w> 2015: </w></time-arg><place-arg id="106"><link event_arg="104" id="112" type_rel="EVENT_ARG"/><w> मध्य </w><w> प्रदेश </w><w> के </w><w> हरदा </w></place-arg><w> में </w><participant-arg id="107"><link event_arg="108" id="113" type_rel="EVENT_ARG"/><w> कामायनी </w></participant-arg><w> और </w><participant-arg id="108"><link event_arg="104" id="114" type_rel="EVENT_ARG"/><w> जनता </w><w> एक्सप्रेस </w></participant-arg><man_made_event id="104" type="TRAIN_COLLISION"><w> डिरेल </w></man_made_event><w> हुईं। </w><casualties-arg id="109"><link event_arg="104" id="115" type_rel="EVENT_ARG"/><w> 31 </w><w> लोगों </w><w> की </w><w> मौत </w></casualties-arg><w> हुई </w><w> जबकि </w><w> करीब </w><casualties-arg id="110"><link event_arg="104" id="116" type_rel="EVENT_ARG"/><w> 100 </w><w> लोग </w><w> घायल </w></casualties-arg><w> हुए। </w></p><p><time-arg id="118"><link event_arg="117" id="127" type_rel="EVENT_ARG"/><w> 20 </w><w> नवंबर </w><w> 2016: </w></time-arg><participant-arg id="122"><link event_arg="117" id="128" type_rel="EVENT_ARG"/><w> इंदौर </w><w> पटना </w><w> एक्सप्रेस </w></participant-arg><place-arg id="120"><link event_arg="117" id="129" type_rel="EVENT_ARG"/><w> कानपुर </w></place-arg><w> में </w><man_made_event id="117" type="TRAIN_COLLISION"><w> हादसे </w></man_made_event><w> का </w><w> शिकार </w><w> बनी। </w><w> करीब </w><casualties-arg id="123"><link event_arg="117" id="130" type_rel="EVENT_ARG"/><w> 150 </w><w> पैसेंजर्स </w><w> की </w><w> मौत </w></casualties-arg><w> हुई। </w><w> जबकि </w><casualties-arg id="124"><link event_arg="117" id="131" type_rel="EVENT_ARG"/><w> इतने </w><w> ही </w><w> घायल </w></casualties-arg><w> हुए। </w></p><p><time-arg id="119"><link event_arg="132" id="133" type_rel="EVENT_ARG"/><w> 19 </w><w> अगस्त </w><w> 2015: </w></time-arg><place-arg id="121"><link event_arg="132" id="134" type_rel="EVENT_ARG"/><w> यूपी </w><w> के </w><w> खतौली </w></place-arg><w> में </w><man_made_event id="132" type="TRAIN_COLLISION"><w> हादसे </w></man_made_event><w> का </w><w> शिकार </w><w> हुई। </w><w> करीब </w><casualties-arg id="125"><link event_arg="132" id="135" type_rel="EVENT_ARG"/><w> 23 </w><w> लोगों </w><w> की </w><w> मौत </w></casualties-arg><w> हुई। </w><casualties-arg id="126"><link event_arg="132" id="136" type_rel="EVENT_ARG"/><w> 35 </w><w> घायल </w></casualties-arg><w> हुए। </w></p></document>