<?xml version="1.0" encoding="UTF-8"?>
<document><p><w> रेलवे </w><w> ने </w><place-arg id="1"><link event_arg="0" id="16" type_rel="EVENT_ARG"/><w> मध्यप्रदेश </w></place-arg><w> के </w><place-arg id="2"><link event_arg="0" id="17" type_rel="EVENT_ARG"/><w> हरदा </w></place-arg><w> में </w><man_made_event id="0" type="TRANSPORT_HAZARDS"><w> दो </w><w> ट्रेनों </w><w> के </w><w> पटरी </w><w> से </w><w> उतरने </w></man_made_event><w> की </w><w> घटना </w><w> की </w><w> जांच </w><w> के </w><w> आज </w><w> आदेश </w><w> दे </w><w> दिए। </w><w> इस </w><w> घटना </w><w> में </w><casualties-arg id="3"><link event_arg="0" id="19" type_rel="EVENT_ARG"/><w> 27 </w><w> यात्रियों </w></casualties-arg><w> की </w><w> मौत </w><w> हुई </w><w> है </w><w> । </w><w> रेलवे </w><w> ने </w><w> पीड़ितों </w><w> के </w><w> परिवारों </w><w> के </w><w> लिए </w><after_effects-arg id="4"><link event_arg="0" id="18" type_rel="EVENT_ARG"/><w> मुआवजे </w></after_effects-arg><w> के </w><w> आदेश </w><w> भी </w><w> जारी </w><w> किए </w><w> हैं। </w></p><p><w> रेलवे </w><w> के </w><w> प्रवक्ता </w><name-arg id="14"><w> अनिल </w><w> सक्सेना </w></name-arg><w> ने </w><w> कहा </w><w> कि </w><w> रेलवे </w><w> सुरक्षा </w><w> :मध्य </w><w> जोन: </w><w> के </w><w> आयुक्त </w><w> इन </w><after_effects-arg id="5"><link event_arg="0" id="20" type_rel="EVENT_ARG"/><w> दुर्घटनाओं </w><w> की </w><w> जांच </w></after_effects-arg><w> करेंगे। </w></p><p><w> उन्होंने </w><w> कहा </w><w> कि </w><w> प्रथम </w><w> दृष्टया </w><w> यह </w><w> मामला </w><w> अचानक </w><w> आई </w><reason-arg id="6"><link event_arg="0" id="21" type_rel="EVENT_ARG"/><w> बाढ़ </w></reason-arg><w> के </w><w> कारण </w><w> ट्रेनों </w><w> के </w><w> पटरी </w><w> से </w><w> उतर </w><w> जाने </w><w> का </w><w> लगता </w><w> है </w><w> लेकिन </w><w> असल </w><w> वजह </w><w> की </w><w> पुष्टि </w><w> जांच </w><w> रिपोर्ट </w><w> आ </w><w> जाने </w><w> के </w><w> बाद </w><w> ही </w><w> की </w><w> जा </w><w> सकेगी। </w></p><p><w> अधिकारी </w><w> ने </w><w> कहा </w><w> कि </w><w> दुर्घटना </w><w> से </w><w> ठीक </w><w> आठ </w><w> मिनट </w><w> पहले </w><w> ही </w><w> दो </w><w> ट्रेनों </w><w> ने </w><w> इस </w><w> खंड </w><w> को </w><w> पार </w><w> किया </w><w> था </w><w> और </w><w> इन </w><w> ट्रेनों </w><w> के </w><w> चालकों </w><w> को </w><w> कोई </w><w> समस्या </w><w> दिखाई </w><w> नहीं </w><w> दी </w><w> थी। </w></p><p><w> रेलमंत्री </w><w> सुरेश </w><w> प्रभु </w><w> ने </w><w> दोहरे </w><w> ट्रेन </w><w> हादसे </w><w> में </w><w> यात्रियों </w><w> की </w><w> मौत </w><w> पर </w><w> दुख </w><w> जताया </w><w> है </w><w> और </w><w> शोक </w><w> संतप्त </w><w> परिवारों </w><w> के </w><w> प्रति </w><w> गहरी </w><after_effects-arg id="15"><link event_arg="0" id="22" type_rel="EVENT_ARG"/><w> संवेदना </w><w> व्यक्त </w></after_effects-arg><w> की </w><w> है </w><w> । </w></p><p><place-arg id="31"><link event_arg="33" id="34" type_rel="EVENT_ARG"/><w> मुंबई </w></place-arg><w> से </w><w> आ </w><w> रही </w><w> दोनों </w><w> ट्रेनों </w><w> के </w><w> 10 </w><w> डिब्बे </w><place-arg id="32"><link event_arg="33" id="35" type_rel="EVENT_ARG"/><w> मध्यप्रदेश </w></place-arg><w> के </w><place-arg id="9"><link event_arg="33" id="36" type_rel="EVENT_ARG"/><w> हरदा </w></place-arg><w> में </w><man_made_event id="33" type="TRANSPORT_HAZARDS"><event-coref-link event_id="0" id="40" type_rel="EVENT_COREF"></event-coref-link><w> पटरी </w><w> से </w><w> उतर </w></man_made_event><w> गए </w><w> और </w><w> ये </w><w> उफनती </w><w> माचक </w><w> नदी </w><w> में </w><w> जा </w><w> गिरे </w><w> । </w><w> इस </w><w> हादसे </w><w> में </w><casualties-arg id="10"><link event_arg="33" id="37" type_rel="EVENT_ARG"/><w> 10 </w><w> महिलाएं </w></casualties-arg><w> और </w><casualties-arg id="11"><w> पांच </w><w> बच्चों </w></casualties-arg><w> समेत </w><w> कम </w><w> से </w><w> कम </w><casualties-arg id="12"><link event_arg="33" id="38" type_rel="EVENT_ARG"/><w> 24 </w><w> यात्रियों </w></casualties-arg><w> की </w><w> मौत </w><w> हुई </w><w> है </w><w> और </w><casualties-arg id="13"><link event_arg="33" id="39" type_rel="EVENT_ARG"/><w> 25 </w><w> अन्य </w></casualties-arg><w> घायल </w><w> हुए </w><w> हैं </w><w> । </w></p></document>