<?xml version="1.0" encoding="UTF-8"?>
<document><desc></desc><time>2412</time><p><place-arg id="2"><w> शिमला, </w></place-arg><w> नवनीत </w><w> शर्मा। </w><w> यह </w><man_made_event id="1" type="TRANSPORT_HAZARDS"><event-coref-link event_id="0" id="12" type_rel="EVENT_COREF"></event-coref-link><w> हादसा </w></man_made_event><w> महज </w><w> हादसा </w><w> नहीं, </w><w> कई </w><w> दहलीजों </w><w> के </w><w> चिरागों </w><w> को </w><w> बुझाने </w><w> वाली आंधी </w><w> थी...इससे </w><w> सूने </w><w> हुए </w><w> आंगन </w><w> की </w><w> किलकारियां </w><w> कहीं </w><w> पाश्र्व </w><w> में </w><w> गूंज </w><w> रही </w><w> हैं... </w><w> कहीं </w><w> मां </w><w> के </w><w> फैले </w><w> हुए </w><w> हाथ </w><w> हैं </w><w> और </w><w> सामने </w><w> सिमटा </w><w> हुआ...खामोश </w><w> बच्चा </w><w> है। </w><w> कहीं </w><w> गश </w><w> खाती </w><w> ममता </w><w> है... </w><w> कहीं </w><w> पथराया हुआ </w><w> पिता </w><w> है। </w><w> दरअसल </w><w> फूल </w><w> बागों </w><w> के </w><w> लिए </w><w> होते </w><w> हैं, </w><w> ताबूत </w><w> बन </w><w> कर </w><w> दौड़ती </w><w> बसों </w><w> के </w><w> लिए </w><w> नहीं...। </w></p><p><w> फूलों </w><w> को </w><w> किसी </w><w> चालक </w><w> के </w><w> अनुभव </w><w> से </w><w> कोई </w><w> सरोकार </w><w> नहीं </w><w> होता, </w><w> माता-पिता </w><w> यही </w><w> सोच </w><w> कर </w><w> आश्वस्त </w><w> होते </w><w> हैं </w><w> कि </w><w> उनके </w><w> बच्चे </w><w> सुरक्षित </w><w> हाथों </w><w> में </w><w> हैं। </w><w> लेकिन </w><place-arg id="3"><link event_arg="0" id="9" type_rel="EVENT_ARG"/><w> नूरपुर </w><w> के </w><w> चेली </w><w> गांव </w></place-arg><w> में </w><w> गहरी </w><man_made_event id="0" type="TRANSPORT_HAZARDS"><w> ढांक </w><w> से उतरी </w><w> बस </w></man_made_event><w> के </w><w> टुकड़े </w><w> वास्तव </w><w> में </w><w> उस </w><w> विश्वास </w><w> की </w><w> चिंदियां </w><w> हैं </w><w> जो </w><w> अभिभावक </w><w> स्कूल </w><w> या </w><w> किसी </w><w> भी </w><w> व्यवस्था </w><w> पर </w><w> करते </w><w> हैं। </w><w> सुबह </w><w> बड़ा </w><w> आदमी </w><w> बनने </w><w> केलिए </w><w> स्कूल </w><w> बस </w><w> में </w><w> बैठने </w><w> से </w><w> पहले </w><w> हाथ </w><w> हिलाते </w><w> हुए </w><casualties-arg id="17"><link event_arg="0" id="18" type_rel="EVENT_ARG"/><w> नन्हें </w><w> बच्चे </w></casualties-arg><time-arg id="4"><link event_arg="0" id="10" type_rel="EVENT_ARG"/><w> शाम </w><w> तीन </w><w> बजे </w><w> के </w><w> बाद </w></time-arg><w> एक </w><w> ही </w><w> झटके </w><w> में </w><w> सारी </w><w> चेतना </w><w> खो </w><w> बैठें, </w><w> यह </w><w> बड़ी </w><w> त्रासदी </w><w> है। </w></p><p><w> कोई </w><w> कितनी </w><w> भी </w><w> सफाई </w><w> दे...कोई </w><w> कितने </w><w> ही </w><w> तर्क </w><w> दे...इतने </w><w> बच्चों </w><w> की </w><w> एक </w><w> साथ </w><w> मौत </w><w> का </w><w> सच </w><w> अंधेरा </w><w> बन </w><w> कर </w><w> अभागे </w><w> घरों </w><w> पर </w><w> पसर </w><w> गया </w><w> है। </w><w> क्या </w><w> कसूर </w><w> था </w><w> इन </w><w> बच्चों </w><w> का? </w><w> क्या </w><w> दोष </w><w> था </w><w> इन </w><w> अभिभावकों </w><w> का? </w><w> जैसा </w><w> कि </w><w> लोग </w><w> कह </w><w> रहे </w><w> हैं, </w><w> क्या </w><w> यही </w><w> कि </w><reason-arg id="6"><link event_arg="0" id="11" type_rel="EVENT_ARG"/><w> बस </w><w> का </w><w> चालक </w><w> एक </w><w> मोटरसाइकिल </w><w> वाले </w><w> को </w><w> बचाने </w><w> के </w><w> लिए </w><w> सड़क </w><w> से </w><w> बाहर </w><w> हो </w><w> गया? </w></reason-arg><w> या यह </w><w> कि </w><w> उस </w><w> स्थान </w><w> पर </w><reason-arg id="7"><link event_arg="0" id="14" type_rel="EVENT_ARG"/><w> संकरी </w><w> सड़क </w><w> की </w><w> हालत </w><w> खस्ता </w></reason-arg><w> थी </w><w> और </w><reason-arg id="8"><link event_arg="0" id="15" type_rel="EVENT_ARG"/><w> किनारा </w><w> कच्चा </w></reason-arg><w> था? </w><w> या </w><w> यह </w><w> कि </w><w> वे </w><w> व्यवस्था </w><w> को </w><w> यह </w><w> नहीं </w><w> बता </w><w> पाए </w><w> कि </w><w> कुछ </w><w> माह </w><w> पहले </w><w> ही </w><w> उस </w><w> स्थान </w><w> पर </w><w> एक </w><w> ट्रक </w><w> भी </w><w> गिरा </w><w> था, इसलिए </w><w> इस </w><w> स्पॉट </w><w> को </w><w> ठीक </w><w> कीजिए? </w></p><p><time-arg id="5"><link event_arg="0" id="16" type_rel="EVENT_ARG"/><w> सोमवार </w></time-arg><w> को </w><w> बच्चों </w><w> की </w><w> बस </w><w> उसी </w><w> ट्रक </w><w> पर </w><w> गिरी </w><w> है। </w><w> क्या </w><w> विभाग </w><w> और </w><w> नीति </w><w> नियंता </w><w> किसी </w><w> और </w><w> वाहन </w><w> केगिरने </w><w> की </w><w> प्रतीक्षा </w><w> में </w><w> हैं? </w><w> क्या </w><w> यह </w><w> दोष </w><w> लोक </w><w> के लिए </w><w> निर्माण </w><w> करने </w><w> वाले </w><w> विभाग </w><w> का </w><w> नहीं </w><w> है </w><w> जिसे </w><w> इस </w><w> संवेदनशील </w><w> स्थल </w><w> को </w><w> ठीक </w><w> करने </w><w> की </w><w> न </w><w> फुरसत </w><w> मिली, </w><w> न </w><w> इच्छा </w><w> हुई? </w><w> मजिस्ट्रेटी </w><w> जांच </w><w> से </w><w> जो निकलेगा, </w><w> वह </w><w> भी </w><w> सामने </w><w> आएगा, </w><w> लेकिन </w><w> फिलहाल </w><w> दिल </w><w> के </w><w> टुकड़ों </w><w> को </w><w> समेटने </w><w> की </w><w> हिम्मत </w><w> दिखाते </w><w> उन </w><w> अभिभावकों </w><w> के </w><w> बारे </w><w> में </w><w> सोचना चाहिए। </w><w> सोचना </w><w> चाहिए </w><w> व्यवस्था </w><w> को, </w><w> इंजीनियरों </w><w> को </w><w> और </w><w> जन </w><w> प्रतिनिधियों </w><w>  को </w><w> भी, </w><w> जिन्हें </w><w> समस्या </w><w> को </w><w> देख </w><w> कर </w><w> भी </w><w> न </w><w> देखना </w><w> आता </w><w> है। </w><w> ठेहड़ </w><w> और </w><w> गुरचाल </w><w> जैसी </w><w> पंचायतों </w><w> से </w><w> मांग </w><w> भी </w><w> उठी, </w><w> लेकिन निष्ठुर </w><w> व्यवस्था </w><w> ने </w><w> सुनी </w><w> नहीं। </w><w> क्या </w><w> वहां </w><w> मतदाता </w><w> नहीं </w><w> होते? </w><w> नए </w><w> विधायक </w><w> को </w><w> तो </w><w> सौ </w><w> दिन </w><w> हुए </w><w> हैं, </w><w> पुराने </w><w> विधायक </w><w> पांच </w><w> साल </w><w> में </w><w> इस </w><w> सड़क </w><w> का </w><w> हाल </w><w> नहीं </w><w> ले </w><w> सके? </w><w> आखिर </w><w> एक </w><w> क्षतिग्रस्त </w><w> सड़क </w><w> को </w><w> ठीक </w><w> करने </w><w> के </w><w> लिए </w><w> आम </w><w> आदमी </w><w> किसे </w><w> कहे? </w><w> इसके </w><w> अलावा </w><w> भी, </w><w> तेज </w><w> रफ्तार </w><w> में </w><w> चलते </w><w> स्कूली </w><w> वाहनों </w><w> को </w><w> कौन </w><w> नकेलेगा? </w><w> किस </w><w> दिन </w><w> यह </w><w> समझ आएगा </w><w> कि </w><w> बच्चों </w><w> में </w><w> और </w><w> सामान </w><w> में </w><w> फर्क </w><w> होता </w><w> है? </w></p><p><w> गहरी </w><w> नींद </w><w> सोये </w><w> ये </w><w> फूल </w><w> अब </w><w> कभी </w><w> स्कूल </w><w> नहीं </w><w> जाएंगे। </w><w> एक </w><w> अबोध </w><w> संसार </w><w> अपराधी </w><w> न </w><w> होते </w><w> हुए </w><w> भी </w><w> हमेशा </w><w> के </w><w> लिए </w><w> चुप </w><w> हो </w><w> गया। </w><w> व्यवस्था... </w><w> सड़क... </w><w> ये </w><w> हुआ... </w><w> वह </w><w> हुआ....यह </w><w> सब </w><w> चलता </w><w> रहेगा </w><w> लेकिन </w><w> स्कूल </w><w> में </w><w> इन </w><w> बच्चों </w><w> की </w><w> मुस्कान </w><w> जितनी </w><w> जगह </w><w> हमेशा </w><w> खाली </w><w> रहेगी...हो </w><w> सकता </w><w> है </w><w> आने </w><w> वाले </w><w> समय </w><w> में </w><w> भर </w><w> भी </w><w> जाए </w><w> लेकिन </w><w> उन </w><w> घरों </w><w> का </w><w> क्या जहां </w><w> हर </w><w> कोना </w><w> खाली </w><w> रहेगा...। </w><w> बार- </w><w> बार </w><w> यह </w><w> याद </w><w> दिलाता </w><w> हुआ...कि </w><w> फूलों </w><w> के </w><w> लिए </w><w> बाग </w><w> होते </w><w> हैं, </w><w> ताबूत </w><w> नहीं.....।  </w></p></document>