<?xml version="1.0" encoding="UTF-8"?>
<document><desc></desc><time>863</time><p><place-arg id="0"><link event_arg="1" id="3" type_rel="EVENT_ARG"/><w> कारगिल </w></place-arg><w> में </w><natural_event id="1" type="BLIZZARD"><w> बर्फिले </w><w> तूफान </w></natural_event><w> की </w><w> चपेट </w><w> में </w><w> आने </w><w> के </w><w> कारण </w><casualties-arg id="2"><link event_arg="1" id="4" type_rel="EVENT_ARG"/><w> एक </w><w> सैनिक </w><w> शहीद </w></casualties-arg><w> हो </w><w> गया। </w><w> तीन </w><w> दिन </w><w> चले </w><w> बचाव </w><w> कार्य </w><w> के </w><w> बाद </w><w> सैनिक </w><w> का </w><w> शव </w><w> खोजी </w><w> दस्ते </w><w> को </w><w> बर्फ </w><w> में </w><w> दबा </w><w> मिला। </w><w> रक्षा </w><w> विभाग </w><w> के </w><w> प्रवक्ता </w><w> ने </w><w> कहा </w><w> कि, </w><w> “तीन </w><w> दिन </w><w> से </w><w> खोजी </w><w> दस्ता </w><w> बचाव </w><w> कार्य </w><w> में </w><w> लगा </w><w> हुआ </w><w> था। </w><w> रविवार </w><w> को </w><w> सिपाही </w><w> विजय </w><w> कुमार </w><w> का </w><w> शव </w><w> बर्फ </w><w> के </w><w> करीब </w><w> 12 </w><w> फीट </w><w> नीचे </w><w> दबा </w><w> हुआ </w><w> मिला। </w><w> तीन </w><w> दिन </w><w> से </w><w> मौसम </w><w> बेहद </w><w> खराब </w><w> होने </w><w> के </w><w> बावजूद </w><w> बचाव </w><w> कार्य </w><w> जारी </w><w> रखा </w><w> गया </w><w> था </w><w> लेकिन </w><w> सिपाही </w><w> को </w><w> बचाया </w><w> नहीं </w><w> जा </w><w> सका” </w></p><p><w> सेना </w><w> ने </w><w> बचाव </w><w> कार्य </w><w> में </w><w> खोजी </w><w> कुत्ते, </w><w> रडार्स </w><w> और </w><w> मेटल </w><w> डिटेक्टर्स </w><w> की </w><w> भी </w><w> मदद </w><w> ली </w><w> गई </w><w> थी। </w><w> सेना </w><w> के </w><w> प्रवक्ता </w><w> ने </w><w> कहा </w><w> कि </w><w> विजय </w><w> तमिलनाडु </w><w> के </w><w> वल्लारामपुरम </w><w> क्षेत्र </w><w> का </w><w> रहने </w><w> वाला </w><w> था। </w><w> उसके </w><w> परिवार </w><w> में </w><w> उसके </w><w> माता-पिता </w><w> और </w><w> उसकी </w><w> दो </w><w> छोटी </w><w> बहनें </w><w> थी। </w><w> विजय </w><w> के </w><w> शव </w><w> को </w><w> उसके पैतृक </w><w> निवास </w><w> भेजा </w><w> जायेगा </w><w> जहां </w><w> पूरे </w><w> सैन्य </w><w> सम्मान </w><w> के </w><w> साथ </w><w> उनका </w><w> अंतिम </w><w> संस्कार </w><w> होगा। </w><w> सेना </w><w> ने </w><w> शहीद </w><w> विजय </w><w> के </w><w> परिवार </w><w> के </w><w> साथ </w><w> गहरी </w><w> संवेदना </w><w> व्यक्त </w><w> की </w><w> है। </w><w> हालांकि </w><w> सेना </w><w> ने </w><w> बजाव </w><w> कार्य </w><w> के </w><w> पहले </w><w> ही </w><w> दिन </w><w> बर्फीले </w><w> तूूफान </w><w> में </w><w> ही </w><w> लापता </w><w> हो </w><w> चुके </w><w> सिपाही </w><w> सुजीत </w><w> को </w><w> ढूंढ़ </w><w> निकाला </w><w> था। </w><w> सिपाही </w><w> सुजीत </w><w> अभी </w><w> डॉक्टर्स </w><w> की </w><w> देखरेख </w><w> में </w><w> हैं। </w><w> उनकी </w><w> हालत </w><w> स्थिर </w><w> है। </w></p></document>