<?xml version="1.0" encoding="UTF-8"?>
<document><desc></desc><time>581</time><p><natural_event id="8" type="COLD_WAVE"><w> शीत </w><w> लहरों </w></natural_event><w> के </w><after_effects-arg id="9"><link event_arg="8" id="10" type_rel="EVENT_ARG"/><w> थपेड़ो </w><w> ने </w><w> रुलाया </w></after_effects-arg></p><p><w> करनाल। </w><speed-arg id="1"><link event_arg="0" id="6" type_rel="EVENT_ARG"/><w> नौ </w><w> किलोमीटर </w><w> प्रति </w><w> घंटा </w></speed-arg><w> की </w><w> रफ्तार </w><w> से </w><w> चली </w><natural_event id="0" type="COLD_WAVE"><event-coref-link event_id="8" id="14" type_rel="EVENT_COREF"></event-coref-link><w> शीत </w><w> लहर </w></natural_event><w> ने </w><after_effects-arg id="2"><link event_arg="0" id="7" type_rel="EVENT_ARG"/><w> लोगों </w><w> को </w><w> दिनभर </w><w> ठिठुराए </w><w> रखा। </w></after_effects-arg><w> हालांकि </w><w> मौसम </w><w> साफ </w><w> था </w><w> और </w><w> जमकर </w><w> धूप </w><w> खिली, </w><w> लेकिन </w><w> हवा </w><w> की </w><w> रफ्तार </w><w> और </w><w> मौसम </w><w> की </w><w> नमी </w><w> से </w><w> लोगों </w><w> को </w><w> ठंड </w><w> का </w><w> अहसास </w><w> दिनभर </w><w> रहा। </w><w> मौसम </w><w> विभाग </w><w> का </w><w> कहना </w><w> है </w><w> कि </w><w> मौसम </w><w> तो </w><w> साफ </w><w> रहेगा, </w><w> लेकिन </w><w> लोगों </w><w> को </w><w> ठंड </w><w> का </w><w> अहसास </w><w> जरूर </w><w> रहेगा।बृहस्पतिवार </w><w> को </w><w> ओर </w><w> दिनों </w><w> की </w><w> अपेक्षा </w><w> धूप </w><w> अच्छी </w><w> खिली </w><w> थी, </w><w> लेकिन </w><w> मौसम </w><w> की </w><w> नमी </w><w> और </w><natural_event id="3" type="COLD_WAVE"><event-coref-link event_id="8" id="13" type_rel="EVENT_COREF"></event-coref-link><w> शीत </w><w> लहर </w></natural_event><w> के </w><w> सामने </w><w> इसका </w><w> असर </w><w> ना </w><w> के </w><w> बराबर </w><w> रहा। </w><w> बृहस्पतिवार </w><w> को </w><w> अधिकतम </w><w> तापमान </w><w> 24.6 </w><w> डिग्री </w><w> रिकार्ड </w><w> किया </w><w> गया, </w><w> वहीं </w><w> न्यूनतम </w><w> तापमान </w><w> मात्र </w><w> सात </w><w> डिग्री </w><w> रहा। </w><w> नमी </w><w> सुबह </w><w> 88 </w><w> प्रतिशत </w><w> व </w><w> शाम </w><w> को </w><w> तीस </w><w> प्रतिशत </w><w> दर्ज </w><w> की </w><w> गई। </w><w> इसी </w><w> तरह </w><w> वाष्प </w><w> दबाव </w><w> सुबह </w><w> 7.2 </w><w> प्रतिशत </w><w> रहा </w><w> और </w><w> शाम </w><w> को </w><w> 7.0 </w><w> प्रतिशत </w><w> रहा। </w><w> जबकि </w><w> नौ </w><w> किलोमीटर </w><w> प्रतिघंटा </w><w> की </w><w> रफ्तार </w><w> से </w><natural_event id="4" type="COLD_WAVE"><event-coref-link event_id="8" id="12" type_rel="EVENT_COREF"></event-coref-link><w> शीत </w><w> लहर </w></natural_event><w> चली। </w><w> ठंड़ी </w><w> हवा </w><w> के </w><w> कारण </w><w> लोग </w><w> खिली </w><w> धूप </w><w> तापते </w><w> दिखे। </w><w> मौसम </w><w> विभाग </w><w> का </w><w> कहना </w><w> है </w><w> कि </w><w> मौसम </w><w> का </w><w> उतार-चढ़ाव </w><w> इसी </w><w> तरह </w><w> रहेगा। </w><w> अभी </w><w> ठंड </w><w> लगातार </w><w> बढे़गी। </w><w> हालांकि </w><w> मौसम </w><w> शुक्रवार </w><w> को </w><w> आमतौर </w><w> पर </w><w> साफ </w><w> रहेगा, </w><w> परंतु </w><natural_event id="5" type="COLD_WAVE"><event-coref-link event_id="8" id="11" type_rel="EVENT_COREF"></event-coref-link><w> ठंड </w><w> हवा </w></natural_event><w> की </w><w> रफ्तार </w><w> पर </w><w> निर्भर </w><w> करेगी। </w></p></document>