<?xml version="1.0" encoding="UTF-8"?>
<document><p><time-arg id="7"><link event_arg="0" id="34" type_rel="EVENT_ARG"/><w> गणतंत्र </w><w> दिवस </w></time-arg><time-arg id="8"><link event_arg="0" id="33" type_rel="EVENT_ARG"/><w> (26 </w><w> जनवरी) </w></time-arg><w> को </w><place-arg id="12"><link event_arg="0" id="32" type_rel="EVENT_ARG"/><w> उत्तर </w><w> प्रदेश </w></place-arg><w> के </w><place-arg id="13"><link event_arg="0" id="31" type_rel="EVENT_ARG"/><w> कासगंज </w></place-arg><w> में </w><time-arg id="17"><link event_arg="0" id="30" type_rel="EVENT_ARG"/><w> तिरंगा </w><w> यात्रा </w><w> के </w><w> दौरान </w></time-arg><w> हुई </w><man_made_event id="0" type="RIOTS"><w> सांप्रदायिक </w><w> हिंसा </w></man_made_event><w> की </w><w> लपटें </w><w> शांत </w><w> होने </w><w> का </w><w> नाम </w><w> नहीं </w><w> ले </w><w> रही </w><w> हैं। </w><time-arg id="9"><link event_arg="0" id="35" type_rel="EVENT_ARG"/><w> शुक्रवार </w></time-arg><w> को </w><participant-arg id="18"><link event_arg="0" id="36" type_rel="EVENT_ARG"/><w> दो </w><w> समुदायों </w></participant-arg><w> के </w><w> बीच </w><man_made_event id="2" type="RIOTS"><event-coref-link event_id="0" id="52" type_rel="EVENT_COREF"></event-coref-link><w> पत्थरबाजी </w></man_made_event><w> और </w><man_made_event id="1" type="RIOTS"><event-coref-link event_id="0" id="53" type_rel="EVENT_COREF"></event-coref-link><w> गोलीबारी </w></man_made_event><w> में </w><casualties-arg id="26"><link event_arg="0" id="37" type_rel="EVENT_ARG"/><w> जान </w><w> गंवाने </w><w> वाले </w><w> 22 </w><w> वर्षीय </w><w> चंदन </w><w> गुप्ता </w></casualties-arg><w> का </w><w> कड़ी </w><w> सुरक्षा </w><w> के </w><w> बीच </w><w> शनिवार </w><w> (27 </w><w> जनवरी) </w><w> को </w><w> अंतिम </w><w> संस्कार </w><w> किया </w><w> गया, </w><w> लेकिन </w><w> इसके </w><w> बाद </w><w> फिर </w><w> से </w><w> कुछ </w><man_made_event id="3" type="RIOTS"><event-coref-link event_id="0" id="54" type_rel="EVENT_COREF"></event-coref-link><w> दुकानों </w><w> में </w><w> आग </w><w> लगा </w><w> दी </w></man_made_event><w> गई। </w><after_effects-arg id="23"><link event_arg="0" id="38" type_rel="EVENT_ARG"/><w> इलाके </w><w> में </w><w> पुलिस </w><w> बल </w><w> के </w><w> अलावा </w><w> आएएफ </w><w> और </w><w> पीएसी </w><w> तैनात </w></after_effects-arg><w> होने </w><w> और </w><after_effects-arg id="22"><link event_arg="0" id="39" type_rel="EVENT_ARG"/><w> कर्फ्यू </w><w> घोषित </w></after_effects-arg><w> होने </w><w> के </w><w> बाद </w><w> ये </w><w> स्थिति </w><w> बनी </w><w> हुई </w><w> है। </w><w> मीडिया </w><w> रिपोर्ट्स </w><w> के </w><w> मुताबिक </w><w> मुख्यमंत्री </w><w> योगी </w><w> आदित्यनाथ </w><w> ने </w><w> मृतक </w><w> चंदन </w><w> गुप्ता </w><w> के </w><w> परिवार </w><w> से </w><w> संवेदना </w><w> जताई </w><w> है </w><w> और </w><w> शोक </w><w> जाहिर </w><w> करते </w><w> हुए </w><w> प्रशासन </w><w> से </w><w> परिवार </w><w> की </w><w> हर </w><w> संभव </w><w> मदद </w><w> करने </w><w> के </w><w> निर्देश </w><w> दिए </w><w> हैं। </w><w> सीएम </w><w> योगी </w><w> ने </w><w> इस </w><w> इस </w><w> मामले </w><w> में </w><w> शामिल </w><w> तमाम </w><w> अराजक </w><w> तत्वों से कड़ाई </w><w> से </w><w> निपटने </w><w> के </w><w> भी </w><w> निर्देश </w><w> दिए </w><w> हैं। </w><w> इलाके </w><w> में </w><w> तनाव </w><w> बना </w><w> हुआ </w><w> है, </w><w> पुलिस </w><w> ने </w><after_effects-arg id="24"><link event_arg="0" id="40" type_rel="EVENT_ARG"/><w> 9 </w><w> लोगों </w><w> को </w><w> हिरासत </w><w> में </w><w> लिया </w></after_effects-arg><w> है </w><w> और </w><w> उनसे </w><w> पूछताछ </w><w> हो </w><w> रही </w><w> है। </w></p><p><w>   </w></p><p><w> उक्त </w><man_made_event id="4" type="RIOTS"><event-coref-link event_id="0" id="55" type_rel="EVENT_COREF"></event-coref-link><w> घटना </w></man_made_event><w> में </w><w> थाना </w><w> कोतवाली </w><place-arg id="14"><link event_arg="4" id="41" type_rel="EVENT_ARG"/><w> कासगंज </w></place-arg><w> पर </w><w> तत्काल </w><w> अभियोग </w><w> पंजीकृत </w><w> कर </w><after_effects-arg id="25"><link event_arg="4" id="42" type_rel="EVENT_ARG"/><w> 09 </w><w> अभियुक्तों </w><w> को </w><w> गिरफ्तार </w><w> किया </w></after_effects-arg><w> जा </w><w> चुका </w><w> है </w><w> एवं </w><w> विशेष </w><w> टीम </w><w> का </w><w> गठन </w><w> कर </w><w> शेष </w><w> अभियुक्तों </w><w> की </w><w> गिरफ्तारी </w><w> हेतु </w><w> हर </w><w> सम्भव </w><w> प्रयास </w><w> किये </w><w> जा </w><w> रहे </w><w> हैं </w><w> । </w></p><p><w> बता </w><w> दें </w><w> कि </w><time-arg id="10"><link event_arg="16" id="45" type_rel="EVENT_ARG"/><w> शुक्रवार </w></time-arg><w> को </w><time-arg id="11"><link event_arg="16" id="44" type_rel="EVENT_ARG"/><w> गणतंत्र </w><w> दिवस </w></time-arg><w> के </w><w> मौके </w><w> पर </w><place-arg id="15"><link event_arg="16" id="43" type_rel="EVENT_ARG"/><w> बिलराम </w><w> गेट </w><w> इलाके </w></place-arg><w> से </w><w> गुजर </w><w> रही </w><w> तिरंगा </w><w> यात्रा </w><w> उस </w><w> वक्त </w><man_made_event id="16" type="RIOTS"><event-coref-link event_id="0" id="56" type_rel="EVENT_COREF"></event-coref-link><w> हिंसक </w><w> टकराव </w></man_made_event><w> में </w><w> तब्दील </w><w> हो </w><w> गई </w><w> जब </w><participant-arg id="19"><link event_arg="16" id="46" type_rel="EVENT_ARG"/><w> दो </w><w> सामुदायों </w></participant-arg><w> के </w><w> बीच </w><w> नारेबाजी </w><w> को </w><man_made_event id="5" type="RIOTS"><event-coref-link event_id="0" id="57" type_rel="EVENT_COREF"></event-coref-link><w> झड़प </w></man_made_event><w> हुई। </w><w> तिरंगा </w><w> यात्रा </w><w> भारतीय </w><w> जनता </w><w> पार्टी </w><w> (बीजेपी) </w><w> की </w><w> छात्र </w><w> शाखा </w><participant-arg id="20"><link event_arg="5" id="47" type_rel="EVENT_ARG"/><w> अखिल </w><w> भारतीय </w><w> विद्यार्थी </w><w> परिषद </w><w> (एबीवीपी) </w></participant-arg><w> और </w><participant-arg id="21"><link event_arg="5" id="48" type_rel="EVENT_ARG"/><w> विश्व </w><w> हिंदू </w><w> परिषद </w><w> (वीएचपी) </w></participant-arg><w> के </w><w> लोगों </w><w> ने </w><w> निकाली </w><w> थी। </w><man_made_event id="6" type="RIOTS"><event-coref-link event_id="0" id="58" type_rel="EVENT_COREF"></event-coref-link><w> झड़प </w></man_made_event><w> होने </w><w> के </w><w> बाद </w><after_effects-arg id="27"><link event_arg="6" id="49" type_rel="EVENT_ARG"/><w> पत्थर </w><w> और </w><w> गोलियां </w><w> चलीं। </w></after_effects-arg><after_effects-arg id="59"><link event_arg="6" id="62" type_rel="EVENT_ARG"/><w> वाहनों </w><w> और </w><w> दुकानों </w><w> में </w><w> तोड़फोड़ </w></after_effects-arg><w> और </w><after_effects-arg id="60"><link event_arg="6" id="61" type_rel="EVENT_ARG"/><w> आगजनी </w></after_effects-arg><w> की </w><w> गई। </w><casualties-arg id="28"><link event_arg="6" id="50" type_rel="EVENT_ARG"/><w> कई </w><w> लोग </w><w> घायल </w></casualties-arg><w> हुए </w><w> और </w><w> चंदन </w><w> गुप्ता </w><w> की </w><w> इलाज </w><w> के </w><w> दौरान </w><w> अस्पताल </w><w> में </w><w> मौत </w><w> हो </w><w> गई। </w><casualties-arg id="29"><link event_arg="6" id="51" type_rel="EVENT_ARG"/><w> एक </w><w> और </w><w> शख्स </w><w> को </w><w> गोली </w><w> लगने </w></casualties-arg><w> की </w><w> बात </w><w> बताई </w><w> जा </w><w> रही </w><w> है। </w><w> एडीजी </w><w> (लॉ </w><w> एंड </w><w> ऑर्डर) </w><w> आनंद </w><w> कुमार </w><w> ने </w><w> बताया </w><w> था </w><w> कि </w><w> कोई </w><w> लोगों </w><w> को </w><w> पूछताछ </w><w> के </w><w> लिए </w><w> हिरासत </w><w> में </w><w> लिया </w><w> गया </w><w> है </w><w> और </w><w> जांच </w><w> पूरी </w><w> होने </w><w> पर </w><w> मामले </w><w> के </w><w> दोषियों </w><w> के </w><w> खिलाफ </w><w> सख्त </w><w> कार्रावाई </w><w> होगी। </w></p><p><w> मीडिया </w><w> रिपोर्ट्स </w><w> के </w><w> मुताबिक </w><w> इलाके </w><w> में </w><w> भारी </w><w> तनाव </w><w> को </w><w> देखते </w><w> हुए </w><w> प्रशासन </w><w> के </w><w> कई </w><w> अधिकारी </w><w> भी </w><w> गश्त </w><w> कर </w><w> रहे </w><w> हैं। </w><w> इनमें </w><w> अलीगढ़ </w><w> मंडल </w><w> के </w><w> मंडलायुक्त </w><w> सुभाष </w><w> चंद्र </w><w> शर्मा, </w><w> अलीगढ़ </w><w> मंडल </w><w> के </w><w> आईजी </w><w> डॉ. </w><w> संजीव </w><w> कुमार </w><w> गुप्ता, </w><w> आगरा </w><w> जोन </w><w> के </w><w> एडीजी </w><w> अजय </w><w> आनंद, </w><w> कासगंज </w><w> के </w><w> डीएम </w><w> आरपी </w><w> सिंह </w><w> और </w><w> कासगंज </w><w> के </w><w> एसपी </w><w> सुनील </w><w> कुमार </w><w> सिंह </w><w> शामिल </w><w> हैं। </w></p></document>