<?xml version="1.0" encoding="UTF-8"?>
<document><p><w> यूएस-बांग्ला </w><w> एअरलाइंस </w><w> का </w><w> एक </w><w> विमान </w><time-arg id="8"><link event_arg="0" id="19" type_rel="EVENT_ARG"/><w> सोमवार </w></time-arg><w> को </w><place-arg id="1"><link event_arg="0" id="20" type_rel="EVENT_ARG"/><w> नेपाल </w></place-arg><w> के </w><place-arg id="2"><link event_arg="0" id="21" type_rel="EVENT_ARG"/><w> त्रिभुवन </w><w> अंतरराष्ट्रीय </w><w> हवाईअड्डे </w><w> (टीआईए) </w></place-arg><w> पर </w><w> उतरने </w><w> के </w><w> बाद </w><reason-arg id="10"><link event_arg="0" id="22" type_rel="EVENT_ARG"/><w> रनवे </w><w> से </w><w> फिसलकर </w></reason-arg><man_made_event id="0" type="TRANSPORT_HAZARDS"><w> दुर्घटनाग्रस्त </w></man_made_event><w> हो </w><w> गया </w><w> जिससे </w><w> उसमें </w><after_effects-arg id="11"><link event_arg="0" id="23" type_rel="EVENT_ARG"/><w> आग </w><w> लग </w></after_effects-arg><w> गई। </w><w> इस </w><man_made_event id="12" type="TRANSPORT_HAZARDS"><event-coref-link event_id="0" id="25" type_rel="EVENT_COREF"></event-coref-link><w> हादसे </w></man_made_event><w> में </w><w> कम </w><w> से </w><w> कम </w><casualties-arg id="14"><link event_arg="12" id="24" type_rel="EVENT_ARG"/><w> 50 </w><w> से </w><w> अधिक </w></casualties-arg><w> लोगों </w><w> के </w><w> मारे </w><w> जाने </w><w> की </w><w> आशंका </w><w> है। </w><w> एक </w><w> शीर्ष </w><w> नेपाली </w><w> अधिकारी </w><w> ने </w><w> यह </w><w> जानकारी </w><w> दी। </w><w> बोम्बार्डियर </w><w> डैश8 </w><w> क्यू400 </w><w> विमान </w><w> में </w><w> 67 </w><w> यात्री </w><w> और </w><w> चालक </w><w> दल </w><w> के </w><w> चार </w><w> सदस्य </w><w> सवार </w><w> थे। </w><w> टीआईए </w><w> प्रवक्ता </w><w> प्रेमनाथ </w><w> ठाकुर </w><w> ने </w><w> बताया </w><w> कि </w><w> विमान </w><w> उतरते </w><w> समय </w><w> रनवे </w><w> पर </w><w> लड़खड़ा </w><w> गया </w><w> और </w><w> इसमें </w><w> आग </w><w> लग </w><w> गई </w><w> तथा </w><w> यह </w><w> हवाईअड्डे </w><w> के </w><w> पास </w><w> एक </w><w> फुटबाल </w><w> मैदान </w><w> में </w><w> जाकर </w><w> दुर्घटनाग्रस्त </w><w> हो </w><w> गया। </w></p><p><w> ‘माई </w><w> रिपब्लिका’ </w><w> ने </w><w> टीआईए </w><w> के </w><w> महाप्रबंधक </w><w> राज </w><w> कुमार </w><w> छेत्री </w><w> के </w><w> हवाले </w><w> से </w><w> बताया, </w><man_made_event id="13" type="TRANSPORT_HAZARDS"><event-coref-link event_id="0" id="26" type_rel="EVENT_COREF"></event-coref-link><w> “हादसे </w></man_made_event><w> में </w><casualties-arg id="15"><link event_arg="13" id="27" type_rel="EVENT_ARG"/><w> 50 </w><w> से </w><w> अधिक </w></casualties-arg><w> लोगों </w><w> के </w><w> मारे </w><w> जाने </w><w> की </w><w> आशंका </w><w> है। </w><w> हम </w><w> राहत </w><w> एवं </w><w> बचाव </w><w> अभियान </w><w> चला </w><w> रहे </w><w> है।” </w><w> हादसे </w><w> में </w><casualties-arg id="16"><link event_arg="13" id="28" type_rel="EVENT_ARG"/><w> 20 </w><w> से </w><w> अधिक </w><w> लोग </w></casualties-arg><w> घायल </w><w> हुए </w><w> जिन्हें </w><w> इलाज </w><w> के </w><w> लिए </w><place-arg id="3"><link event_arg="13" id="29" type_rel="EVENT_ARG"/><w> काठमांडू </w><w> मेडिकल </w><w> कॉलेज </w></place-arg><w> ले </w><w> जाया </w><w> गया </w><w> जिसमें </w><w> से </w><casualties-arg id="18"><link event_arg="13" id="30" type_rel="EVENT_ARG"/><w> सात </w></casualties-arg><w> को </w><w> अस्पताल </w><w> में </w><w> मृत </w><w> लाया </w><w> गया। </w><w> शेष </w><w> घायलों </w><w> का </w><w> इलाज </w><w> चल </w><w> रहा </w><w> है। </w><w> विमान, </w><w> यूबीजी </w><w> 211, </w><place-arg id="6"><w> ढाका </w><w> (बांग्लादेश) </w></place-arg><w> से </w><place-arg id="5"><w> काठमांडू </w></place-arg><w> आ </w><w> रहा </w><w> था। </w><w> विमान </w><w> ने </w><place-arg id="7"><w> ढाका </w></place-arg><w> से </w><w> उड़ान </w><w> भरी </w><w> थी </w><w> और </w><w> यह </w><time-arg id="9"><link event_arg="13" id="31" type_rel="EVENT_ARG"/><w> अपराह्न </w><w> दो </w><w> बजकर </w><w> 20 </w><w> मिनट </w></time-arg><w> (स्थानीय </w><w> समय) </w><w> पर </w><w> हवाई </w><w> अड्डे </w><w> पर </w><w> उतरा। </w></p><p><w> फुटबाल </w><w> मैदान </w><w> से </w><w> काले </w><w> धुएं </w><w> की </w><w> लपटें </w><w> उठती </w><w> हुई </w><w> देखी </w><w> जा </w><w> सकती </w><w> थी। </w><w> हिमालयन </w><w> टाइम्स </w><w> ने </w><w> हवाई </w><w> अड्डे </w><w> के </w><w> एक </w><w> अधिकारी </w><w> के </w><w> हवाले </w><w> से </w><w> बताया, </w><w> “विमान </w><w> रनवे </w><w> पर </w><w> फिसल </w><w> गया </w><w> और </w><w> उसमें </w><w> तुरन्त </w><w> आग </w><w> लग </w><w> गई।” </w><w> अधिकारियों </w><w> ने </w><w> हालांकि </w><w> बताया </w><w> कि </w><w> दुर्घटना </w><w> का </w><w> कारण </w><w> तकनीकी </w><w> गड़बड़ी </w><w> भी </w><w> हो </w><w> सकता </w><w> है।” </w><w> ‘काठमांडू </w><w> पोस्ट’ </w><w> ने </w><w> नेपाली </w><w> नागरिक </w><w> उड्डयन </w><w> प्राधिकरण </w><w> के </w><w> महानिदेशक </w><w> संजीव </w><w> गौतम </w><w> के </w><w> हवाले </w><w> से </w><w> बताया, </w><w> ‘‘विमान </w><w> को </w><w> रनवे </w><w> के </w><w> दक्षिण </w><w> की </w><w> ओर </w><w> उतरने </w><w> की </w><w> अनुमति </w><w> दी </w><w> गई </w><w> थी </w><w> लेकिन </w><w> यह </w><w> उत्तर </w><w> की </w><w> ओर </w><w> उतरा।’’ </w></p><p><w> उन्होंने </w><w> बताया </w><w> कि </w><w> रनवे </w><w> पर </w><w> उतरने </w><w> के </w><w> प्रयास </w><w> में </w><w> विमान </w><w> ने </w><w> संतुलन </w><w> खो </w><w> दिया। </w><w> गौतम </w><w> ने </w><w> कहा, </w><w> ‘‘हम </w><w> इस </w><w> असमान्य </w><w> लैंडिंग </w><w> के </w><w> पीछे </w><w> कारण </w><w> का </w><w> पता </w><w> लगा </w><w> रहे </w><w> हैं।’’ </w><w> उन्होंने </w><w> कहा </w><w> कि </w><w> इस </w><w> हादसे </w><w> का </w><w> कारण </w><w> तकनीकी </w><w> गड़बड़ी </w><w> भी </w><w> हो </w><w> सकता </w><w> है। </w><w> अधिकारियों </w><w> ने </w><w> बताया </w><w> कि </w><w> आग </w><w> पर </w><w> काबू </w><w> पा </w><w> लिया </w><w> गया </w><w> है </w><w> और </w><w> राहत </w><w> एवं </w><w> बचाव </w><w> अभियान </w><w> जारी </w><w> है। </w></p></document>