<?xml version="1.0" encoding="UTF-8"?>
<document><desc></desc><time>663</time><p><w> संवाद </w><w> सहयोगी, </w><place-arg id="5"><link event_arg="0" id="16" type_rel="EVENT_ARG"/><w> बसोहली </w></place-arg><w> : </w><place-arg id="6"><link event_arg="0" id="17" type_rel="EVENT_ARG"/><w> तहसील </w></place-arg><w> में </w><w> दो </w><w> दिन </w><w> हुई </w><reason-arg id="8"><link event_arg="0" id="18" type_rel="EVENT_ARG"/><w> बारिश </w></reason-arg><w> के </w><w> कारण </w><w> क्षेत्र </w><w> के </w><w> एक </w><w> किसान </w><w> की </w><w> गौशाला </w><natural_event id="0" type="LAND_SLIDE"><w> भूस्खलन </w></natural_event><w> की </w><w> चपेट </w><w> में </w><w> आ </w><w> गई। </w><w> इससे </w><w> गौशाला </w><w> में </w><w> नौ </w><w> भेड़ों </w><w> की </w><w> मौत </w><w> हो </w><w> गई। </w></p><p><w> पूर्व </w><w> सरपंच </w><w> भगत </w><w> राम </w><w> एवं </w><w> किसान </w><w> हेम </w><w> राज </w><w> पुत्र </w><w> गुजरू </w><w> राम </w><w> निवासी </w><w> नगाली </w><place-arg id="7"><w> तहसील </w><w> बसोहली </w></place-arg><w> ने </w><w> बताया </w><w> कि </w><time-arg id="10"><link event_arg="0" id="19" type_rel="EVENT_ARG"/><w> 12 </w><w> फरवरी </w></time-arg><w> को </w><w> देर </w><w> रात </w><w> को </w><w> हुई </w><w> जोरदार </w><reason-arg id="9"><link event_arg="0" id="20" type_rel="EVENT_ARG"/><w> बारिश </w></reason-arg><w> में </w><w> उसके </w><w> घर </w><w> के </w><w> ऊपर </w><natural_event id="1" type="LAND_SLIDE"><link event_arg="0" id="21" type_rel="EVENT_ARG"/><w> पहाड़ी </w><w> से </w><w> मिट्टी </w><w> खिसकना </w></natural_event><w> शुरू </w><w> हो </w><w> गई। </w><w> देखते </w><w> ही </w><w> देखते </w><w> पूरी </w><w> पहाड़ी </w><w> टूट </w><w> गई </w><w> और </w><w> उसका </w><after_effects-arg id="11"><link event_arg="0" id="22" type_rel="EVENT_ARG"/><w> मलबा </w><w> गौशाला </w><w> पर </w><w> गिर </w><w> गया। </w></after_effects-arg><natural_event id="2" type="LAND_SLIDE"><event-coref-link event_id="0" id="23" type_rel="EVENT_COREF"></event-coref-link><w> भूस्खलन </w></natural_event><w> की </w><w> चपेट </w><w> में </w><w> आकर </w><w> जहां </w><w> उसकी </w><after_effects-arg id="12"><w> गौशाला </w><w> पूरी </w><w> तरह </w><w> से </w><w> ध्वस्त </w></after_effects-arg><w> हो </w><w> गई, </w><w> वहीं </w><w> नौ </w><w> भेडें़ </w><w> भी </w><natural_event id="3" type="LAND_SLIDE"><event-coref-link event_id="2" id="24" type_rel="EVENT_COREF"></event-coref-link><w> भूस्खलन </w></natural_event><w> की </w><w> मिट्टी </w><w> में </w><w> दब </w><w> गई। </w><w> इसके </w><w> साथ </w><w> ही </w><w> उसके </w><after_effects-arg id="13"><w> घर </w><w> को </w><w> भी </w><w> नुकसान </w></after_effects-arg><w> हुआ </w><w> है। </w><w> इस </w><w> संबंध </w><w> में </w><w> उसने </w><w> तहसील </w><w> कार्यालय </w><w> में </w><w> आकर </w><w> अपनी </w><w> रिपोर्ट </w><w> में </w><w> देकर </w><after_effects-arg id="14"><w> मुआवजे </w></after_effects-arg><w> की </w><w> मांग </w><w> की </w><w> है। </w><w> उधर, </w><w> इस </w><w> संबंध </w><w> में </w><w> तहसीलदार </w><w> जय </w><w> सिंह </w><w> ने </w><w> बताया </w><w> कि </w><natural_event id="4" type="LAND_SLIDE"><event-coref-link event_id="2" id="25" type_rel="EVENT_COREF"></event-coref-link><w> भूस्खलन </w></natural_event><w> की </w><w> चपेट </w><w> में </w><w> आई </w><w> गौशाला </w><w> के </w><w> नुकसान </w><w> का </w><w> आंकलन </w><w> करने </w><w> के </w><w> लिए </w><w> टीम </w><w> को </w><w> मौके </w><w> पर </w><w> भेजा </w><w> जाएगा, </w><w> जो </w><w> मुआयना </w><w> कर </w><w> नुकसान </w><w> का </w><w> आंकलन </w><w> कर </w><after_effects-arg id="15"><w> रिपोर्ट </w></after_effects-arg><w> दें। </w><w> उस </w><w> रिपोर्ट </w><w> को </w><w> उच्च </w><w> अधिकारियों </w><w> के </w><w> पास </w><w> भेजा </w><w> जाएगा, </w><w> ताकि </w><w> प्रभावित </w><w> किसान </w><w> को </w><w> सहायता </w><w> मिल </w><w> सके। </w></p></document>