<?xml version="1.0" encoding="UTF-8"?>
<document><desc></desc><time>2115</time><p><w> केदारताल </w><w> ट्रैक </w><w> पर </w><w> एवलांच </w><w> में </w><w> दबे </w><w> पोर्टर </w><w> का </w><w> शव </w><w> मिला  </w></p><p><place-arg id="0"><link event_arg="1" id="5" type_rel="EVENT_ARG"/><w> केदारताल </w><w> ट्रैक </w></place-arg><w> पर </w><natural_event id="1" type="AVALANCHES"><w> एवलांच </w></natural_event><w> में </w><casualties-arg id="2"><link event_arg="1" id="6" type_rel="EVENT_ARG"/><w> दफन </w><w> हुए </w><w> नेपाली </w><w> पोर्टर </w></casualties-arg><w> का </w><w> शव </w><w> बृहस्पतिवार </w><w> को </w><w> मिल </w><w> गया </w><w> है। </w><w> ट्रैकिंग </w><w> एजेंसी </w><w> की </w><w> टीम </w><w> ने </w><w> रेस्क्यू </w><w> अभियान </w><w> चलाकर </w><w> पोर्टर </w><w> के </w><w> शव </w><w> को </w><w> एवलांच </w><w> से </w><w> निकालकर </w><w> गंगोत्री </w><w> पहुंचाया। </w><w> शव </w><w> को </w><w> पोस्टमार्टम </w><w> के </w><w> लिए </w><w> जिला </w><w> अस्पताल </w><w> लाया </w><w> जा </w><w> रहा </w><w> है।  </w></p><p><w> बता </w><w> दें </w><w> कि </w><w> बीते </w><w> रविवार </w><w> को </w><w> इंडिया </w><w> हाइक </w><w> ग्रुप </w><w> का </w><w> 41 </w><w> सदस्यीय </w><w> पर्यटक </w><w> दल </w><w> केदारताल </w><w> की </w><w> ट्रैकिंग </w><w> पर </w><w> गया </w><w> था। </w><w> इस </w><w> दौरान </w><w> मौसम </w><w> खराब </w><w> होने </w><w> के </w><w> कारण </w><w> वे </w><w> भुजखर्क </w><w> में </w><w> ही </w><w> रुके </w><w> रहे। </w><time-arg id="3"><link event_arg="1" id="7" type_rel="EVENT_ARG"/><w> मंगलवार </w></time-arg><w> को </w><w> मौसम </w><w> ज्यादा </w><w> बिगड़ने </w><w> पर </w><w> जब </w><w> वे </w><w> वापस </w><w> लौट </w><w> रहे </w><w> थे </w><w> तो </w><w> रास्ते </w><w> में </w><natural_event id="4" type="AVALANCHES"><event-coref-link event_id="1" id="8" type_rel="EVENT_COREF"></event-coref-link><w> एवलांच </w></natural_event><w> आने </w><w> पर </w><w> दल </w><w> में </w><w> शामिल </w><w> एक </w><w> पोर्टर </w><w> इसमें </w><w> दब </w><w> गया </w><w> था। </w><w> तब </w><w> गंगोत्री </w><w> से </w><w> गई </w><w> रेस्क्यू </w><w> टीम </w><w> ने </w><w> शेष </w><w> पर्यटकों </w><w> को </w><w> सुरक्षित </w><w> गंगोत्री </w><w> पहुंचाया </w><w> था। </w><w> बुधवार </w><w> को </w><w> भी </w><w> खराब </w><w> मौसम </w><w> के </w><w> चलते </w><w> रेस्क्यू </w><w> अभियान </w><w> नहीं </w><w> चल </w><w> पाया </w><w> था। </w><w> बृहस्पतिवार </w><w> सुबह </w><w> साढ़े </w><w> सात </w><w> बजे </w><w> ट्रैकिंग </w><w> एजेंसी </w><w> की </w><w> 36 </w><w> सदस्यीय </w><w> रेस्क्यू </w><w> टीम </w><w> भुजखर्क </w><w> की </w><w> ओर </w><w> रवाना </w><w> हुई। </w><w> यहां </w><w> एवलांच </w><w> में </w><w> दबे </w><w> पोर्टर </w><w> का </w><w> शव </w><w> तलाश </w><w> कर </w><w> उसे </w><w> गंगोत्री </w><w> लाया </w><w> गया।  </w></p><p><w> गंगो </w><w> त्री </w><w> में </w><w> तैनात </w><w> यात्रा </w><w> मजिस्ट्रेट </w><w> चक्रधर </w><w> सेमवाल </w><w> ने </w><w> बताया </w><w> कि </w><w> एवलांच </w><w> में </w><w> दबे </w><w> नेपाली </w><w> मूल </w><w> के </w><w> पोर्टर </w><w> आकाश(32 </w><w> वर्ष) </w><w> का </w><w> परिवार </w><w> कंडीसौड़ </w><w> टिहरी </w><w> में </w><w> निवास </w><w> करता </w><w> है। </w><w> हादसे </w><w> की </w><w> सूचना </w><w> मिलने </w><w> पर </w><w> मृतक </w><w> की </w><w> मांभी </w><w> गंगोत्री </w><w> धाम </w><w> पहुंच </w><w> गई </w><w> थी। </w><w> शव </w><w> का </w><w> पंचनामा </w><w> भरकर </w><w> पोस्टमार्टम </w><w> के </w><w> लिए </w><w> जिला </w><w> अस्पताल </w><w> भाज </w><w> दिया </w><w> गया </w><w> है। </w><w> ट्रैकिंग </w><w> दल </w><w> के </w><w> साथ </w><w> गए </w><w> गाइड </w><w> मुकेश </w><w> पंवार </w><w> ने </w><w> बताया </w><w> कि </w><w> खराब </w><w> मौसम </w><w> में </w><w> एवलांच </w><w> आने </w><w> के </w><w> कारण </w><w> यह </w><w> हादसा </w><w> हुआ </w><w> था। </w></p><p><w> दल </w><w> में </w><w> शामिल </w><w> सभी </w><w> पर्यटकों </w><w> एवं </w><w> अन्य </w><w> पोर्टरों </w><w> को </w><w> मंगलवार </w><w> देर </w><w> रात </w><w> ही </w><w> सुरक्षित </w><w> निकाल </w><w> लिया </w><w> गया </w><w> था। </w><w> गंगोत्री </w><w> नेशनल </w><w> पार्क </w><w> के </w><w> उपनिदेशक </w><w> श्रवण </w><w> कुमार </w><w> ने </w><w> बताया </w><w> कि </w><w> बृहस्पतिवार </w><w> को </w><w> मौसम </w><w> खुलने </w><w> पर </w><w> अब </w><w> गोमुख </w><w> आदि </w><w> उच्च </w><w> हिमालयी </w><w> ट्रैक </w><w> पर </w><w> पर्यटकों </w><w> की </w><w> आवाजाही </w><w> शुरू </w><w> हो </w><w> गई </w><w> है। </w><w> हालांकि </w><w> मौसम </w><w> के </w><w> मिजाज </w><w> को </w><w> देखते </w><w> हुए </w><w> गोमुख </w><w> की </w><w> ओर </w><w> पूर्वाह्न </w><w> 11 </w><w> बजे </w><w> तक </w><w> ही </w><w> पर्यटकों </w><w> को </w><w> जाने </w><w> की </w><w> अनुमति </w><w> दी </w><w> जा </w><w> रही </w><w> है।  </w></p></document>