<?xml version="1.0" encoding="UTF-8"?>
<document><p><w> संवाद </w><w> सूत्र, </w><place-arg id="3"><w> महेशखूंट(खगड़िया): </w></place-arg></p><p><place-arg id="4"><link event_arg="0" id="11" type_rel="EVENT_ARG"/><w> खगड़िया। </w></place-arg><place-arg id="5"><link event_arg="0" id="12" type_rel="EVENT_ARG"/><w> बलतारा </w><w> पंचायत </w><w> की </w><w> वार्ड </w><w> संख्या-12 </w><w> लौंगा </w><w> गांव </w></place-arg><w> में </w><time-arg id="7"><link event_arg="0" id="13" type_rel="EVENT_ARG"/><w> शनिवार </w><w> की </w><w> दोपहर </w></time-arg><man_made_event id="0" type="FIRE"><w> आग </w><w> लगने </w></man_made_event><w> से </w><w> एक </w><w> ही </w><w> परिवार </w><w> के </w><casualties-arg id="15"><link event_arg="0" id="16" type_rel="EVENT_ARG"/><w> तीन </w><w> घर </w><w> जलकर </w><w> राख </w></casualties-arg><w> हो </w><w> गया। </w><w> इस </w><man_made_event id="1" type="FIRE"><event-coref-link event_id="0" id="17" type_rel="EVENT_COREF"></event-coref-link><w> घटना </w></man_made_event><w> में </w><casualties-arg id="9"><link event_arg="1" id="19" type_rel="EVENT_ARG"/><w> पांच </w><w> बकरी </w></casualties-arg><w> झुलस </w><w> कर </w><w> मर </w><w> गई। </w><casualties-arg id="25"><link event_arg="1" id="26" type_rel="EVENT_ARG"/><w> एक </w><w> दुकान </w></casualties-arg><w> भी </w><w> जल </w><w> गया। </w><w> इसकी </w><w> पुष्टि </w><w> करते </w><w> हुए </w><place-arg id="6"><w> बलतारा </w></place-arg><w> पंचायत </w><w> के </w><w> मुखिया </w><name-arg id="20"><w> मृत्युंजय </w><w> ¨सह </w></name-arg><w> ने </w><w> बताया </w><w> कि </w><name-arg id="21"><w> कैलाश </w><w> ¨सह, </w><w> नेवल </w><w> ¨सह </w><w> व </w><w> नन्हकी </w><w> देवी </w></name-arg><w> का </w><casualties-arg id="22"><link event_arg="1" id="24" type_rel="EVENT_ARG"/><w> घर </w><w> जलकर </w><w> राख </w></casualties-arg><w> हो </w><w> गया। </w><w> सभी </w><w> एक </w><w> ही </w><w> परिवार </w><w> के </w><w> सदस्य </w><w> हैं। </w><man_made_event id="2" type="FIRE"><event-coref-link event_id="0" id="18" type_rel="EVENT_COREF"></event-coref-link><w> अगलगी </w></man_made_event><w> की </w><w> घटना </w><w> का </w><w> कारण </w><w> पता </w><w> नहीं </w><w> चल </w><w> पाया </w><w> है। </w><w> ग्रामीणों </w><w> के </w><w> अथक </w><w> प्रयास </w><w> से </w><w> आग </w><w> पर </w><w> काबू </w><w> पाया </w><w> गया। </w><w> इस </w><w> घटना </w><w> में </w><after_effects-arg id="10"><link event_arg="2" id="23" type_rel="EVENT_ARG"/><w> लाखों </w><w> की </w><w> संपत्ति </w><w> का </w><w> नुकसान </w></after_effects-arg><w> हुआ </w><w> है। </w></p></document>