<?xml version="1.0" encoding="UTF-8"?>
<document><p><place-arg id="1"><link event_arg="0" id="8" type_rel="EVENT_ARG"/><w> किशनगंज। </w></place-arg><w> प्रखंड </w><w> क्षेत्र </w><w> के </w><place-arg id="3"><link event_arg="0" id="9" type_rel="EVENT_ARG"/><w> बड़ीजान, </w><w> पोठीमारी </w><w> जागीर </w><w> पंचायत </w><w> के </w><w> वार्ड </w><w> संख्या </w><w> पांच </w><w> स्थित </w><w> दुर्गापुर </w><w> गांव </w></place-arg><w> में </w><name-arg id="4"><link event_arg="0" id="10" type_rel="EVENT_ARG"/><w> सामू </w><w> प्रसाद </w><w> सिन्हा </w></name-arg><w> के </w><w> घर </w><w> में </w><man_made_event id="0" type="FIRE"><w> अगलगी </w></man_made_event><w> की </w><w> घटना </w><w> घटी। </w><time-arg id="5"><link event_arg="0" id="11" type_rel="EVENT_ARG"/><w> मंगलवार </w><w> की </w><w> रात </w></time-arg><w> घटी </w><w> इस </w><w> घटना </w><w> में </w><casualties-arg id="6"><link event_arg="0" id="12" type_rel="EVENT_ARG"/><w> लगभग </w><w> दस </w><w> ¨क्वटल </w><w> पटसन </w><w> जल </w><w> कर </w><w> राख </w></casualties-arg><w> हो </w><w> गया। </w><w> हजारों </w><w> के </w><w> पटसन </w><w> जलने </w><w> के </w><w> कारणों </w><w> का </w><w> पता </w><w> नहीं </w><w> चल </w><w> पाया </w><w> है। </w><w> वहीं </w><w> गृह </w><w> स्वामी </w><w> का </w><w> कहना </w><w> है </w><w> कि </w><w> देर </w><w> रात </w><w> पटसन </w><w> में </w><w> लगी </w><w> आग </w><w> को </w><w> ग्रामीणों </w><w> की </w><w> मदद </w><w> से </w><w> बुझाया </w><w> गया। </w><w> गृह </w><w> स्वामी </w><w> ने </w><w> बताया </w><w> कि </w><w> पटसन </w><w> घर </w><w> में </w><w> रखा </w><w> था </w><time-arg id="7"><link event_arg="0" id="13" type_rel="EVENT_ARG"/><w> मंगलवार </w><w> की </w><w> रात्रि </w></time-arg><w> घर </w><w> से </w><w> धुआं </w><w> निकलता </w><w> देख </w><w> लोगों </w><w> ने </w><w> सुझबुझ </w><w> से </w><w> आग </w><w> बुझाने </w><w> में </w><w> कामयाब </w><w> रहा </w><w> अन्यथा </w><w> पटसन </w><w> का </w><w> अन्य </w><w> ढेर </w><w> भी </w><w> आग </w><w> के </w><w> भेंट </w><w> चढ़ </w><w> जाता। </w></p></document>