<?xml version="1.0" encoding="UTF-8"?>
<document><p><w> जागरण </w><w> संवाददाता, </w><place-arg id="2"><w> मनाली </w></place-arg><w> : </w><place-arg id="3"><link event_arg="0" id="20" type_rel="EVENT_ARG"/><w> सेउबाग </w></place-arg><w> के </w><w> पास </w><natural_event id="0" type="LAND_SLIDE"><w> भूस्खलन </w></natural_event><w> होने </w><w> से </w><place-arg id="4"><link event_arg="0" id="21" type_rel="EVENT_ARG"/><w> कुल्लू-मनाली </w><w> मार्ग </w></place-arg><w> तीन </w><w> घंटे </w><w> बंद </w><w> रहा। </w><w> सुबह </w><w> करीब </w><w> सवा </w><w> नौ </w><w> बजे </w><natural_event id="1" type="LAND_SLIDE"><event-coref-link event_id="0" id="22" type_rel="EVENT_COREF"></event-coref-link><w> भूस्खलन </w></natural_event><w> से </w><after_effects-arg id="18"><link event_arg="1" id="23" type_rel="EVENT_ARG"/><w> पर्यटकों </w><w> सहित </w><w> वाहन </w><w> चालकों </w><w> को </w><w> काफी </w><w> परेशान </w></after_effects-arg><w> होना </w><w> पड़ा। </w><w> यहां </w><w> पर </w><place-arg id="5"><w> मनाली </w></place-arg><w> से </w><place-arg id="6"><w> कुल्लू </w></place-arg><w> जा </w><w> रहे </w><w> वाहन </w><w> चालकों </w><w> को </w><w> वापस </w><place-arg id="7"><w> पतलीकूहल </w></place-arg><w> लौटना </w><w> पड़ा, </w><w> जबकि </w><w> छोटे </w><w> वाहन </w><place-arg id="8"><w> रायसन </w><w> पुल </w></place-arg><w> पार </w><w> कर </w><place-arg id="9"><w> कुल्लू </w></place-arg><w> निकले। </w><w> मार्ग </w><w> बंद </w><w> होने </w><w> से </w><place-arg id="10"><link event_arg="1" id="24" type_rel="EVENT_ARG"/><w> सेउबाग </w></place-arg><w> में </w><w> घंटों </w><after_effects-arg id="19"><link event_arg="1" id="25" type_rel="EVENT_ARG"/><w> ट्रैफिक </w><w> जाम </w></after_effects-arg><w> लग </w><w> गया। </w><w> लंबे </w><w> रूट </w><w> वाली </w><w> बसों </w><w> की </w><w> सवारियों </w><w> को </w><w> भी </w><w> यहां </w><w> पर </w><w> परेशान </w><w> होना </w><w> पड़ा। </w><w> सवा </w><w> 12 </w><w> बजे </w><w> मार्ग </w><w> बहाल </w><w> हुआ। </w><place-arg id="11"><w> मनाली </w></place-arg><w> से </w><place-arg id="12"><w> कुल्लू </w></place-arg><w> व </w><place-arg id="13"><w> कुल्लू </w></place-arg><w> से </w><place-arg id="14"><w> मनाली </w></place-arg><w> आ </w><w> रहे </w><w> अधिकतर </w><w> वाहनों </w><w> ने </w><w> वामतट </w><w> मार्ग </w><w> का </w><w> सहारा </w><w> लिया, </w><w> जिस </w><w> कारण </w><w> इस </w><w> मार्ग </w><w> पर </w><w> भी </w><w> जगह-जगह </w><w> ट्रैफिक </w><w> जाम </w><w> लगा </w><w> रहा। </w><w> यहां </w><w> पर </w><w> नेशनल </w><w> हाईवे </w><w> का </w><w> निर्माण </w><w> कार्य </w><w> जारी </w><w> है। </w><w> डोहर </w><w> नाला </w><w> के </w><w> पास </w><w> बने </w><w> दलदल </w><w> में </w><w> हर </w><w> रोज </w><w> ट्रक </w><w> फंस </w><w> रहे </w><w> हैं, </w><w> जिससे </w><w> भी </w><w> लोगों </w><w> को </w><w> परेशान </w><w> होना </w><w> पड़ता </w><w> है। </w><w> वाहन </w><w> चालक </w><name-arg id="15"><w> नरेंद्र </w></name-arg><w> का </w><w> कहना </w><w> है </w><w> कि </w><w> निर्माण </w><w> कार्य </w><w> योजनाबद्ध </w><w> तरीके </w><w> से </w><w> न </w><w> होने </w><w> के </w><w> कारण </w><w> यहां </w><w> पर </w><w> घंटों </w><w> ट्रैफिक </w><w> जाम </w><w> लग </w><w> रहा </w><w> है। </w><w> वाहन </w><w> चालक </w><name-arg id="16"><w> प्रीतम </w></name-arg><w> ने </w><w> बताया </w><w> कि </w><w> हर </w><w> रोज </w><w> मार्ग </w><w> दो </w><w> से </w><w> तीन </w><w> घंटों </w><w> के </w><w> लिए </w><w> अवरुद्ध </w><w> हो </w><w> रहा </w><w> है। </w><w> डीएसपी </w><w> मनाली </w><name-arg id="17"><w> पुनीत </w><w> रघु </w></name-arg><w> ने </w><w> बताया </w><w> कि </w><w> ट्रैफिक </w><w> सुचारू </w><w> रखने </w><w> के </w><w> बेहतर </w><w> प्रयास </w><w> किए </w><w> जा </w><w> रहे </w><w> हैं। </w><w> नेशनल </w><w> हाईवे </w><w> अवरुद्ध </w><w> होने </w><w> की </w><w> सूरत </w><w> में </w><w> सैलानियों </w><w> के </w><w> वाहनों </w><w> को </w><w> वामतट </w><w> मार्ग </w><w> से </w><w> भेजा </w><w> जा </w><w> रहा </w><w> है। </w></p></document>