<?xml version="1.0" encoding="UTF-8"?>
<document><p><place-arg id="7"><w> मनाली </w></place-arg><w> : </w><place-arg id="8"><link event_arg="0" id="11" type_rel="EVENT_ARG"/><w> मनाली </w></place-arg><w> से </w><w> एक </w><w> किलोमीटर </w><w> दूर </w><place-arg id="10"><link event_arg="0" id="12" type_rel="EVENT_ARG"/><w> रांगड़ी </w></place-arg><w> के </w><w> पास </w><natural_event id="0" type="LAND_SLIDE"><w> भूस्खलन </w></natural_event><w> होने </w><w> से </w><w> शाम </w><w> साढ़े </w><w> पांच </w><w> बजे </w><after_effects-arg id="5"><link event_arg="0" id="13" type_rel="EVENT_ARG"/><w> मनाली-कुल्लू </w><w> राष्ट्रीय </w><w> राजमार्ग </w><w> बंद </w></after_effects-arg><w> हो </w><w> गया। </w><w> मार्ग </w><w> के </w><w> बंद </w><w> होने </w><w> से </w><w> घंटों </w><after_effects-arg id="6"><link event_arg="0" id="14" type_rel="EVENT_ARG"/><w> पर्यटक </w><w> वाहन </w><w> सड़क </w><w> में </w><w> फंसे </w><w> रहे। </w></after_effects-arg><w> फोरलेन </w><w> निर्माण </w><w> में </w><w> जुटी </w><w> कंपनी </w><w> की </w><w> अव्यवस्था </w><w> के </w><w> कारण </w><w> सैलानियों </w><w> को </w><w> दिक्कत </w><w> का </w><w> सामना </w><w> करना </w><w> पड़ा। </w><natural_event id="1" type="LAND_SLIDE"><event-coref-link event_id="0" id="15" type_rel="EVENT_COREF"></event-coref-link><w> भूस्खलन </w></natural_event><w> वाली </w><w> जगह </w><w> है </w><w> वहां </w><w> कंपनी </w><w> योजना </w><w> बनाकर </w><w> काम </w><w> नहीं </w><w> कर </w><w> रही </w><w> है। </w><w> राहगीर </w><name-arg id="3"><w> पवन, </w></name-arg><name-arg id="4"><w> सुरेंद्र </w></name-arg><w> ने </w><w> बताया </w><w> कि </w><w> साढ़े </w><w> पांच </w><w> बजे </w><w> से </w><w> मार्ग </w><w> बंद </w><w> हो </w><w> गया </w><w> है। </w><w> फोरलेन </w><w> निर्माण </w><w> में </w><w> जुटी </w><w> कंपनी </w><w> ने </w><w> डेढ़ </w><w> घंटे </w><w> बाद </w><w> सड़क </w><w> को </w><w> बहाल </w><w> किया। </w><w> उधर, </w><w> एसडीएम </w><w> मनाली </w><name-arg id="2"><w> रमन </w><w> घरसिंगी </w></name-arg><w> ने </w><w> कंपनी </w><w> को </w><w> योजना </w><w> बनाकर </w><w> सही </w><w> ढंग </w><w> से </w><w> काम </w><w> करने </w><w> के </w><w> निर्देश </w><w> दिए </w><w> हैं। </w></p></document>