<?xml version="1.0" encoding="UTF-8"?>
<document><desc></desc><time>1521</time><p><w> मृतक </w><w> छात्रों </w><w> के </w><w> परिजनों </w><w> को </w><after_effects-arg id="4"><link event_arg="0" id="11" type_rel="EVENT_ARG"/><w> मुआवजा </w><w> के </w><w> रूप </w><w> में  </w><w> दो-दो </w><w> लाख </w><w> रुपये </w><w> देने </w></after_effects-arg><w> का </w><w> ऐलानgorakhpur@inext.co.in: </w><w> प्रत्यक्षदर्शियों </w><w> की </w><w> मानें </w><w> तो </w><reason-arg id="5"><link event_arg="0" id="12" type_rel="EVENT_ARG"/><w> बस </w><w> का </w><w> चालक </w><w> कान </w><w> में </w><w> ईयर </w><w> फोन </w><w> लगा </w><w> रखा </w><w> था </w><w> और </w><w> उसने </w><w> ट्रेन </w><w> आने </w><w> की </w><w> आवाज </w><w> नहीं </w><w> सुनी. </w></reason-arg><w> मौजूद </w><w> लोग </w><w> भी </w><w> रुकने </w><w> के </w><w> लिए </w><w> चिल्लाते </w><w> रहे, </w><w> बस </w><w> चालक </w><w> ने </w><w> उनकी </w><w> भी </w><w> आवाज </w><w> नहीं </w><w> सुनी. </w><man_made_event id="0" type="VEHICULAR_COLLISION"><event-coref-link event_id="3" id="8" type_rel="EVENT_COREF"></event-coref-link><w> घटना </w></man_made_event><w> के </w><w> बाद </w><w> कोहराम </w><w> मच </w><w> गया. </w><man_made_event id="1" type="VEHICULAR_COLLISION"><event-coref-link event_id="3" id="9" type_rel="EVENT_COREF"></event-coref-link><w> घटना </w></man_made_event><w> तब </w><w> हुई </w><w> जब </w><w> दुदही </w><w> बाजार </w><w> स्थित </w><w> डिवाइन </w><w> स्कूल </w><w> की </w><w> वैन </w><w> बच्चों </w><w> से </w><w> भरी </w><man_made_event id="3" type="VEHICULAR_COLLISION"><w> बस </w><w> फाटक </w><w> विहीन </w><w> रेलवे </w><w> क्रासिंग </w><w> को </w><w> पार </w><w> कर </w><w> रही </w><w> थी </w><w> और </w><w> तभी </w><w> ट्रेन </w><w> आ </w><w> गई.  </w></man_made_event><man_made_event id="2" type="VEHICULAR_COLLISION"><event-coref-link event_id="3" id="10" type_rel="EVENT_COREF"></event-coref-link><w> हादसे </w></man_made_event><w> की </w><w> सूचना </w><w> पर </w><w> रेलवे </w><w> के </w><w> महाप्रबंधक </w><w> और </w><w> मंडल </w><after_effects-arg id="7"><link event_arg="2" id="13" type_rel="EVENT_ARG"/><w> रेल </w><w> प्रबंधक </w><w> सहित </w><w> समस्त </w><w> संबंधित </w><w> अधिकारी </w><w> मौके </w><w> पर </w><w> पहुंच </w></after_effects-arg><w> गए </w><w> हैं. </w><w> रेल </w><w> मंत्री </w><w> पीयूष </w><w> गोयल </w><w> ने </w><w> दु:ख </w><w> जताया </w><w> है. </w><w> उन्होंने </w><w> मृतक </w><w> छात्रों </w><w> के </w><w> परिजनों </w><w> को </w><w> मुआवजा </w><w> के </w><w> रूप </w><w> में  </w><after_effects-arg id="6"><link event_arg="2" id="14" type_rel="EVENT_ARG"/><w> दो-दो </w><w> लाख </w><w> रुपये  </w><w> देने </w></after_effects-arg><w> की </w><w> घोषणा </w><w> की </w><w> है. </w></p><p><place-arg id="15"><link event_arg="16" id="21" type_rel="EVENT_ARG"/><w> कुशीनगर </w></place-arg><w> में </w><w> हुए </w><man_made_event id="16" type="VEHICULAR_COLLISION"><event-coref-link event_id="3" id="19" type_rel="EVENT_COREF"></event-coref-link><w> हादसे </w></man_made_event><w> में </w><casualties-arg id="17"><link event_arg="16" id="22" type_rel="EVENT_ARG"/><w> स्कूली </w><w> बच्चों </w><w> की </w><w> मृत्यु </w></casualties-arg><w> का </w><w> दुःखद </w><w> समाचार </w><w> मिला, </w><w> मैंने </w><w> सीनियर </w><w> अधिकारियों </w><w> द्वारा </w><man_made_event id="18" type="VEHICULAR_COLLISION"><event-coref-link event_id="3" id="20" type_rel="EVENT_COREF"></event-coref-link><w> हादसे </w></man_made_event><w> की </w><w> इन्क्वायरी </w><w> के </w><w> निर्देश </w><w> दिए </w><w> हैं, </w><w> मृतको </w><w> के </w><w> परिवार </w><w> जनों </w><w> को </w><w> रेलवे </w><w> की </w><w> ओर </w><w> से </w><w> दो </w><w> लाख </w><w> रुपये </w><w> की </w><w> सहायता </w><w> दी </w><w> जायेगी </w><w> जो </w><w> उप्र </w><w> सरकार </w><w> द्वारा </w><w> दी </w><w> जा </w><w> रही </w><w> दो </w><w> लाख </w><w> की </w><w> राशि </w><w> के </w><w> अतिरिक्त </w><w> होगी। </w></p><p><w> रेलवे </w><w> क्रासिंग </w><w> को </w><w> पार </w><w> करते </w><w> समय </w><reason-arg id="24"><link event_arg="23" id="39" type_rel="EVENT_ARG"/><w> चालक </w><w> की </w><w> लापरवाही </w></reason-arg><w> से </w><w> हुआ </w><man_made_event id="23" type="VEHICULAR_COLLISION"><event-coref-link event_id="3" id="36" type_rel="EVENT_COREF"></event-coref-link><w> हादसापूर्वोत्तर </w></man_made_event><place-arg id="26"><link event_arg="23" id="40" type_rel="EVENT_ARG"/><w> रेलवे </w><w> के </w><w> वाराणसी </w><w> मंडल </w><w> स्थित </w><w> थावे-कप्तानगंज </w><w> सेक्शन </w><w> में </w><w> तमकुहïी </w><w> रोड- </w><w> दुदही </w><w> स्टेशन </w><w> के </w><w> बीच </w><w> स्थित </w><w> अनमैंड </w><w> क्रॉसिंग </w><w> संख्या </w><w> 45 </w></place-arg><w> पर </w><time-arg id="25"><link event_arg="27" id="41" type_rel="EVENT_ARG"/><w> सुबह </w><w> 7 </w><w> बजे </w><w> के </w><w> आसपास </w></time-arg><man_made_event id="27" type="VEHICULAR_COLLISION"><event-coref-link event_id="3" id="37" type_rel="EVENT_COREF"></event-coref-link><w> दुर्घटना </w></man_made_event><w> हुई. </w><w> क्रासिंग </w><w> पर </w><w> जागरूकता </w><w> के </w><w> लिए </w><w> गेटमित्र </w><w> अरविंद </w><w> भारती </w><w> तैनात </w><w> था. </w><w> उसने </w><w> पैसेंजर </w><w> ट्रेन </w><w> 55075 </w><w> के </w><w> पास </w><w> होते </w><w> समय </w><w> छात्रों </w><w> से </w><w> भरी </w><participant-arg id="28"><link event_arg="27" id="42" type_rel="EVENT_ARG"/><w> टाटा </w><w> मैजिक </w></participant-arg><w> को </w><w> रोकने </w><w> का </w><w> प्रयास </w><w> किया </w><w> लेकिन </w><w> मैजिक </w><w> वाला </w><w> नहीं </w><w> रुका. </w><w> मरने </w><w> वालों </w><w> में </w><w> अकरम </w><w> पुत्र </w><w> फरहान, </w><w> करधन </w><w> पुत्र </w><w> हैदर </w><w> निवासी </w><w> पडरौना, </w><w> अतिउल्लाह </w><w> पुत्र </w><w> नौशाद </w><w> अंसारी </w><w> निवासी </w><w> कोकिलपट्टी, </w><w> अनीस </w><w> नाजिर </w><w> पुत्र </w><w> मोहम्मद </w><w> नाजिर, </w><w> मोहम्मद </w><w> अरशद </w><w> पुत्र </w><w> मोहम्मद </w><w> जहीर, </w><w> मेराज </w><w> पुत्र </w><w> मैनुद्दीन </w><w> निवासी </w><w> गेरुखा, </w><w> गोल्डेन </w><w> पुत्र </w><w> नौशाद </w><w> निवासी </w><w> कोकिलपट्टी, </w><w> हरिओम </w><w> पुत्र </w><w> अंबर </w><w> सिंह, </w><w> साजिद </w><w> व </w><w> तमन्ना </w><w> पुत्री </w><w> हसन </w><w> निवासी </w><w> बतरौली </w><w> का </w><w> नाम </w><w> शामिल </w><w> है.मरने </w><w> वाले </w><w> अन्य </w><w> बच्चों </w><w> की </w><w> पहचान </w><w> की </w><w> जा </w><w> रही </w><w> है. </w><w> वही </w><w> प्रत्‍यक्षदर्शि‍यों </w><w> का </w><w> कहना </w><w> है </w><w> क‍ि </w><w> इस </w><man_made_event id="33" type="VEHICULAR_COLLISION"><event-coref-link event_id="3" id="38" type_rel="EVENT_COREF"></event-coref-link><w> हादसे </w></man_made_event><w> में </w><casualties-arg id="30"><link event_arg="33" id="43" type_rel="EVENT_ARG"/><w> 18 </w><w> बच्‍चों </w><w> की </w><w> मौत </w></casualties-arg><w> हुई </w><w> है। </w><w> हादसे </w><w> में </w><casualties-arg id="31"><link event_arg="33" id="44" type_rel="EVENT_ARG"/><w> 13 </w><w> छात्र </w><w> मरे </w></casualties-arg><w> है </w><w> तथा </w><casualties-arg id="32"><link event_arg="33" id="45" type_rel="EVENT_ARG"/><w> सात </w><w> गंभीर </w><w> रूप </w><w> से </w><w> घायल </w></casualties-arg><w> हुए </w><w> हैं. </w><w> उनका </w><after_effects-arg id="34"><link event_arg="33" id="46" type_rel="EVENT_ARG"/><w> इलाज </w><w> पडरौना </w><w> जिला </w><w> अस्पताल </w><w> में </w></after_effects-arg><w> चल </w><w> रहा </w><w> है. </w><w> रेलमंत्री </w><w> के </w><w> निर्देश </w><w> पर </w><after_effects-arg id="35"><link event_arg="33" id="47" type_rel="EVENT_ARG"/><w> जेए </w><w> ग्रेड </w><w> की </w><w> टीम </w><w> मामले </w><w> की </w><w> जांच </w></after_effects-arg><w> करेगी.- </w><w> संजय </w><w> यादव, </w><w> सीपीआरओ, </w><w> एनई </w><w> रेलवे  </w><w> हादसे </w><w> की </w><w> जानकारी </w><w> के </w><w> ल‍िए </w><w> जारी </w><w> हुए </w><w> ये </w><w> हेल्‍पलानइ </w><w> नंबर </w></p></document>