<?xml version="1.0" encoding="UTF-8"?>
<document><p><place-arg id="1"><link event_arg="0" id="7" type_rel="EVENT_ARG"/><w> लखीसराय। </w></place-arg><time-arg id="4"><link event_arg="0" id="8" type_rel="EVENT_ARG"/><w> शुक्रवार </w><w> की </w><w> रात </w></time-arg><w> प्रखंड </w><w> के </w><place-arg id="2"><link event_arg="0" id="9" type_rel="EVENT_ARG"/><w> सूर्यपुरा </w></place-arg><w> पंचायत </w><w> अंतर्गत </w><place-arg id="3"><link event_arg="0" id="10" type_rel="EVENT_ARG"/><w> वार्ड </w><w> संख्या </w><w> 18 </w></place-arg><w> निवासी </w><name-arg id="5"><link event_arg="0" id="11" type_rel="EVENT_ARG"/><w> सोने </w><w> लाल </w><w> साव </w></name-arg><w> के </w><w> यहां </w><w> गैस </w><w> सि¨लडर </w><w> में </w><w> अचानक </w><man_made_event id="0" type="FIRE"><w> आग </w></man_made_event><w> लग </w><w> जाने </w><w> से </w><w> घर </w><w> में </w><w> अफरा-तफरी </w><w> मच </w><w> गई। </w><w> घर </w><w> के </w><w> लोगों </w><w> ने </w><w> स्थानीय </w><w> लोगों </w><w> की </w><w> मदद </w><w> से </w><w> आग </w><w> पर </w><w> काबू </w><w> पाया। </w><w> इससे </w><w> एक </w><w> बड़ा </w><w> हादसा </w><w> टल </w><w> गया। </w><w> प्राप्त </w><w> जानकारी </w><w> के </w><w> अनुसार </w><w> घर </w><w> की </w><w> महिलाएं </w><reason-arg id="6"><link event_arg="0" id="12" type_rel="EVENT_ARG"/><w> खाना </w><w> बना </w><w> रही </w><w> थी।इसी </w><w> दौरान </w><w> रेगुलेटर </w><w> में </w><w> आग </w></reason-arg><w> लग </w><w> गई। </w></p></document>