<?xml version="1.0" encoding="UTF-8"?>
<document><desc></desc><time>3995</time><p><natural_event id="1" type="COLD_WAVE"><w> शीत </w><w> लहर </w><w> और </w><w> बर्फीली हवाओं </w></natural_event><w> ने </w><w> ढाया </w><w> कहर </w></p><p><place-arg id="2"><link event_arg="3" id="10" type_rel="EVENT_ARG"/><w> तराई </w></place-arg><w> में </w><w> ठंड </w><w> का </w><w> कहर </w><w> बढ़ता </w><w> जा </w><w> रहा </w><w> है। </w><w> तापमान </w><w> में </w><w> गिरावट </w><w> लगातार </w><w> जारी </w><w> है। </w><w> भीषण </w><natural_event id="3" type="COLD_WAVE"><event-coref-link event_id="1" id="17" type_rel="EVENT_COREF"></event-coref-link><w> शीतलहर </w></natural_event><w> से </w><after_effects-arg id="4"><link event_arg="3" id="11" type_rel="EVENT_ARG"/><w> आम </w><w> जनजीवन </w><w> बुरी </w><w> तरह </w><w> अस्तव्यस्त </w></after_effects-arg><w> हो </w><w> गया </w><w> है। </w><w> ठंड </w><w> के </w><w> कारण </w><after_effects-arg id="5"><link event_arg="3" id="12" type_rel="EVENT_ARG"/><w> लोगों </w><w> की </w><w> कार्यक्षमता </w><w> तो </w><w> प्रभावित </w></after_effects-arg><w> हुई </w><w> ही </w><w> है, </w><w> लोगों </w><w> की </w><w> दिनचर्या </w><w> पर </w><w> भी </w><w> असर </w><w> पड़ा </w><w> है। </w><w> लोगों </w><w> की </w><w> मार्निंग </w><w> वॉक </w><w> थम </w><w> गई </w><w> है। </w><w> सुबह </w><w> देर </w><w> से </w><w> उठना </w><w> और </w><w> जल्दी </w><w> बिस्तर </w><w> में </w><w> घुस </w><w> जाना </w><w> लोगों </w><w> की </w><w> मजबूरी </w><w> बन </w><w> गया </w><w> है। </w><w> सरकारी </w><w> कामकाज, </w><w> उद्योग </w><w> और </w><w> व्यापार </w><w> पर </w><w> भी </w><w> असर </w><w> पड़ </w><w> रहा </w><w> है। </w><w> बाजारों </w><w> में </w><w> सन्नाटा </w><w> है। </w></p><p><w> शुक्रवार </w><w> को </w><w> अधिकतम </w><w> तापमान </w><w> 17.5 </w><w> डिग्री </w><w> सेल्सियस </w><w> और </w><w> न्यूनतम </w><w> तापमान </w><w> 4.8 </w><w> डिग्री </w><w> सेल्सियस </w><w> रिकार्ड </w><w> किया </w><w> गया। </w><w> यह </w><w> तापमान </w><w> लगभग </w><w> गुरुवार </w><w> के </w><w> तापमान </w><w> के </w><w> बराबर </w><w> है। </w><w> शुक्रवार </w><w> को </w><w> भी </w><natural_event id="6" type="COLD_WAVE"><event-coref-link event_id="1" id="16" type_rel="EVENT_COREF"></event-coref-link><w> बर्फीली </w><w> हवाओं </w></natural_event><w> का </w><w> कहर </w><w> जारी </w><w> रहा। </w><w> इससे </w><after_effects-arg id="7"><link event_arg="6" id="13" type_rel="EVENT_ARG"/><w> गलन </w><w> लगातार </w><w> बढ़ </w><w> रही </w></after_effects-arg><w> है। </w><w> गिरते </w><w> तापमान </w><w> से </w><w> ठंड </w><w> का </w><w> प्रकोप </w><w> बढ़ </w><w> रहा </w><w> है। </w><w> लोगों </w><w> को </w><w> ठंड </w><w> से </w><w> बचाव </w><w> के </w><w> लिए </w><w> अलाव </w><w> या </w><w> हीटर </w><w> का </w><w> सहारा </w><w> लेना </w><w> पड़ </w><w> रहा </w><w> है। </w><w> बीमारों </w><w> और </w><w> बुजुर्गों </w><w> का </w><w> पूरा </w><w> दिन </w><w> रजाइयों </w><w> में </w><w> दुबके </w><w> हुए </w><w> कट </w><w> रहा </w><w> है। </w></p><p><w> शुक्रवार </w><w> को </w><w> दिन </w><w> भर </w><w> बादल </w><w> जैसी </w><w> धुंध </w><w> छाई </w><w> रहने </w><w> से </w><w> पांचवें </w><w> दिन </w><w> भी </w><w> सूरज </w><w> के </w><w> दर्शन </w><w> नहीं </w><w> हुए। </w><w> हालांकि </w><w> शुक्रवार </w><w> को </w><w> कोहरा </w><w> नहीं </w><w> रहा। </w><w> सूरज </w><w> न </w><w> निकलने </w><w> और </w><w> दिन </w><w> भर </w><w> सर्द </w><w> हवाओं </w><w> के </w><w> चलने </w><w> से </w><w> दिन </w><w> पर </w><w> दिन </w><natural_event id="8" type="COLD_WAVE"><event-coref-link event_id="1" id="15" type_rel="EVENT_COREF"></event-coref-link><w> शीतलहर </w></natural_event><w> का </w><w> प्रकोप </w><w> बढ़ </w><w> रहा </w><w> है। </w><w> अचानक </w><w> ठंड </w><w> बढ़ </w><w> जाने </w><w> से </w><after_effects-arg id="9"><link event_arg="8" id="14" type_rel="EVENT_ARG"/><w> लोग </w><w> सर्दी </w><w> जनित </w><w> बीमारियों </w><w> से </w><w> पीड़ित </w></after_effects-arg><w> हो </w><w> रहे </w><w> हैं। </w><w> सर्दी </w><w> बढ़ने </w><w> के </w><w> साथ </w><w> ही </w><w> सरकारी </w><w> अस्पतालों </w><w> के </w><w> साथ-साथ </w><w> प्राइवेट </w><w> चिकित्सकों </w><w> की </w><w> क्लीनिक </w><w> भी </w><w> मरीजों </w><w> से </w><w> भरी </w><w> पड़ी </w><w> हैं। </w></p><p><w> यह </w><w> सर्दी </w><w> फील्ड </w><w> वर्क </w><w> करने </w><w> वाले </w><w> कर्मचारियों, </w><w> दैनिक </w><w> मजदूरों, </w><w> पल्लेदारों, </w><w> रिक्शा </w><w> चालकों, </w><w> यात्रियों </w><w> पर </w><w> काफी </w><w> भारी </w><w> पड़ </w><w> रही </w><w> है। </w><w> शहर </w><w> में </w><w> नगर </w><w> पालिका </w><w> प्रशासन </w><w> और </w><w> ग्रामीण </w><w> इलाकों </w><w> में </w><w> तहसील </w><w> प्रशासन </w><w> ने </w><w> अलाव </w><w> जलाने </w><w> की </w><w> व्यवस्था </w><w> की </w><w> है। </w><w> लखीमपुर </w><w> और </w><w> गोला </w><w> में </w><w> नगर </w><w> पालिकाओं </w><w> ने </w><w> रैन </w><w> बसेरा </w><w> भी </w><w> बनाए </w><w> हैं, </w><w> लेकिन </w><w> कड़ाके </w><w> की </w><w> ठंड </w><w> को </w><w> देखते </w><w> हुए </w><w> यह </w><w> व्यवस्थाएं </w><w> नाकाफी </w><w> साबित </w><w> हो </w><w> रही </w><w> हैं। </w></p></document>