<?xml version="1.0" encoding="UTF-8"?>
<document><p><place-arg id="1"><w> ब्रिटेन </w></place-arg><w> में </w><w> एमबीए </w><w> करने </w><w> वाले </w><casualties-arg id="7"><link event_arg="0" id="13" type_rel="EVENT_ARG"/><w> 33 </w><w> साल </w><w> के </w><w> एक </w><w> भारतीय </w><w> युवक </w></casualties-arg><w> की </w><place-arg id="2"><link event_arg="0" id="14" type_rel="EVENT_ARG"/><w> लंदन </w></place-arg><w> के </w><w> दक्षिण-पश्चिम </w><w> में </w><w> एक </w><w> भूमिगत </w><w> स्टेशन </w><w> पर </w><man_made_event id="0" type="TRANSPORT_HAZARDS"><w> ट्रेन </w><w> की </w><w> टक्कर </w></man_made_event><w> लगने </w><w> से </w><w> मृत्यु </w><w> हो </w><w> गयी। </w><place-arg id="3"><w> हैदराबाद </w></place-arg><w> के </w><place-arg id="4"><w> मिरालाम </w><w> मंडी </w></place-arg><w> इलाके </w><w> के </w><w> रहने </w><w> वाले </w><name-arg id="8"><link event_arg="0" id="15" type_rel="EVENT_ARG"/><w> मीर </w><w> बाकर </w><w> अली </w><w> रिजवी </w></name-arg><w> को </w><time-arg id="6"><link event_arg="0" id="16" type_rel="EVENT_ARG"/><w> गत </w><w> मंगलवार </w></time-arg><w> को </w><place-arg id="5"><link event_arg="0" id="17" type_rel="EVENT_ARG"/><w> ओस्टरली </w></place-arg><w> स्टेशन </w><w> पर </w><w> मृत </w><w> घोषित </w><w> किया </w><w> गया। </w><w> मामले </w><w> की </w><w> जांच </w><w> करने </w><w> वाली </w><w> ब्रिटिश </w><w> ट्रांसपोर्ट </w><w> पुलिस </w><w> (बीटीपी) </w><w> ने </w><w> कहा </w><w> कि </w><w> उसे </w><w> इस </w><w> घटना </w><w> में </w><w> कुछ </w><w> संदिग्ध </w><w> नहीं </w><w> लगता </w><w> और </w><w> तीसरे </w><w> पक्ष </w><w> के </w><w> शामिल </w><w> होने </w><w> की </w><w> आशंका </w><w> नहीं </w><w> है। </w></p><p><w> बीटीपी </w><w> के </w><w> एक </w><w> प्रवक्ता </w><w> ने </w><w> कहा, </w><w> ‘‘हमें </w><time-arg id="9"><link event_arg="0" id="18" type_rel="EVENT_ARG"/><w> मंगलवार, </w></time-arg><time-arg id="10"><link event_arg="0" id="19" type_rel="EVENT_ARG"/><w> 12 </w><w> अप्रैल </w><w> को </w><w> रात </w><w> 7:45 </w><w> बजे </w></time-arg><place-arg id="11"><link event_arg="0" id="20" type_rel="EVENT_ARG"/><w> ओस्टरली </w><w> लंदन </w><w> अंडरग्राउंड </w><w> स्टेशन </w></place-arg><w> पर </w><w> बुलाया </w><w> गया। </w><w> एक </w><w> व्यक्ति </w><w> को </w><w> ट्रेन </w><w> से </w><w> टक्कर </w><w> लगने </w><w> की </w><w> खबर </w><w> थी।’’ </w><w> प्रवक्ता </w><w> के </w><w> अनुसार </w><w> 33 </w><w> साल </w><w> के </w><w> शख्स </w><w> को </w><w> मौके </w><w> पर </w><w> ही </w><w> मृत </w><w> घोषित </w><w> किया </w><w> गया। </w><w> व्यक्ति </w><w> की </w><w> मौत </w><w> को </w><w> संदिग्ध </w><w> नहीं </w><w> माना </w><w> जा </w><w> रहा </w><w> और </w><w> उनके </w><w> परिवार </w><w> को </w><w> जानकारी </w><w> दे </w><w> दी </w><w> गयी </w><w> है। </w></p><p><w> बताया </w><w> जाता </w><w> है </w><w> कि </w><w> रिजवी </w><w> छह </w><w> साल </w><w> से </w><place-arg id="12"><w> ब्रिटेन </w></place-arg><w> में </w><w> थे </w><w> और </w><w> उन्होंने </w><w> वहां </w><w> से </w><w> एमबीए </w><w> किया </w><w> था। </w><w> मौत </w><w> की </w><w> वास्तविक </w><w> वजह </w><w> बाद </w><w> में </w><w> पता </w><w> चलेगी </w><w> लेकिन </w><w> फिलहाल </w><w> इस </w><w> स्तर </w><w> पर </w><w> हत्या </w><w> की </w><w> आशंका </w><w> को </w><w> खारिज </w><w> किया </w><w> जा </w><w> रहा </w><w> है। </w></p></document>