<?xml version="1.0" encoding="UTF-8"?>
<document><p><place-arg id="0"><link event_arg="2" id="13" type_rel="EVENT_ARG"/><w> लखनऊ। </w><w> अमरोहा </w><w> जिले </w><w> के </w><w> गजरौला </w><w> में </w><w> नेशनल </w><w> हाइवे </w><w> से </w><w> सटी </w><w> भरतिया </w><w> ग्रुप </w><w> की </w><w> जुबिलेंट </w><w> फैक्ट्री </w></place-arg><w> में </w><time-arg id="1"><link event_arg="2" id="14" type_rel="EVENT_ARG"/><w> सुबह </w></time-arg><man_made_event id="2" type="FIRE"><w> आग </w></man_made_event><w> लगने </w><w> से </w><w> खलबली </w><w> मच </w><w> गई। </w><w> इसकी </w><w> लपटे </w><w> काले </w><w> धुएं </w><w> के </w><w> साथ </w><w> काफी </w><w> ऊंचाई </w><w> उठती </w><w> दिखाई </w><w> पड़ी। </w><w> कंपनी </w><w> प्रबंधन </w><w> ने </w><w> बिना </w><w> पुलिस </w><w> को </w><w> सूचना </w><w> देकर </w><w> आग </w><w> पर </w><w> नियंत्रण </w><w> कर </w><w> लिया। </w><w> इस </w><w> आग </w><w> से </w><w> कोई </w><w> बड़े </w><w> नुकसान </w><w> की </w><w> खबर </w><w> नहीं </w><w> है। </w></p><p><place-arg id="4"><link event_arg="3" id="15" type_rel="EVENT_ARG"/><w> केमिकल </w><w> फैक्ट्री </w></place-arg><w> में </w><man_made_event id="3" type="FIRE"><event-coref-link event_id="2" id="23" type_rel="EVENT_COREF"></event-coref-link><w> आग </w></man_made_event><time-arg id="5"><link event_arg="3" id="16" type_rel="EVENT_ARG"/><w> सुबह </w><w> करीब </w><w> साढ़े </w><w> चार </w><w> बजे </w></time-arg><w> लगी। </w><w> कंपनी </w><w> परिसर </w><w> में </w><w> माल </w><w> गेट </w><w> के </w><w> सामने </w><w> वाले </w><w> हिस्से </w><w> में </w><w> थ्री </w><w> सीपी </w><w> का </w><w> प्लांट </w><w> है, </w><w> जो </w><w> आज </w><w> कल </w><w> बंद </w><w> है। </w><time-arg id="6"><link event_arg="7" id="17" type_rel="EVENT_ARG"/><w> सुबह </w></time-arg><w> इसी </w><place-arg id="8"><link event_arg="7" id="18" type_rel="EVENT_ARG"/><w> प्लांट </w></place-arg><w> में </w><w> अचानक </w><man_made_event id="7" type="FIRE"><event-coref-link event_id="2" id="22" type_rel="EVENT_COREF"></event-coref-link><w> आग </w></man_made_event><w> लग </w><w> गई। </w><place-arg id="9"><link event_arg="7" id="19" type_rel="EVENT_ARG"/><w> प्लांट </w></place-arg><w> में </w><w> आग </w><w> भड़कते </w><w> ही </w><w> कंपनी </w><w> में </w><w> खतरे </w><w> का </w><w> सायरन </w><w> बज </w><w> उठा। </w><w> कंपनी </w><w> की </w><w> फायर </w><w> सेफ्टी </w><w> यूनिट </w><w> के </w><w> साथ </w><w> प्रबंधन </w><w> के </w><w> अधिकारी </w><w> भी </w><w> मौके </w><w> पर </w><w> आ </w><w> पहुंचे। </w><w> आग </w><w> तब </w><w> तक </w><w> विकराल </w><w> रूप </w><w> धारण </w><w> कर </w><w> चुकी </w><w> थी। </w><w> उसकी </w><w> दहकती </w><w> लपटे </w><w> काफी </w><w> ऊंचाइ </w><w> तक </w><w> पहुंच </w><w> रही </w><w> थी। </w><w> कंपनी </w><w> की </w><w> दमकल </w><w> यूनिट </w><w> ने </w><w> करीब </w><w> एक </w><w> घंटे </w><w> मशक्कत </w><w> कर </w><w> आग </w><w> पर </w><w> काबू </w><w> पाया। </w><w> इस </w><w> दौरान </w><w> किसी </w><w> जनहानि </w><w> की </w><w> सूचना </w><w> नहीं </w><w> है, </w><w> लेकिन </w><w> आग </w><w> से </w><reason-arg id="11"><link event_arg="7" id="20" type_rel="EVENT_ARG"/><w> प्लांट </w><w> जलने </w></reason-arg><w> से </w><after_effects-arg id="10"><link event_arg="7" id="21" type_rel="EVENT_ARG"/><w> लाखों </w><w> की </w><w> क्षति </w></after_effects-arg><w> का </w><w> अनुमान </w><w> है। </w><w> कंपनी </w><w> के </w><w> एसआर </w><w> हेड </w><w> जेएल </w><w> गुप्ता </w><w> ने </w><w> बंद </w><w> प्लांट </w><w> में </w><w> आग </w><w> लगने </w><w> की </w><w> पुष्टि </w><w> करते </w><w> हुए </w><w> बताया </w><w> कि </w><w> इसके </w><w> कारणों </w><w> का </w><w> पता </w><w> लगाने </w><w> को </w><w> जांच </w><w> की </w><w> जाएगी। </w><w> गजरौला </w><w> के </w><w> प्रभारी </w><w> अग्नि </w><w> शमन </w><w> दल </w><w> अधिकारी </w><w> ने </w><w> बताया </w><w> कि </w><w> आग </w><w> लगने </w><w> की </w><w> सूचना </w><w> अमरोहा </w><w> से </w><w> तब </w><w> मिली, </w><w> जब </w><w> आग </w><w> कंपनी </w><w> अपने </w><w> स्तर </w><w> से </w><w> बुझा </w><w> चुकी </w><w> थी। </w><w> सीओ </w><w> मोहन </w><w> लाल </w><w> ने </w><w> बताया </w><w> कि </w><w> प्लांट </w><w> में </w><w> आग </w><w> लगी </w><w> थी, </w><w> जिसे </w><w> कंपनी </w><w> ने </w><w> अपने </w><w> स्तर </w><w> से </w><w> ही </w><w> बुझा </w><w> लिया। </w></p></document>