<?xml version="1.0" encoding="UTF-8"?>
<document><desc></desc><desc></desc><time>583</time><p><w> मुरैना। </w><time-arg id="1"><link event_arg="0" id="7" type_rel="EVENT_ARG"/><w> गुरुवार </w></time-arg><w> को </w><place-arg id="2"><link event_arg="0" id="8" type_rel="EVENT_ARG"/><w> कश्मीर </w><w> के </w><w> गुरेज </w><w> सेक्टर </w></place-arg><w> में </w><w> आए </w><natural_event id="0" type="BLIZZARD"><w> बर्फीले </w><w> तूफान </w></natural_event><w> में </w><casualties-arg id="3"><link event_arg="0" id="9" type_rel="EVENT_ARG"/><w> शहीद </w><w> हुए </w><w> जवानों </w></casualties-arg><w> मुरैना </w><w> के </w><w> पोरसा </w><w> का </w><w> सपूत </w><w> भी </w><w> है। </w><w> वह </w><w> ड्यूटी </w><w> देते </w><w> समय </w><w> तूफान </w><w> में </w><w> बर्फ </w><w> में </w><w> दब </w><w> गया </w><w> और </w><w> शहीद </w><w> हो </w><w> गया। </w><w> शहडोल </w><w> निवासी </w><w> सिपाही </w><casualties-arg id="5"><link event_arg="0" id="10" type_rel="EVENT_ARG"/><w> देवेंद्र </w><w> कुमार </w><w> सोनी </w><w> भी </w><w> इस </w><natural_event id="4" type="BLIZZARD"><event-coref-link event_id="0" id="12" type_rel="EVENT_COREF"></event-coref-link><w> तूफान </w></natural_event><w> में </w><w> शहीद </w></casualties-arg><w> हो </w><w> गया </w><w> है। </w></p><p><w> पोरसा </w><w> कस्बे </w><w> में </w><w> रहने </w><w> वाले </w><w> चक्रपाणि </w><w> स्कूल </w><w> के </w><w> प्राचार्य </w><w> टीआर </w><w> शुक्ला </w><w> के </w><w> बेटे </w><w> हवलदार </w><w> विजय </w><w> कुमार </w><w> शुक्ला </w><w> पिछले </w><w> ढाई </w><w> साल </w><w> से </w><w> कश्मीर </w><w> में </w><w> गुरेज </w><w> सेक्टर </w><w> में </w><w> पदस्थ </w><w> थे। </w></p><p><w> गुरुवार </w><w> को </w><w> आए </w><w> बर्फीले </w><natural_event id="6" type="BLIZZARD"><event-coref-link event_id="0" id="11" type_rel="EVENT_COREF"></event-coref-link><w> तूफान </w></natural_event><w> में </w><w> विजय </w><w> अन्य </w><w> सैनिकों </w><w> के </w><w> साथ </w><w> ड्यूटी </w><w> देते </w><w> समय </w><w> बर्फ </w><w> में </w><w> दब </w><w> गए। </w><w> विजय </w><w> 17 </w><w> साल </w><w> पहले </w><w> सेना </w><w> में </w><w> भर्ती </w><w> हुए </w><w> थे। </w><w> मूलतः </w><w> विजय </w><w> व </w><w> उनका </w><w> परिवार </w><w> उत्तरप्रदेश </w><w> का </w><w> है। </w><w> इसलिए </w><w> पूरा </w><w> परिवार </w><w> उत्तरप्रदेश </w><w> के </w><w> प्रतापगढ़ </w><w> के </w><w> लिए </w><w> रवाना </w><w> हो </w><w> गया। </w><w> शहीद </w><w> का </w><w> शव </w><w> प्रतापगढ़ </w><w> ही </w><w> आएगा। </w></p></document>