<?xml version="1.0" encoding="UTF-8"?>
<document><desc></desc><time>1088</time><p><place-arg id="2"><link event_arg="0" id="8" type_rel="EVENT_ARG"/><w> उज्जैन। </w></place-arg><place-arg id="3"><link event_arg="0" id="9" type_rel="EVENT_ARG"/><w> भूखी </w><w> माता </w><w> तिराहे </w><w> से </w><w> मुल्लापुर </w><w> रोड </w><w> पर </w><w> बन </w><w> रहे </w><w> अवधेशानंद </w><w> के </w><w> पंडाल </w></place-arg><w> की </w><casualties-arg id="5"><link event_arg="0" id="13" type_rel="EVENT_ARG"/><w> दीवार </w><w> तेज </w><natural_event id="0" type="TORNADO"><w> बवंडर </w></natural_event><w> में </w><time-arg id="1"><link event_arg="0" id="10" type_rel="EVENT_ARG"/><w> बुधवार </w><w> दोपहर </w></time-arg><w> गिर </w><w> गई। </w></casualties-arg><casualties-arg id="4"><link event_arg="0" id="11" type_rel="EVENT_ARG"/><w> गेट </w><w> भी </w><w> क्षतिग्रस्त </w></casualties-arg><w> हो </w><w> गया। </w><w> करीब </w><w> 5 </w><w> मिनट </w><w> तक </w><w> चले </w><w> बवंडर </w><w> से </w><after_effects-arg id="7"><link event_arg="0" id="12" type_rel="EVENT_ARG"/><w> लोहे </w><w> की </w><w> चद्दरें </w><w> कई </w><w> फीट </w><w> ऊंची </w><w> उड़ीं। </w><w> इससे </w><w> रास्ता </w><w> कुछ </w><w> देर </w><w> के </w><w> लिए </w><w> थम </w><w> गया। </w></after_effects-arg></p><p><place-arg id="14"><link event_arg="16" id="18" type_rel="EVENT_ARG"/><w> सिंहस्थ </w><w> क्षेत्र </w></place-arg><w> में </w><w> अवधेशानंद </w><w> के </w><w> विशाल </w><w> पंडाल </w><w> की </w><w> दीवार </w><w> व </w><w> गेट </w><w> को </w><w> बनाने </w><w> में </w><w> बंंगाल </w><w> के </w><w> 50 </w><w> से </w><w> ज्यादा </w><w> कारीगर </w><w> करीब </w><w> डेढ़ </w><w> महीने </w><w> से </w><w> जुटे </w><w> हैं। </w><w> पंडाल </w><w> के </w><w> मुख्य </w><w> हिस्से </w><w> पर </w><w> करीब </w><w> 600 </w><w> मीटर </w><w> दीवार </w><w> व </w><w> भव्य </w><w> गेट </w><w> का </w><w> निर्माण </w><w> बांस, </w><w> बल्ली, </w><w> कपड़े </w><w> व </w><w> थर्माकोल </w><w> से </w><w> हो </w><w> रहा </w><w> है। </w><w> कारीगर </w><w> इन्हें </w><w> अंतिम </w><w> रूप </w><w> दे </w><w> रहे </w><w> हैं। </w><time-arg id="15"><link event_arg="16" id="19" type_rel="EVENT_ARG"/><w> बुधवार </w><w> दोपहर </w><w> 2 </w><w> बजे </w></time-arg><w> तेज </w><natural_event id="16" type="TORNADO"><event-coref-link event_id="0" id="21" type_rel="EVENT_COREF"></event-coref-link><w> बवंडर </w></natural_event><w> चलने </w><w> से </w><casualties-arg id="17"><link event_arg="16" id="20" type_rel="EVENT_ARG"/><w> दीवार </w><w> का </w><w> ज्यादातर </w><w> हिस्सा </w><w> ढह </w><w> गया। </w><w> वहीं </w><w> एक-दो </w><w> गेट </w><w> भी </w><w> क्षतिग्रस्त </w><w> हो </w><w> गए। </w></casualties-arg></p><p><w> फिर </w><w> से </w><w> काम </w><w> में </w><w> जुटे </w><w> कारीगर </w></p><p><natural_event id="22" type="TORNADO"><event-coref-link event_id="0" id="24" type_rel="EVENT_COREF"></event-coref-link><w> बवंडर </w></natural_event><w> थमने </w><w> के </w><w> बाद </w><w> कारीगर </w><w> फिर </w><w> से </w><w> दीवार </w><w> व </w><w> गेट </w><w> बनाने </w><w> में </w><w> जुट </w><w> गए। </w><w> कारीगरों </w><w> ने </w><w> बताया </w><w> दीवार </w><w> व </w><w> गेट </w><w> बनाने </w><w> में </w><w> एक </w><w> सप्ताह </w><w> का </w><w> समय </w><w> लगेगा। </w><w> प्रत्यक्षदर्शियों </w><w> ने </w><w> बताया </w><natural_event id="23" type="TORNADO"><event-coref-link event_id="0" id="25" type_rel="EVENT_COREF"></event-coref-link><w> बवंडर </w></natural_event><w> इतना </w><w> तेज </w><w> था </w><w> कि </w><w> कुछ </w><w> चद्दरें </w><w> सामने </w><w> के </w><w> पंडाल </w><w> तक </w><w> जा </w><w> पहुंची। </w><w> रोड </w><w> से </w><w> गुजर </w><w> रहे </w><w> एक </w><w> बालक </w><w> को </w><w> मामूली </w><w> चोट </w><w> लगने </w><w> की </w><w> खबर </w><w> भी </w><w> है। </w></p></document>