<?xml version="1.0" encoding="UTF-8"?>
<document><desc></desc><time>253</time><p><w> खंडाला, </w><w> एएनआइ। </w><time-arg id="0"><link event_arg="2" id="19" type_rel="EVENT_ARG"/><w> शुक्रवार </w><w> तड़के </w><w> 3:30 </w><w> बजे </w></time-arg><participant-arg id="1"><link event_arg="2" id="20" type_rel="EVENT_ARG"/><w> मदुरै </w><w> एक्सप्रेस </w><w> का </w><w> डिब्बा </w></participant-arg><man_made_event id="2" type="TRAIN_COLLISION"><w> पटरी </w><w> से </w><w> उतर </w><w> गया। </w></man_made_event><w> इस </w><man_made_event id="3" type="TRAIN_COLLISION"><event-coref-link event_id="2" id="15" type_rel="EVENT_COREF"></event-coref-link><w> हादसे </w></man_made_event><w> में </w><w> किसी </w><w> भी </w><w> तरह </w><w> के </w><w> जानमाल </w><w> का </w><w> नुकसान </w><w> नही </w><w> हुआ </w><w> लेकिन </w><casualties-arg id="4"><link event_arg="3" id="21" type_rel="EVENT_ARG"/><w> ट्रेन </w><w> का </w><w> पिछला </w><w> डिब्बा </w><w> पूरी </w><w> तरह </w><w> से </w><w> क्षतिग्रस्त </w></casualties-arg><w> हो </w><w> गया। </w><man_made_event id="5" type="TRAIN_COLLISION"><event-coref-link event_id="2" id="16" type_rel="EVENT_COREF"></event-coref-link><w> घटना </w></man_made_event><w> की </w><w> सूचना </w><w> मिलते </w><w> ही </w><w> रेलवे </w><w> की </w><after_effects-arg id="6"><link event_arg="5" id="22" type_rel="EVENT_ARG"/><w> अधिकारी </w><w> मौके </w><w> पर </w><w> पहुंच </w><w> गये </w></after_effects-arg><w> और </w><after_effects-arg id="7"><link event_arg="5" id="23" type_rel="EVENT_ARG"/><w> पिछला </w><w> डिब्बा </w><w> काटकर </w><w> अलग </w><w> कर </w><w> ट्रेन </w><w> को </w><w> रवाना </w><w> कर </w><w> दिया। </w></after_effects-arg></p><p><w> सूत्रों </w><w> के </w><w> अनुसार </w><participant-arg id="8"><link event_arg="12" id="24" type_rel="EVENT_ARG"/><w> मदुरै </w><w> एक्सप्रेस </w></participant-arg><time-arg id="9"><link event_arg="12" id="25" type_rel="EVENT_ARG"/><w> शुक्रवार </w><w> सुबह </w></time-arg><w> मुंबई </w><w> से </w><w> मदुरै </w><w> के </w><w> लिए </w><w> निकली </w><w> थी। </w><place-arg id="10"><link event_arg="12" id="26" type_rel="EVENT_ARG"/><w> खंडाला </w><w> स्टेशन </w><w> के </w><w> पास </w></place-arg><w> पहुंचते </w><w> ही </w><participant-arg id="11"><link event_arg="12" id="27" type_rel="EVENT_ARG"/><w> पिछला </w><w> डिब्बा </w></participant-arg><man_made_event id="12" type="TRAIN_COLLISION"><event-coref-link event_id="2" id="17" type_rel="EVENT_COREF"></event-coref-link><w> पटरी </w><w> से </w><w> उतर </w><w> गया। </w></man_made_event><w> ड्राइवर </w><w> की </w><w> सूझबूझ </w><w> से </w><w> ट्रेन </w><w> को </w><w> तुरंत </w><w> रोक </w><w> दिया </w><w> गया। </w><w> इस </w><man_made_event id="13" type="TRAIN_COLLISION"><event-coref-link event_id="2" id="18" type_rel="EVENT_COREF"></event-coref-link><w> हादसे </w></man_made_event><w> में </w><w> किसी </w><w> के </w><w> हताहत </w><w> होने </w><w> की </w><w> सूचना </w><w> नहीं </w><w> है। </w><w> ट्रेन </w><w> का </w><casualties-arg id="14"><link event_arg="13" id="28" type_rel="EVENT_ARG"/><w> पिछला </w><w> डिब्बा </w><w> क्षतिग्रस्त </w></casualties-arg><w> हुआ </w><w> है, </w><w> डिब्बे </w><w> को </w><w> देखकर </w><w> लगता </w><w> है </w><w> जैसे </w><w> किसी </w><w> ने </w><w> पीछे </w><w> से </w><w> उसमें </w><w> टक्कर </w><w> मारी </w><w> हो। </w></p></document>