<?xml version="1.0" encoding="UTF-8"?>
<document><p><w> मुंबई। </w><place-arg id="10"><link event_arg="0" id="29" type_rel="EVENT_ARG"/><w> ठाणे </w><w> जिले </w></place-arg><w> के </w><place-arg id="11"><link event_arg="0" id="28" type_rel="EVENT_ARG"/><w> डोंबीवली </w><w> शहर </w></place-arg><w> में </w><w> एक </w><place-arg id="12"><link event_arg="0" id="27" type_rel="EVENT_ARG"/><w> रसायन </w><w> फैक्ट्री </w></place-arg><w> में </w><reason-arg id="6"><link event_arg="0" id="26" type_rel="EVENT_ARG"/><w> ब्वायलर </w><w> फटने </w></reason-arg><w> से </w><casualties-arg id="16"><link event_arg="0" id="25" type_rel="EVENT_ARG"/><w> पांच </w><w> लोग </w><w> मारे </w><w> गए </w></casualties-arg><w> और </w><casualties-arg id="17"><link event_arg="0" id="24" type_rel="EVENT_ARG"/><w> 150 </w><w> से </w><w> ज्यादा </w><w> घायल </w></casualties-arg><w> हो </w><w> गए </w><w> हैं। </w><place-arg id="13"><link event_arg="0" id="23" type_rel="EVENT_ARG"/><w> महाराष्ट्र </w><w> औद्योगिक </w><w> विकास </w><w> निगम </w><w> (एमआइडीसी) </w><w> स्थित </w><w> प्रोबैक </w><w> इंटरप्राइजेज </w></place-arg><w> नामक </w><w> फैक्ट्री </w><w> में </w><time-arg id="9"><link event_arg="0" id="22" type_rel="EVENT_ARG"/><w> गुरुवार </w></time-arg><time-arg id="8"><link event_arg="0" id="21" type_rel="EVENT_ARG"/><w> सुबह </w><w> 11 </w><w> बजे </w></time-arg><w> पहले </w><w> एक </w><w> सिलिंडर </w><w> में </w><man_made_event id="0" type="INDUSTRIAL_ACCIDENT"><w> आग </w></man_made_event><w> लगी। </w><w> फिर </w><w> यही </w><man_made_event id="1" type="INDUSTRIAL_ACCIDENT"><event-coref-link event_id="0" id="36" type_rel="EVENT_COREF"></event-coref-link><w> आग </w></man_made_event><place-arg id="14"><link event_arg="1" id="30" type_rel="EVENT_ARG"/><w> फैक्ट्री </w></place-arg><w> के </w><w> ब्वायलर </w><w> तक </w><w> जा </w><w> पहुंची, </w><w> जिससे </w><reason-arg id="7"><link event_arg="1" id="31" type_rel="EVENT_ARG"/><w> ब्वायलर </w><w> में </w><w> भीषण </w><w> विस्फोट </w></reason-arg><w> हो </w><w> गया। </w></p><p><w> इससे </w><place-arg id="15"><link event_arg="2" id="33" type_rel="EVENT_ARG"/><w> फैक्ट्री </w></place-arg><w> की </w><casualties-arg id="18"><link event_arg="2" id="32" type_rel="EVENT_ARG"/><w> पूरी </w><w> इमारत </w><w> ढह </w><w> गई </w></casualties-arg><w> और </w><w> दो </w><w> किलोमीटर </w><w> दूर </w><w> तक </w><w> की </w><casualties-arg id="19"><link event_arg="2" id="34" type_rel="EVENT_ARG"/><w> इमारतों </w><w> के </w><w> कांच </w><w> टूट </w><w> गए। </w></casualties-arg><w> घरों </w><w> के </w><w> अंदर </w><w> बैठे </w><casualties-arg id="20"><link event_arg="2" id="35" type_rel="EVENT_ARG"/><w> लोग </w><w> और </w><w> मवेशी </w><w> भी </w><w> बड़ी </w><w> संख्या </w><w> में </w><w> घायल </w></casualties-arg><w> हो </w><w> गए। </w><w> फैक्ट्री </w><w> के </w><w> अंदर </w><w> मौजूद </w><w> घायलों </w><w> को </w><w> निकट </w><w> के </w><w> अस्पतालों </w><w> में </w><w> ले </w><w> जाया </w><w> गया। </w><man_made_event id="2" type="INDUSTRIAL_ACCIDENT"><event-coref-link event_id="0" id="37" type_rel="EVENT_COREF"></event-coref-link><w> विस्फोट </w></man_made_event><w> से </w><w> फैक्ट्री </w><w> के </w><w> अंदर </w><w> 30 </w><w> फुट </w><w> गहरा </w><w> गड्ढा </w><w> हो </w><w> गया। </w><w> अग्निशमन </w><w> दल </w><w> की </w><w> 15 </w><w> से </w><w> अधिक </w><w> गाड़ियों </w><w> को </w><man_made_event id="3" type="INDUSTRIAL_ACCIDENT"><event-coref-link event_id="0" id="39" type_rel="EVENT_COREF"></event-coref-link><w> आग </w></man_made_event><w> बुझाने </w><w> और </w><w> मलबा </w><w> हटाने </w><w> के </w><w> काम </w><w> में </w><w> लगाया </w><w> गया। </w><w> आसपास </w><w> की </w><w> भी </w><w> दो </w><w> फैक्ट्रियों </w><w> को </w><w> भी </w><man_made_event id="4" type="INDUSTRIAL_ACCIDENT"><event-coref-link event_id="0" id="38" type_rel="EVENT_COREF"></event-coref-link><w> विस्फोट </w></man_made_event><w> से </w><w> नुकसान </w><w> उठाना </w><w> पड़ा </w><w> है। </w></p><p><w> ठाणे </w><w> एवं </w><w> पुणे </w><w> से </w><w> एनडीआरएफ </w><w> की </w><w> टीमें </w><w> एवं </w><w> मुंबई </w><w> से </w><w> एनएसजी </w><w> कमांडो </w><w> भी </w><w> मदद </w><w> के </w><w> लिए </w><w> घटनास्थल </w><w> पर </w><w> पहुंच </w><w> गए। </w><w> राज्य </w><w> के </w><w> उद्योग </w><w> मंत्री </w><w> सुभाष </w><w> देसाई </w><w> ने </w><w> घटनास्थल </w><w> पर </w><w> पहुंचकर </w><w> स्थिति </w><w> का </w><w> जायजा </w><w> लिया </w><w> और </w><w> अगले </w><w> एक </w><w> सप्ताह </w><w> के </w><w> लिए </w><w> डोंबीवली </w><w> एवं </w><w> उसके </w><w> आसपास </w><w> की </w><w> रसायन </w><w> फैक्ट्रियों </w><w> को </w><w> बंद </w><w> रखने </w><w> का </w><w> निर्देश </w><w> दिया। </w><w> इन </w><w> सभी </w><w> फैक्ट्रियों </w><w> में </w><w> सुरक्षा </w><w> मानकों </w><w> की </w><w> जांच </w><w> के </w><w> बाद </w><w> ही </w><w> इन्हें </w><w> पुनः </w><w> शुरू </w><w> करने </w><w> की </w><w> अनुमति </w><w> दी </w><w> जाएगी। </w><w> मुख्यमंत्री </w><w> देवेंद्र </w><w> फड़नवीस </w><w> ने </w><w> भी </w><w> शाम </w><w> को </w><w> डोंबीवली </w><w> के </w><w> अस्पतालों </w><w> में </w><w> भर्ती </w><w> घायलों </w><w> से </w><w> मुलाकात </w><w> की। </w><w> उन्होंने </w><man_made_event id="5" type="INDUSTRIAL_ACCIDENT"><event-coref-link event_id="0" id="40" type_rel="EVENT_COREF"></event-coref-link><w> विस्फोट </w></man_made_event><w> के </w><w> कारणों </w><w> की </w><w> जांच </w><w> के </w><w> भी </w><w> आदेश </w><w> दे </w><w> दिए </w><w> हैं। </w></p></document>