<?xml version="1.0" encoding="UTF-8"?>
<document><p><time-arg id="1"><link event_arg="6" id="15" type_rel="EVENT_ARG"/><w> शनिवार </w></time-arg><w> को </w><place-arg id="2"><link event_arg="6" id="16" type_rel="EVENT_ARG"/><w> महाराष्ट्र </w></place-arg><w> में </w><w> एक </w><man_made_event id="6" type="TRANSPORT_HAZARDS"><w> बस </w><w> हादसे </w></man_made_event><w> में </w><casualties-arg id="3"><link event_arg="6" id="17" type_rel="EVENT_ARG"/><w> 33 </w><w> लोगों </w></casualties-arg><w> की </w><w> मौत </w><w> हो </w><w> गई। </w><w> जानकारी </w><w> के </w><w> अनुसार, </w><w> राज्य </w><w> के </w><place-arg id="4"><link event_arg="3" id="18" type_rel="EVENT_ARG"/><w> रायगढ़ </w><w> जिले </w><w> में </w><w> अंबेनाली </w><w> घाट </w><w> के </w><w> समीप </w></place-arg><w> पहाड़ी </w><w> रास्ते </w><w> से </w><w> गुजरने </w><w> के </w><w> दौरान एक </w><reason-arg id="5"><link event_arg="3" id="19" type_rel="EVENT_ARG"/><w> बस </w><w> अनियंत्रित </w><w> होकर </w><w> खाई </w><w> में </w><w> पलट </w></reason-arg><w> गई। </w><w> इस </w><man_made_event id="7" type="TRANSPORT_HAZARDS"><event-coref-link event_id="6" id="20" type_rel="EVENT_COREF"></event-coref-link><w> हादसे </w></man_made_event><w> में </w><w> बस </w><w> सवार </w><casualties-arg id="8"><link event_arg="7" id="23" type_rel="EVENT_ARG"/><w> 33 </w><w> यात्रियों </w></casualties-arg><w> की </w><w> मौत </w><w> हो </w><w> गई। </w><w> बताया </w><w> जाता </w><w> है </w><w> कि </w><w> ड्राइवर </w><w> और </w><w> कंडक्टर </w><w> को </w><w> मिलाकर </w><w> कुल 34 </w><w> लोग </w><w> इस </w><w> बस </w><w> में </w><w> सवार </w><w> थे। </w><man_made_event id="9" type="TRANSPORT_HAZARDS"><event-coref-link event_id="6" id="21" type_rel="EVENT_COREF"></event-coref-link><w> घटना </w></man_made_event><w> की </w><w> सूचना </w><w> मिलते </w><w> ही </w><after_effects-arg id="10"><link event_arg="9" id="24" type_rel="EVENT_ARG"/><w> एनडीआरएफ </w><w> की </w><w> टीम </w><w> मौके </w><w> पर </w><w> पहुंच </w></after_effects-arg><w> चुकी </w><w> है </w><w> और </w><after_effects-arg id="11"><link event_arg="9" id="25" type_rel="EVENT_ARG"/><w> रेस्क्यू </w><w> ऑपरेशन </w><w> जारी </w></after_effects-arg><w> है। </w><w> मौके </w><w> पर </w><w> रायगढ़ </w><w> के </w><w> एसपी </w><w> और </w><w> जिलाधिकारी </w><w> पहुंच </w><w> चुके </w><w> हैं। </w><w> ये </w><man_made_event id="12" type="TRANSPORT_HAZARDS"><event-coref-link event_id="6" id="22" type_rel="EVENT_COREF"></event-coref-link><w> घटना </w></man_made_event><w> उस </w><w> समय </w><w> हुई </w><w> जब </w><w> महीने </w><w> के </w><w> आखिरी </w><w> शनिवार </w><w> और </w><w> रविवार </w><w> लगातार </w><w> दो </w><w> दिन </w><w> की </w><w> छुट्टियों </w><w> में </w><w> पिकनिक </w><w> मनाने </w><w> के </w><w> लिए </w><w> दापोली </w><w> कृषि </w><w> विश्वविद्यालय </w><w> के </w><w> कर्मचारी </w><w> महाबालेश्वर </w><w> जा </w><w> रहे </w><w> थे। </w><w> ये </w><w> लोग </w><w> करीब </w><w> साढ़े </w><w> 10 </w><w> बजे </w><w> महाबालेश्वर </w><w> के </w><w> लिए </w><w> रवाना </w><w> हुए </w><w> थे। </w><w> अभी </w><w> गाड़ी </w><w> 15 </w><w> किलोमीटर </w><w> ही </w><w> आगे </w><w> बढ़ी </w><w> थी </w><w> कि </w><w> आंबेनली </w><w> घाट </w><w> पहुंचने </w><w> के </w><w> बाद </w><w> बस </w><w> पहाड़ी </w><w> सड़क </w><w> के </w><w> पास </w><w> अनियंत्रित </w><w> होकर </w><w> सैंकड़ों </w><w> फीट </w><w> गहरी </w><w> खाई </w><w> में </w><w> गिर </w><w> गई। </w></p><p><w> इस </w><w> बाबत </w><w> सतारा </w><w> जिले </w><w> के </w><w> पुलिस </w><w> अधीक्षक </w><w> संदिपा </w><w> पाटिल </w><w> ने </w><w> बताया </w><w> कि </w><w> बस </w><w> पर </w><w> करीब </w><w> 35 </w><w> लोग </w><w> सवार </w><w> थे। </w><w> लोकल </w><w> थाने </w><w> की </w><w> पुलिस </w><w> घटनास्थल </w><w> पर </w><w> मौजूद </w><w> है। </w><w> एनडीआरफ </w><w> भी </w><w> पहुंच </w><w> चुकी </w><w> है। </w><w> स्थानीय </w><w> ट्रैकर </w><w> भी </w><w> मौजूद </w><w> हैं। </w><w> प्राथमिक </w><w> जानकारी </w><w> के </w><w> अनुसार, </w><w> घटना </w><w> के </w><w> बारे </w><w> में </w><w> लोगों </w><w> को </w><w> तब </w><w> पता </w><w> चला </w><w> जब </w><w> इस </w><w> हादसे </w><w> में </w><w> जीवित </w><w> एक </w><w> व्यक्ति </w><w> ने </w><w> आसपास </w><w> के </w><w> लोगों </w><w> को </w><w> सहायता </w><w> के </w><w> लिए </w><w> बुलाया। </w><w> पुलिस </w><w> के </w><w> अनुसार </w><w> बस </w><w> करीब </w><w> 300 </w><w> फीट </w><w> गहरी </w><w> खाई </w><w> में </w><w> गिरी </w><w> है। </w></p><p><w> इस </w><w> घटना </w><w> पर </w><after_effects-arg id="13"><link event_arg="12" id="26" type_rel="EVENT_ARG"/><w> राष्ट्रपति </w><w> रामनाथ </w><w> कोविंद </w><w> ने </w><w> शोक </w><w> जताते </w></after_effects-arg><w> हुए </w><w> कहा </w><w> कि </w><w> बस </w><w> हादसे </w><w> की </w><w> खबर </w><w> सुन </w><w> मुझे </w><w> काफी </w><w> दुख </w><w> हुआ </w><w> है। </w><w> प्रभावित </w><w> लोगों </w><w> की </w><w> मदद </w><w> के </w><w> लिए </w><w> बचाव </w><w> प्रयास </w><w> चल </w><w> रहे </w><w> हैं। </w><w> मेरी </w><w> संवेदना </w><w> घायल </w><w> लोग </w><w> एवं शोकाकुल </w><w> परिजनों </w><w> के </w><w> साथ </w><w> है। </w></p><p><w> इस </w><w> भीषण </w><w> हादसे </w><w> पर </w><w> प्रधानमंत्री </w><w> नरेंद्र </w><w> मोदी </w><w> ने </w><w> शोक </w><w> जताया </w><w> है। </w><w> अपने </w><w> शोक </w><w> संदेश </w><w> में </w><w> उन्होंने </w><w> कहा </w><w> कि </w><w> महाराष्ट्र </w><w> के </w><w> रायगढ़ </w><w> जिले </w><w> में </w><w> बस </w><w> हादसे </w><w> की </w><w> खबर </w><w> सुनकर </w><w> काफी </w><w> दुख </w><w> हुआ। </w><w> मेरी </w><w> संवेदना </w><w> उन </w><w> सभी </w><w> लोगों </w><w> के </w><w> प्रति </w><w> है </w><w> जिनके </w><w> परिजन </w><w> की </w><w> इस </w><w> घटना </w><w> में </w><w> जान </w><w> चली </w><w> गई। </w></p><p><w> वहीं </w><w> कांग्रेस </w><w> अध्यक्ष </w><after_effects-arg id="14"><link event_arg="12" id="27" type_rel="EVENT_ARG"/><w> राहुल </w><w> गांधी </w><w> ने </w><w> भी </w><w> इस </w><w> घटना </w><w> पर </w><w> शोक </w></after_effects-arg><w> व्यक्त </w><w> किया </w><w> है। </w><w> उन्होंने </w><w> ट्वीट </w><w> के </w><w> माध्यम </w><w> से </w><w> कहा </w><w> कि </w><w> मुझे </w><w> महाराष्ट्र </w><w> के </w><w> रायगढ़ </w><w> की बस </w><w> हादसे </w><w> की </w><w> खबर </w><w> मिली, </w><w> जिसमें कई </w><w> लोगों </w><w> की </w><w> मौत </w><w> हो </w><w> गई </w><w> और </w><w> कुछ </w><w> घायल </w><w> हैं। </w><w> मैं </w><w> इस </w><w> घटना </w><w> से </w><w> काफी </w><w> दुखी </w><w> हूं। </w><w> मैं </w><w> इस </w><w> क्षेत्र </w><w> के </w><w> कांग्रेस </w><w> पार्टी </w><w> के </w><w> कार्यकर्ताओं </w><w> से </w><w> अपील </w><w> करता </w><w> हूं </w><w> कि </w><w> वे </w><w> तत्काल </w><w> मौके </w><w> पर </w><w> पहुंच </w><w> घायलों </w><w> एवं </w><w> मृतकों </w><w> के </w><w> परिजनों </w><w> को </w><w> जरूरी </w><w> सहायता </w><w> उपलब्ध </w><w> कराएं। </w></p></document>