<?xml version="1.0" encoding="UTF-8"?>
<document><p><place-arg id="2"><link event_arg="0" id="11" type_rel="EVENT_ARG"/><w> मुंबई </w><w> के </w><w> एक </w><w> पॉश </w><w> इलाके </w></place-arg><w> में </w><w> एक </w><w> परिसर </w><w> की </w><w> छत </w><w> पर </w><w> स्थित </w><w> पब </w><w> में </w><w> बीती </w><w> रात </w><w> चल </w><w> रहा </w><w> जन्मदिन </w><w> का </w><w> जश्न </w><w> करीब </w><w> दर्जन </w><w> भर </w><w> परिवारों </w><w> के </w><w> लिए </w><w> मातम </w><w> में </w><w> बदल </w><w> गया। </w><w> अपना </w><w> 29 </w><w> वां </w><w> जन्मदिन </w><w> मना </w><w> रही </w><w> एक </w><w> महिला </w><w> सहित </w><casualties-arg id="3"><link event_arg="0" id="12" type_rel="EVENT_ARG"/><w> 14 </w><w> लोगों </w></casualties-arg><w> की </w><w> मौत </w><w> हो </w><w> गई </w><w> और </w><casualties-arg id="4"><link event_arg="0" id="13" type_rel="EVENT_ARG"/><w> 21 </w><w> अन्य </w></casualties-arg><w> घायल </w><w> हो </w><w> गए। </w><man_made_event id="0" type="FIRE"><w> आग </w><w> लगने </w><w> की </w><w> घटना </w></man_made_event><w> पर </w><w> कार्रवाई </w><w> करते </w><w> हुए </w><w> बृहन्मुंबई </w><w> महानगरपालिका </w><w> (बीएमसी) </w><w> ने </w><w> अपने </w><after_effects-arg id="5"><link event_arg="0" id="14" type_rel="EVENT_ARG"/><w> पांच </w><w> अधिकारियों </w><w> को </w><w> निलंबित </w></after_effects-arg><w> कर </w><w> दिया </w><w> है। </w><name-arg id="9"><w> बीएमसी </w><w> आयुक्त </w><w> अजय </w><w> मेहता </w></name-arg><w> ने </w><w> पीटीआई </w><w> को </w><w> बताया, </w><w> ‘‘हमने </w><man_made_event id="1" type="FIRE"><event-coref-link event_id="0" id="15" type_rel="EVENT_COREF"></event-coref-link><w> आग </w><w> लगने </w></man_made_event><w> के </w><w> हादसे </w><w> के </w><w> सिलसिले </w><w> में </w><after_effects-arg id="6"><link event_arg="1" id="16" type_rel="EVENT_ARG"/><w> पांच </w><w> अधिकारियों </w><w> को </w><w> निलंबित </w></after_effects-arg><w> कर </w><w> दिया </w><w> है।’’ </w><w> निलंबित </w><w> किए </w><w> गए </w><w> अधिकारी </w><w> दमकल </w><w> सेवा </w><w> और </w><w> जी </w><w> साउथ </w><w> वार्ड </w><w> से </w><w> जुड़े </w><w> हुए </w><w> थे। </w><w> इस </w><w> बीच, </w><w> मुंबई </w><w> के </w><name-arg id="10"><w> मेयर </w><w> विश्वनाथ </w><w> महादेश्वर </w></name-arg><w> ने </w><w> कहा </w><w> कि </w><w> एक </w><w> जांच </w><w> का </w><w> आदेश </w><w> दिया </w><w> गया </w><w> है </w><w> और </w><w> दोषी </w><w> अधिकारियों </w><w> के </w><w> खिलाफ </w><w> सख्त </w><w> कार्रवाई </w><w> की </w><w> जाएगी। </w><w> बृहन्मुंबई </w><w> महानगरपालिका </w><w> के </w><w> अधिकारियों </w><w> ने </w><time-arg id="7"><link event_arg="1" id="17" type_rel="EVENT_ARG"/><w> शुक्रवार </w></time-arg><w> को </w><w> बताया </w><w> कि </w><time-arg id="8"><link event_arg="1" id="18" type_rel="EVENT_ARG"/><w> देर </w><w> रात </w><w> करीब </w><w> साढ़े </w><w> बारह </w><w> बजे </w></time-arg><w> छत </w><w> पर </w><w> स्थित </w><w> ‘1 </w><w> एबव’ </w><w> पब </w><w> में </w><man_made_event id="20" type="FIRE"><event-coref-link event_id="0" id="22" type_rel="EVENT_COREF"></event-coref-link><w> आग </w><w> लगी </w></man_made_event><w> और </w><w> जल्द </w><w> ही </w><w> इसके </w><w> नीचे </w><w> तीसरी </w><w> मंजिल </w><w> पर </w><w> स्थित </w><participant-arg id="19"><link event_arg="20" id="21" type_rel="EVENT_ARG"/><w> ‘मोजो </w><w> पब’ </w><w> भी </w><w> इसकी </w><w> चपेट </w><w> में </w><w> आ </w><w> गया। </w></participant-arg></p><p><w> केईएम </w><w> अस्पताल </w><w> के </w><name-arg id="23"><w> डीन </w><w> अविनाश </w><w> सुपे </w></name-arg><w> ने </w><w> कहा </w><w> कि </w><casualties-arg id="24"><w> 11 </w><w> महिलाओं </w><w> सहित </w><w> ज्यादातर </w><w> लोगों </w></casualties-arg><w> की </w><w> मौत </w><w> धुएं </w><w> से </w><w> दम </w><w> घुटने </w><w> के </w><w> कारण </w><w> हुई </w><w> है। </w><w> इसी </w><w> अस्पताल </w><w> में </w><w> मृतकों </w><w> और </w><w> घायलों </w><w> को </w><w> लाया </w><w> गया </w><w> था। </w><w> एक </w><w> आधिकारिक </w><w> सूची </w><w> के </w><w> मुताबिक </w><w> मृतकों </w><w> में </w><w> शामिल </w><w> खुशबू </w><w> बंसाली </w><w> नाम </w><w> की </w><w> महिला </w><w> अपना </w><w> 29 </w><w> वां </w><w> जन्म </w><w> दिन </w><w> मना </w><w> रही </w><w> थी। </w><w> इस </w><w> सूची </w><w> में </w><w> 10 </w><w> अन्य </w><w> महिलाओं </w><w> के </w><w> नाम </w><w> भी </w><w> हैं। </w><w> खुशबू </w><w> के </w><w> दादा </w><name-arg id="26"><w> बाबूलाल </w><w> मेहता </w></name-arg><w> ने </w><w> हादसे </w><w> के </w><w> लिए </w><w> होटल </w><w> प्रबंधन </w><w> और </w><w> नगर </w><w> निकाय </w><w> अधिकारियों </w><w> को </w><w> जिम्मेदार </w><w> ठहराया। </w></p><p><place-arg id="27"><link event_arg="28" id="35" type_rel="EVENT_ARG"/><w> लोअर </w><w> परेल </w><w> इलाके </w><w> के </w><w> कमला </w><w> मिल </w><w> परिसर </w><w> स्थित </w><w> ट्रेड </w><w> हाऊस </w><w> बिल्डिंग </w></place-arg><w> में </w><w> ‘1 </w><w> एबव’ </w><w> और </w><w> ‘मोजो’ </w><w> स्थित </w><w> है। </w><w> यह </w><w> स्थान </w><w> एक </w><w> वाणिज्यिक </w><w> केंद्र </w><w> भी </w><w> है </w><w> जहां </w><w> राष्ट्रीय </w><w> टीवी </w><w> चैनलों </w><w> के </w><w> दफ्तर </w><w> सहित </w><w> कई </w><w> कार्यालय </w><w> भी </w><w> हैं। </w><w> भीषण </w><man_made_event id="28" type="FIRE"><w> आग </w></man_made_event><w> ने </w><participant-arg id="29"><link event_arg="28" id="36" type_rel="EVENT_ARG"/><w> समूची </w><w> इमारत </w><w> को </w><w> करीब </w><w> 30 </w><w> मिनट </w><w> में </w><w> ही </w><w> अपनी </w><w> गिरफ्त </w><w> में </w><w> ले </w><w> लिया </w></participant-arg><w> और </w><w> इसे </w><w> बुझाने </w><w> में </w><w> कई </w><w> घंटे </w><w> लगे। </w><man_made_event id="30" type="FIRE"><event-coref-link event_id="28" id="37" type_rel="EVENT_COREF"></event-coref-link><w> आग </w><w> लगने </w></man_made_event><w> की </w><w> वजह </w><w> का </w><w> पता </w><w> नहीं </w><w> चल </w><w> पाया </w><w> है। </w><w> पुलिस </w><w> के </w><w> एक </w><w> अधिकारी </w><w> ने </w><w> बताया </w><w> कि </w><w> दमकल </w><w> विभाग </w><w> और </w><w> पुलिसकर्मी </w><w> मौके </w><w> पर </w><w> पहुंच </w><w> गए। </w><man_made_event id="31" type="FIRE"><event-coref-link event_id="30" id="38" type_rel="EVENT_COREF"></event-coref-link><w> हादसे </w></man_made_event><w> में </w><w> झुलसे </w><casualties-arg id="32"><link event_arg="31" id="39" type_rel="EVENT_ARG"/><w> 35 </w><w> लोगों </w><w> को </w></casualties-arg><w> पब </w><w> से </w><w> निकालकर </w><w> अस्पताल </w><w> पहुंचाया </w><w> गया। </w><w> पुलिस </w><w> ने </w><w> भारतीय </w><w> दंड </w><w> संहिता </w><w> की </w><w> संबंधित </w><w> धाराओं </w><w> के </w><w> तहत </w><name-arg id="33"><link event_arg="31" id="40" type_rel="EVENT_ARG"/><w> हृतेष </w><w> सांघवी, </w><w> जिगर </w><w> सांघवी </w></name-arg><w> और </w><w> पब </w><w> चलाने </w><w> वाले </w><w> सी </w><w> ग्रेड </w><w> हॉस्पिटैलिटी </w><w> के </w><name-arg id="34"><link event_arg="31" id="41" type_rel="EVENT_ARG"/><w> अभिजीत </w><w> मनका </w></name-arg><w> के </w><w> खिलाफ </w><w> मामला </w><w> दर्ज </w><w> किया </w><w> है। </w><w> इनके </w><w> खिलाफ </w><w> धारा </w><w> 337 </w><w> (दूसरों </w><w> के </w><w> जीवन </w><w> और </w><w> व्यक्तिगत </w><w> सुरक्षा </w><w> को </w><w> खतरे </w><w> में </w><w> डालना) </w><w> और </w><w> 338 </w><w> (दूसरों </w><w> के </w><w> जीवन </w><w> और </w><w> व्यक्तिगत </w><w> सुरक्षा </w><w> को </w><w> खतरे </w><w> में </w><w> डालकर </w><w> गंभीर </w><w> चोट </w><w> पहुंचाना) </w><w> के </w><w> तहत </w><w> मामला </w><w> दर्ज </w><w> किया </w><w> गया </w><w> है। </w><w> पुलिस </w><w> ने </w><w> आरोपियों </w><w> में </w><w> से </w><w> दो </w><w> को </w><w> हिरासत </w><w> में </w><w> लिया </w><w> है। </w></p><p><w> राज्य </w><w> में </w><w> विपक्षी </w><w> कांग्रेस </w><w> और </w><w> राकांपा </w><w> ने </w><man_made_event id="51" type="FIRE"><event-coref-link event_id="31" id="64" type_rel="EVENT_COREF"></event-coref-link><w> कमला </w><w> मिल </w><w> आग </w><w> हादसा </w></man_made_event><w> को </w><w> लेकर </w><after_effects-arg id="42"><link event_arg="51" id="52" type_rel="EVENT_ARG"/><w> बीएमसी </w><w> और </w><w> राज्य </w><w> सरकार </w><w> की </w><w> आलोचना </w></after_effects-arg><w> की। </w><w> उन्होंने </w><w> इस </w><w> हादसे </w><w> की </w><w> एक </w><w> उच्च </w><w> स्तरीय </w><w> जांच </w><w> की </w><w> मांग </w><w> की </w><w> और </w><w> कहा </w><w> कि </w><w> दोषी </w><w> अधिकारियों </w><w> के </w><w> खिलाफ </w><w> सख्त </w><w> कार्रवाई </w><w> की </w><w> जाए। </w><name-arg id="43"><link event_arg="51" id="53" type_rel="EVENT_ARG"/><w> कांग्रेस </w><w> के </w><w> वरिष्ठ </w><w> नेता </w><w> राधाकृष्ण </w><w> विखे </w><w> पाटिल </w></name-arg><w> ने </w><w> बीएमसी </w><w> के </w><w> कथित </w><w> भ्रष्ट </w><w> कार्यों </w><w> और </w><w> कामकाज </w><w> की </w><w> सीबीआई </w><w> जांच </w><w> की </w><w> मांग </w><w> की। </w><w> मुंबई </w><name-arg id="44"><link event_arg="51" id="54" type_rel="EVENT_ARG"/><w> कांग्रेस </w><w> प्रमुख </w><w> संजय </w><w> निरुपम </w></name-arg><w> ने </w><w> हादसे </w><w> की </w><w> जांच </w><w> की </w><w> मांग </w><w> करते </w><w> हुए </w><w> कहा </w><w> कि </w><w> आग </w><w> लगने </w><w> की </w><w> घटना </w><w> अग्नि </w><w> सुरक्षा </w><w> नियमों </w><w> के </w><w> स्पष्ट </w><w> उल्लंघन </w><w> का </w><w> नतीजा </w><w> है। </w><w> उन्होंने </w><w> आरोप </w><w> लगाया, </w><w> ‘‘कमला </w><w> मिल </w><w> परिसर </w><w> जैसे </w><w> छोटे </w><w> से </w><w> इलाके </w><w> में </w><w> 96 </w><w> रेस्तरां </w><w> बगैर </w><w> किसी </w><w> अग्नि </w><w> सुरक्षा </w><w> उपाय </w><w> के </w><w> चल </w><w> रहे </w><w> हैं। </w><w> कोई </w><w> फायर </w><w> आॅडिट </w><w> नहीं </w><w> की </w><w> गई।’’ </w><w> मुंबई </w><w> राकांपा </w><w> प्रमुख </w><w> सचिन </w><w> अहीर </w><w> ने </w><w> कहा </w><w> कि </w><w> बीएमसी </w><w> का </w><w> भ्रष्टाचार </w><w> बेकसूर </w><w> लोगों </w><w> की </w><w> मौत </w><w> के </w><w> लिए </w><w> जिम्मेदार </w><w> है। </w><w> उन्होंने </w><w> दोषी </w><w> अधिकारियों </w><w> के </w><w> खिलाफ </w><w> कार्रवाई </w><w> करने </w><w> और </w><after_effects-arg id="45"><link event_arg="51" id="55" type_rel="EVENT_ARG"/><w> मृतकों </w><w> एवं </w><w> घायलों </w><w> के </w><w> परिजनों </w><w> को </w><w> अधिकतम </w><w> मुआवजा </w></after_effects-arg><w> देने </w><w> की </w><w> भी </w><w> मांग </w><w> की। </w></p><p><w> गौरतलब </w><w> है </w><w> कि </w><w> इस </w><w> इमारत </w><w> में </w><w> समाचार </w><w> चैनलों </w><w> टाइम्स </w><w> नाउ, </w><w> ईटी </w><w> नाउ </w><w> और </w><w> टीवी9 </w><w> मराठी </w><w> सहित </w><w> विभिन्न </w><w> मीडिया </w><w> संस्थानों </w><w> के </w><w> कार्यालय </w><w> स्थित </w><w> हैं। </w><name-arg id="57"><link event_arg="56" id="58" type_rel="EVENT_ARG"/><w> राष्ट्रपति </w><w> रामनाथ </w><w> कोविंद </w><w> और </w><w> प्रधानमंत्री </w><w> नरेन्द्र </w><w> मोदी </w></name-arg><w> ने </w><man_made_event id="56" type="FIRE"><event-coref-link event_id="51" id="63" type_rel="EVENT_COREF"></event-coref-link><w> हादसे </w></man_made_event><w> पर </w><w> शोक </w><w> जताया </w><w> है। </w><w> राष्ट्रपति </w><w> ने </w><w> ट्वीट </w><w> किया, </w><w> ‘‘मुंबई </w><w> में </w><man_made_event id="47" type="FIRE"><event-coref-link event_id="56" id="60" type_rel="EVENT_COREF"></event-coref-link><w> आग </w><w> लगने </w><w> की </w><w> दुखद </w><w> घटना। </w></man_made_event><w> मृतकों </w><w> के </w><w> परिजनों </w><w> के </w><w> प्रति </w><w> संवेदनाएं </w><w> और </w><w> घायलों </w><w> के </w><w> शीघ्र </w><w> स्वास्थ्य </w><w> लाभ </w><w> की </w><w> कामना। </w><w> दमकलर्किमयों </w><w> और </w><w> राहत </w><w> कार्यों </w><w> में </w><w> लगे </w><w> लोगों </w><w> के </w><w> अथक </w><w> प्रयास </w><w> की </w><w> सराहना </w><w> करता </w><w> हूं।’’ </w><w> प्रधानमंत्री </w><w> कार्यालय </w><w> ने </w><w> ट्वीट </w><w> किया, </w><man_made_event id="48" type="FIRE"><event-coref-link event_id="56" id="61" type_rel="EVENT_COREF"></event-coref-link><w> ‘‘मुंबई </w><w> में </w><w> आग </w><w> लगने </w><w> की </w><w> घटना </w></man_made_event><w> से </w><w> दु:खी </w><w> हूं। </w><w> दु:ख </w><w> की </w><w> इस </w><w> घड़ी </w><w> में </w><w> मेरी </w><w> संवेदनाएं </w><w> शोकसंतप्त </w><w> परिजनों </w><w> के </w><w> साथ </w><w> हैं। </w><w> मैं </w><w> घायलों </w><w> के </w><w> शीघ्र </w><w> स्वस्थ </w><w> होने </w><w> की </w><w> कामना </w><w> करता </w><w> हूं।’’ </w><w> महाराष्ट्र </w><w> के </w><name-arg id="50"><link event_arg="49" id="59" type_rel="EVENT_ARG"/><w> मुख्यमंत्री </w><w> देवेंद्र </w><w> फडणवीस </w></name-arg><w> ने </w><w> भी </w><man_made_event id="49" type="FIRE"><event-coref-link event_id="56" id="62" type_rel="EVENT_COREF"></event-coref-link><w> आग </w><w> लगने </w><w> की </w><w> घटना </w></man_made_event><w> पर </w><w> दुख </w><w> व्यक्त </w><w> किया </w><w> है। </w></p><p><w> उन्होंने </w><w> ट्वीट </w><w> किया, </w><w> ‘‘मुंबई </w><w> की </w><w> कमला </w><w> मिल </w><w> में </w><w> आग </w><w> लगने </w><w> की </w><w> दुर्भाग्यपूर्ण </w><w> घटना </w><w> के </w><w> बारे </w><w> सुनकर </w><w> व्यथित </w><w> हूं। </w><w> घटना </w><w> में </w><w> कई </w><w> लोगों </w><w> की </w><w> जान </w><w> चली </w><w> गयी। </w><w> मेरी </w><w> संवेदनाएं </w><w> मृतकों </w><w> के </w><w> परिजनों </w><w> के </w><w> साथ </w><w> हैं </w><w> और </w><w> घायलों </w><w> के </w><w> जल्द </w><w> स्वस्थ </w><w> होने </w><w> की </w><w> कामना </w><w> करता </w><w> हूं। </w><w> बीएमसी </w><w> आयुक्त </w><w> को </w><w> इस </w><w> संबंध </w><w> में </w><w> गहन </w><w> जांच </w><w> का </w><w> निर्देश </w><w> देता </w><w> हूं।’’ </w><w> उन्होंने </w><w> लिखा </w><w> कि </w><w> उन्होंने </w><w> बृहन्मुंबई </w><w> महानगरपालिका </w><w> आयुक्त </w><w> को </w><w> जांच </w><w> करने </w><w> का </w><w> निर्देश </w><w> दिया </w><w> है। </w><w> भाजपा </w><w> सांसद </w><w> किरीट </w><w> सोमैया </w><w> ने </w><w> कहा </w><w> कि </w><w> उन्होंने </w><w> फडणवीस </w><w> और </w><w> बीएमसी </w><w> आयुक्त </w><w> से </w><w> मुंबई </w><w> में </w><w> इस </w><w> तरह </w><w> के </w><w> सभी </w><w> पबों </w><w> और </w><w> हुक्का </w><w> पार्लरों </w><w> में </w><w> अग्निरोधी </w><w> उपायों </w><w> की </w><w> विशेष </w><w> आॅडिट </w><w> कराने </w><w> को </w><w> कहा </w><w> है। </w><w> उन्होंने </w><w> दावा </w><w> किया, </w><w> ‘‘मिल </w><w> परिसर </w><w> में </w><w> इस </w><w> तरह </w><w> के </w><w> कई </w><w> प्रतिष्ठान </w><w> अवैध </w><w> हैं, </w><w> जिसे </w><w> बाद </w><w> में </w><w> नियमित </w><w> कर </w><w> दिया </w><w> गया। </w><w> जिस </w><w> स्थान </w><w> पर </w><w> आग </w><w> लगी, </w><w> वह </w><w> अवैध </w><w> था।’’ </w></p><p><name-arg id="65"><link event_arg="67" id="71" type_rel="EVENT_ARG"/><w>  कांग्रेस </w><w> अध्यक्ष </w><w> राहुल </w><w> गांधी </w></name-arg><w> ने </w><time-arg id="66"><link event_arg="67" id="72" type_rel="EVENT_ARG"/><w> शुक्रवार </w></time-arg><w> को </w><w> मराठी </w><w> में </w><w> ट्वीट </w><w> किया </w><w> और </w><w> कहा </w><w> कि </w><w> मध्य </w><w> मुंबई </w><w> में </w><w> एक </w><w> पब </w><w> में </w><w> लगी </w><man_made_event id="67" type="FIRE"><w> आग </w><w> की </w><w> घटना </w></man_made_event><w> के </w><w> पीछे </w><w> दोषी </w><w> पाए </w><w> जाने </w><w> वालों </w><w> के </w><w> खिलाफ </w><w> कड़ी </w><w> कार्रवाई </w><w> की </w><w> जानी </w><w> चाहिए। </w><man_made_event id="73" type="FIRE"><event-coref-link event_id="67" id="74" type_rel="EVENT_COREF"></event-coref-link><w> इस </w><w> हादसे </w></man_made_event><w> में </w><casualties-arg id="68"><link event_arg="73" id="76" type_rel="EVENT_ARG"/><w> 14 </w><w> लोगों </w></casualties-arg><w> की </w><w> मौत </w><w> हुई </w><w> और </w><casualties-arg id="69"><link event_arg="73" id="77" type_rel="EVENT_ARG"/><w> 21 </w><w> अन्य </w></casualties-arg><w> झुलस </w><w> गए। </w><w> राहुल </w><w> ने </w><w> मराठी </w><w> में </w><w> अपने </w><w> पहले </w><w> ट्वीट </w><w> में </w><w> घटना </w><w> को </w><w> ‘‘दुर्भाग्यपूर्ण’’ </w><w> करार </w><w> दिया। </w><w> उन्होंने </w><w> ट्विटर </w><w> पर </w><w> लिखा, </w><w> ‘‘मैं </w><w> मृतकों </w><w> के </w><w> परिजनों </w><w> के </w><w> प्रति </w><w> संवेदना </w><w> व्यक्त </w><w> करता </w><w> हूं। </w><man_made_event id="70" type="FIRE"><event-coref-link event_id="73" id="75" type_rel="EVENT_COREF"></event-coref-link><w> घटना </w></man_made_event><w> की </w><w> तत्काल </w><w> जांच </w><w> होनी </w><w> चाहिए </w><w> और </w><w> दोषियों </w><w> के </w><w> खिलाफ </w><w> कड़ी </w><w> कार्रवाई </w><w> की </w><w> जानी </w><w> चाहिए।’’ </w></p><p><name-arg id="78"><w> हेमा </w><w> मालिनी </w></name-arg><w> ने </w><w> समाचार </w><w> एजेंसी </w><w> एएनआई </w><w> से </w><w> कहा, </w><w> ‘ये </w><w> वाकया </w><w> बढ़ती </w><w> हुई </w><w> आबादी </w><w> की </w><w> वजह </w><w> से </w><w> हुआ </w><w> है, </w><w> ऐसा </w><w> नहीं </w><w> है </w><w> कि </w><w> पुलिस </w><w> काम </w><w> नहीं </w><w> कर </w><w> रही </w><w> है, </w><w> वो </w><w> शानदार </w><w> काम </w><w> करती </w><w> है, </w><w> लेकिन </w><w> बावजूद </w><w> इसके </w><w> आबादी </w><w> बहुत </w><w> ज्यादा </w><w> है </w><w> और </w><w> ये </w><w> लगातार </w><w> बढ़ </w><w> रही </w><w> है, </w><w> मुंबई </w><w> फैलती </w><w> जा </w><w> रही </w><w> है।’ </w><w> बीजेपी </w><w> सांसद </w><w> ने </w><w> कहा </w><w> कि </w><w> इस </w><w> हादसे </w><w> के </w><w> लिए </w><w> बीएमसी </w><w> अधिकारी </w><w> जिम्मेदार </w><w> हैं, </w><w> आखिर </w><w> उन्होंने </w><w> इसकी </w><w> इजाजत </w><w> कैसे </w><w> दी? </w></p><p><w> महाराष्ट्र </w><w> के </w><name-arg id="79"><w> मुख्यमंत्री </w><w> देवेन्द्र </w><w> फडणवीस </w></name-arg><w> ने </w><w> घटना </w><w> स्थल </w><after_effects-arg id="80"><w> कमला </w><w> मिल्स </w><w> का </w><w> किया </w><w> दौरा। </w></after_effects-arg><w> उन्होंने </w><w> वहां </w><w> पर </w><w> वर्तमान </w><w> स्थिति </w><w> का </w><w> लिया </w><w> जायजा। </w></p><p><after_effects-arg id="81"><w> सीएम </w><w> देवेन्द्र </w><w> फडणवीस </w></after_effects-arg><w> ने </w><w> कहा </w><w> कि </w><w> हमने </w><w> बीएमसी </w><w> कमिश्नर </w><w> को </w><w> घटना </w><w> की </w><w> जांच </w><w> करने </w><w> के </w><w> आदेश </w><w> दे </w><w> दिए </w><w> हैं। </w><w> पांच </w><w> लोगों </w><w> को </w><w> सस्पेंड </w><w> किया </w><w> जा </w><w> चुका </w><w> है। </w><w> मिल </w><w> के </w><w> मालिक </w><w> और </w><w> घटना </w><w> के </w><w> लिए </w><w> जिम्मेदार </w><w> लोगों </w><w> के </w><w> खिलाफ </w><w> कार्रवाही </w><w> की </w><w> जा </w><w> रही </w><w> है। </w><w> अगर </w><w> लापारवाही </w><w> पाई </w><w> गई </w><w> तो </w><w> बीएमसी </w><w> के </w><w> खिलाफ </w><w> भी </w><w> एक्शन </w><w> लिया </w><w> जाएगा। </w></p><p><man_made_event id="82" type="FIRE"><w> कमला </w><w> मिल्स </w><w> आग </w></man_made_event><w> मामले </w><w> में </w><w> बृहन्मुंबई </w><w> महानगरपालिका </w><w> के </w><after_effects-arg id="83"><link event_arg="82" id="84" type_rel="EVENT_ARG"/><w> पांच </w><w> अधिकारियों </w><w> को </w><w> किया </w><w> गया </w><w> सस्पेंड। </w></after_effects-arg></p><p><w>   लोकसभा </w><w> में </w><time-arg id="87"><link event_arg="86" id="126" type_rel="EVENT_ARG"/><w> शुक्रवार </w></time-arg><w> को </w><w> भाजपा </w><w> और </w><w> शिवसेना </w><w> सदस्यों </w><w> ने </w><w> मुंबई </w><w> में </w><place-arg id="88"><link event_arg="86" id="127" type_rel="EVENT_ARG"/><w> लोअर </w><w> परेल </w><w> इलाके </w></place-arg><w> के </w><place-arg id="89"><link event_arg="86" id="128" type_rel="EVENT_ARG"/><w> कमला </w><w> मिल </w><w> परिसर </w></place-arg><w> में </w><w> लगी </w><man_made_event id="86" type="FIRE"><w> आग </w></man_made_event><w> का </w><w> मुद्दा </w><w> उठाया </w><w> । </w><w> भाजपा </w><w> सदस्य </w><w> ने </w><w> इस </w><w> मामले </w><w> में </w><w> ऐसे </w><w> परिसरों </w><w> की </w><w> अग्नि </w><w> सुरक्षा </w><w> आॅडिट </w><w> कराने </w><w> और </w><w> बीएमसी </w><w> के </w><w> भ्रष्ट </w><w> अधिकारियों </w><w> के </w><w> खिलाफ </w><w> कार्रवाई </w><w> करने </w><w> की </w><w> मांग </w><w> की। </w><w> वहीं, </w><w> शिवसेना </w><w> सदस्य </w><w> ने </w><w> इस </w><w> घटना </w><w> की </w><w> ‘न्यायिक </w><w> जांच’ </w><w> कराने </w><w> की </w><w> मांग </w><w> की। </w><w> शून्यकाल </w><w> के </w><w> दौराल </w><w> भाजपा </w><w> के </w><w> किरीट </w><w> सोमैया </w><w> ने </w><w> इस </w><w> मुद्दे </w><w> को </w><w> उठाते </w><w> हुए </w><w> कहा </w><w> कि </w><w> इस </w><w> घटना </w><w> के </w><w> लिए </w><w> जिम्मेदार </w><w> बृहणमुंबई </w><w> महानगरपालिका </w><w> (बीएमसी) </w><w> के </w><w> भ्रष्ट </w><w> अधिकारियों </w><w> और </w><w> परिसर </w><w> के </w><w> मालिक </w><w> के </w><w> खिलाफ </w><w> कार्रवाई </w><w> की </w><w> जाए। </w><w> उन्होंने </w><w> कहा </w><w> कि </w><w> परिसर </w><w> में </w><w> अवैध </w><w> निर्माण </w><w> हुआ </w><w> था </w><w> जो </w><man_made_event id="90" type="FIRE"><event-coref-link event_id="86" id="129" type_rel="EVENT_COREF"></event-coref-link><w> हादसे </w></man_made_event><w> की </w><w> वजह </w><w> बना। </w></p><p><w> वहीं, </w><w> शिवसेना </w><w> सदस्य </w><w> अरविंद </w><w> सावंत </w><w> ने </w><man_made_event id="91" type="FIRE"><event-coref-link event_id="90" id="130" type_rel="EVENT_COREF"></event-coref-link><w> घटना </w></man_made_event><w> की </w><w> न्यायिक </w><w> जांच </w><w> कराने </w><w> की </w><w> मांग </w><w> की। </w><w> उन्होंने </w><w> कहा, </w><w> ‘‘ये </w><w> बड़े </w><w> लोगों </w><w> के </w><w> होटल </w><w> हैं।’’ </w><w> इसलिए </w><w> इसकी </w><w> न्यायिक </w><w> जांच </w><w> कराई </w><w> जाए। </w><w> उन्होंने </w><w> दावा </w><w> किया </w><w> कि </w><w> यह </w><w> किसी </w><w> आयुक्त </w><w> (कमिश्नर) </w><w> के </w><w> बेटे </w><w> का </w><w> है। </w></p><p><w> लोकसभा </w><w> में </w><man_made_event id="92" type="FIRE"><event-coref-link event_id="91" id="131" type_rel="EVENT_COREF"></event-coref-link><w> कमला </w><w> मिल्स </w><w> आग </w></man_made_event><w> को </w><w> लेकर </w><name-arg id="93"><w> बीजेपी </w><w> सांसद </w><w> किरीट </w><w> सोमैया </w></name-arg><w> और </w><name-arg id="94"><w> शिवसेना </w><w> सांसद </w><w> अरविंद </w><w> सावंत </w></name-arg><w> के </w><w> बीच </w><w> बहस </w><w> हुई। </w></p><p><w> शिवसेना </w><w> सांसद </w><w> अरविंद </w><w> सावंत </w><w> ने </w><w> लोकसभा </w><w> में </w><w> कमला </w><w> मिल्स </w><w> में </w><w> लगी </w><w> आग </w><w> की </w><w> न्यायिक </w><w> जांच </w><w> कराने </w><w> की </w><w> मांग </w><w> की। </w></p><p><w> राज्यसभा </w><w> सांसद </w><w> जया </w><w> बच्चन </w><w> ने </w><w> मीडिया </w><w> से </w><w> बातचीत </w><w> में </w><w> कहा, </w><w> “मैं </w><w> कमला </w><w> मिल्स </w><w> जा </w><w> चुकी </w><w> हूं। </w><w> वह </w><w> कंपाउंड </w><w> एक </w><w> भूल </w><w> भुलैया </w><w> जैसा </w><w> है, </w><w> वहां </w><w> की </w><w> गलियां </w><w> काफी </w><w> संकरी </w><w> हैं। </w><w> ऐसे </w><w> में </w><w> जाहिर </w><w> सी </w><w> बात </w><w> है </w><w> कि </w><w> वहां </w><w> पर </w><w> सुरक्षा </w><w> को </w><w> लेकर </w><w> चीजों </w><w> को </w><w> नजरअंदाज </w><w> किया </w><w> गया </w><w> है।” </w></p><p><w> केईएम </w><w> हॉस्पिटल </w><w> में </w><w> फोरेंसिक </w><w> डिपार्टमेंट </w><w> के </w><w> हेड </w><w> डॉक्टर </w><w> हरीश </w><w> पाठक </w><w> ने </w><w> बताया </w><w> कि </w><w> अधिकतर </w><w> लोगों </w><w> की </w><w> मौत </w><w> दम </w><w> घुटने </w><w> की </w><w> वजह </w><w> से </w><w> हुई। </w><w> मृतकों </w><w> में </w><w> से </w><w> किसी </w><w> की </w><w> भी </w><w> मौत </w><w> आग </w><w> में </w><w> जलने </w><w> से </w><w> नहीं </w><w> हुई </w><w> बल्कि </w><w> धुंए </w><w> में </w><w> दम </w><w> घुट </w><w> जाने </w><w> से </w><w> हुई। </w><w> उन्होंने </w><w> कहा </w><w> कि </w><w> अगर </w><w> वहां </w><w> से </w><w> निकलने </w><w> की </w><w> उचित </w><w> व्यवस्था </w><w> होती </w><w> तो </w><w> इन </w><w> मौतों </w><w> को </w><w> रोका </w><w> जा </w><w> सकता </w><w> था। </w></p><p><name-arg id="95"><w> केन्द्रीय </w><w> गृह </w><w> राज्य </w><w> मंत्री </w><w> हंसराज </w><w> अहीर </w></name-arg><w> ने </w><man_made_event id="96" type="FIRE"><w> कमला </w><w> मिल्स </w><w> में </w><w> लगी </w><w> आग </w></man_made_event><w> को </w><w> लेकर </w><place-arg id="98"><w> महाराष्ट्र </w></place-arg><w> के </w><name-arg id="97"><w> मुख्यमंत्री </w><w> देवेन्द्र </w><w> फडणवीस </w></name-arg><w> ने </w><w> बात </w><w> की </w><w> है। </w></p><p><place-arg id="99"><w> महाराष्ट्र </w></place-arg><w> के </w><w> मुख्यमंत्री </w><w> देवेंद्र </w><w> फडणवीस </w><w> ने </w><man_made_event id="102" type="FIRE"><w> आग </w><w> लगने </w><w> की </w><w> घटना </w></man_made_event><w> पर </w><w> दुख </w><w> व्यक्त </w><w> किया </w><w> है। </w><w> फडणवीस </w><w> ने </w><w> ट्वीट </w><w> किया, </w><place-arg id="100"><w> ‘‘मुंबई </w></place-arg><w> के </w><place-arg id="101"><w> कमला </w><w> मिल्स </w></place-arg><w> में </w><man_made_event id="103" type="FIRE"><event-coref-link event_id="102" id="132" type_rel="EVENT_COREF"></event-coref-link><w> आग </w><w> लगने </w><w> की </w><w> दुर्भाग्यपूर्ण </w><w> घटना </w></man_made_event><w> के </w><w> बारे </w><w> सुनकर </w><w> व्यथित </w><w> हूं। </w><man_made_event id="104" type="FIRE"><event-coref-link event_id="103" id="133" type_rel="EVENT_COREF"></event-coref-link><w> घटना </w></man_made_event><w> में </w><w> कई </w><w> लोगों </w><w> की </w><w> जान </w><w> चली </w><w> गई। </w><w> मेरी </w><w> संवेदनाएं </w><w> मृतकों </w><w> के </w><w> परिजनों </w><w> के </w><w> साथ </w><w> हैं </w><w> और </w><w> घायलों </w><w> के </w><w> जल्द </w><w> स्वस्थ </w><w> होने </w><w> की </w><w> कामना </w><w> करता </w><w> हूं। </w><w> बीएमसी </w><w> आयुक्त </w><w> को </w><w> इस </w><w> संबंध </w><w> में </w><w> गहन </w><w> जांच </w><w> का </w><w> निर्देश </w><w> देता </w><w> हूं।’’ </w><w> एक </w><w> अन्य </w><w> ट्वीट </w><w> में </w><w> मुख्यमंत्री </w><w> ने </w><w> कहा </w><w> कि </w><w> उन्होंने </w><name-arg id="105"><w> बृहन्मुंबई </w><w> महानगरपालिका </w><w> आयुक्त </w><w> (अजय </w><w> मेहता) </w></name-arg><w> को </w><w> दोषी </w><w> अधिकारियों </w><w> के </w><w> खिलाफ </w><w> तत्काल </w><w> कड़ी </w><w> कार्रवाई </w><w> करने </w><w> का </w><w> निर्देश </w><w> दिया </w><w> है। </w></p><p><name-arg id="106"><w>  भाजपा </w><w> सांसद </w><w> किरीट </w><w> सोमैया </w></name-arg><w> ने </w><w> ट्वीट </w><w> किया, </w><place-arg id="108"><w> ‘‘मुंबई </w><w> के </w><w> कमला </w><w> मिल्स </w><w> परिसर </w><w> स्थित </w><w> पब </w></place-arg><w> में </w><man_made_event id="107" type="FIRE"><w> आग </w><w> लगने </w><w> की </w><w> घटना </w></man_made_event><w> को </w><w> लेकर </w><w> मैंने </w><w> मुख्यमंत्री </w><w> एवं </w><w> बीएमसी </w><w> आयुक्त </w><w> से </w><w> अनुरोध </w><w> किया </w><w> है </w><w> कि </w><w> वे </w><w> देखें </w><w> कि </w><w> ऐसे </w><w> पब, </w><w> हुक्का </w><w> पार्लर </w><w> एवं </w><w> मुंबई </w><w> के </w><w> फार्सन </w><w> मार्ट/वर्कशॉप्स </w><w> में </w><w> ऐसे </w><w> हादसों </w><w> से </w><w> बचने </w><w> के </w><w> पुख्ता </w><w> इंतजाम </w><w> हैं </w><w> या </w><w> नहीं। </w><time-arg id="114"><link event_arg="109" id="115" type_rel="EVENT_ARG"/><w> दो </w><w> सप्ताह </w><w> पहले </w></time-arg><w> कुछ </w><w> इसी </w><w> तरह </w><w> की </w><w> घटना </w><w> में </w><place-arg id="110"><link event_arg="109" id="112" type_rel="EVENT_ARG"/><w> फार्सन </w><w> वर्कशॉप </w><w> साकीनाका </w></place-arg><w> में </w><man_made_event id="109" type="FIRE"><w> आग </w><w> लगने </w></man_made_event><w> के </w><w> कारण </w><casualties-arg id="111"><link event_arg="109" id="113" type_rel="EVENT_ARG"/><w> कई </w><w> लोग </w></casualties-arg><w> मारे </w><w> गए </w><w> थे।’’ </w><w> उन्होंने </w><w> कहा, </w><w> ‘‘मैं </w><w> समझता </w><w> हूं </w><w> कि </w><w> कमला </w><w> मिल्स </w><w> में </w><w> ऐसे </w><w> कई </w><w> प्रतिष्ठान </w><w> अवैध </w><w> हैं, </w><w> इनमें </w><w> से </w><w> कुछ </w><w> को </w><w> बाद </w><w> में </w><w> नियमित </w><w> कर </w><w> दिया </w><w> गया </w><w> और </w><w> जहां </w><w> आग </w><w> लगने </w><w> की </w><w> घटना </w><w> हुई </w><w> वह </w><w> गैरकानूनी </w><w> तरीके </w><w> से </w><w> बना </w><w> था।’’ </w></p><p><name-arg id="116"><link event_arg="119" id="134" type_rel="EVENT_ARG"/><w> राष्ट्रपति </w><w> रामनाथ </w><w> कोविंद </w></name-arg><w> और </w><name-arg id="117"><link event_arg="119" id="135" type_rel="EVENT_ARG"/><w> प्रधानमंत्री </w><w> नरेंद्र </w><w> मोदी </w></name-arg><w> ने </w><place-arg id="118"><link event_arg="119" id="136" type_rel="EVENT_ARG"/><w> मुंबई </w></place-arg><w> के </w><w> एक </w><w> पब </w><w> में </w><w> लगी </w><w> भीषण </w><man_made_event id="119" type="FIRE"><w> आग </w></man_made_event><w> में </w><casualties-arg id="120"><link event_arg="119" id="137" type_rel="EVENT_ARG"/><w> 14 </w><w> लोगों </w></casualties-arg><w> के </w><w> मारे </w><w> जाने </w><w> पर </w><w> शोक </w><w> व्यक्त </w><w> किया </w><w> है। </w><name-arg id="121"><w> राष्ट्रपति </w><w> रामनाथ </w><w> कोविंद </w></name-arg><w> ने </w><w> इस </w><w> घटना </w><w> पर </w><w> गहरा </w><w> शोक </w><w> व्यक्त </w><w> करते </w><w> हुए </w><w> ट्वीट </w><w> किया, </w><place-arg id="122"><link event_arg="123" id="139" type_rel="EVENT_ARG"/><w> “मुंबई </w></place-arg><w> में </w><w> लगी </w><man_made_event id="123" type="FIRE"><event-coref-link event_id="119" id="138" type_rel="EVENT_COREF"></event-coref-link><w> आग </w></man_made_event><w> की </w><w> दुखद </w><w> खबर </w><w> मिली। </w><w> दुख </w><w> की </w><w> इस </w><w> घड़ी </w><w> में </w><w> पीड़ित </w><w> परिवारों </w><w> के </w><w> साथ </w><w> मेरी </w><w> संवेदनाएं </w><w> हैं </w><w> तथा </w><w> घायलों </w><w> के </w><w> जल्दी </w><w> स्वस्थ </w><w> होने </w><w> की </w><w> कामना </w><w> करता </w><w> हूं। </w><w> बचाव </w><w> अभियान </w><w> और </w><w> दमकल </w><w> विभाग </w><w> के </w><w> अधिकारियों </w><w> के </w><w> प्रयासों </w><w> की </w><w> सराहना </w><w> करता </w><w> रहता </w><w> हूं।” </w></p><p><name-arg id="125"><w> प्रधानमंत्री </w><w> नरेंद्र </w><w> मोदी </w></name-arg><w> ने </w><w> ट्वीट </w><w> किया, </w><man_made_event id="124" type="FIRE"><event-coref-link event_id="123" id="140" type_rel="EVENT_COREF"></event-coref-link><w> “मुंबई </w><w> आग </w><w> हादसे </w></man_made_event><w> से </w><w> दुखी </w><w> हूं। </w><w> दुख </w><w> की </w><w> इस </w><w> घड़ी </w><w> में </w><w> शोक </w><w> संतप्त </w><w> परिवारों </w><w> के </w><w> साथ </w><w> मेरी </w><w> संवेदनाएं </w><w> हैं। </w><w> मैं </w><w> घायलों </w><w> के </w><w> जल्द </w><w> स्वस्थ </w><w> होने </w><w> की </w><w> कामना </w><w> करता </w><w> हूं।” </w></p></document>