<?xml version="1.0" encoding="UTF-8"?>
<document><desc></desc><desc></desc><time>7472</time><p><w> और </w><w> बिगड़े </w><w> हालात </w><place-arg id="0"><link event_arg="5" id="12" type_rel="EVENT_ARG"/><w> वर्जीनिया </w></place-arg><w> में </w><w> भी </w><w> तमाम </w><w> दुर्घटनाओं </w><w> की </w><w> खबर </w><w> है। </w><place-arg id="1"><link event_arg="5" id="10" type_rel="EVENT_ARG"/><w> राजधानी </w><w> वाशिंगटन </w><w> की </w><w> सड़कों </w></place-arg><w> पर </w><w> रविवार </w><w> रात </w><w> तक </w><w> 30 </w><w> इंच </w><w> मोटी </w><w> बर्फ </w><w> की </w><w> सतह </w><w> जमने </w><w> का </w><w> अनुमान </w><w> है। </w><w> आशंका </w><w> है </w><w> कि </w><natural_event id="4" type="BLIZZARD"><w> बर्फीला </w><w> तूफान </w></natural_event><w> सन </w><time-arg id="3"><link event_arg="4" id="11" type_rel="EVENT_ARG"/><w> 1922 </w></time-arg><w> में </w><w> हुई </w><w> बर्फबारी </w><w> का </w><w> रिकॉर्ड </w><w> तोड़ेगा, </w><w> तब </w><w> 28 </w><w> इंच </w><w> मोटी </w><w> बर्फ </w><w> जमी </w><w> थी। </w><natural_event id="5" type="BLIZZARD"><w> बर्फीले </w><w> तूफान </w></natural_event><w> का </w><w> अभी </w><w> तक </w><w> जिन </w><w> इलाकों </w><w> में </w><w> सर्वाधिक </w><w> असर </w><w> हुआ </w><w> है, </w><w> उनमें </w><w> राजधानी </w><w> वाशिंगटन </w><w> डीसी, </w><w> न्यूयॉर्क, </w><w> न्यूजर्सी, </w><w> नॉर्थ </w><w> कैरोलिना, </w><w> तेनेसी, </w><w> मैरीलैंड, </w><w> वर्जीनिया </w><w> और </w><w> फिलेडेल्फिया </w><w> हैं। </w><w> आपातस्‍थिति </w><w> की </w><w> घोषणा </w><w> बड़े </w><w> इलाके </w><w> में </w><w> स्थिति </w><w> से </w><w> निपटने </w><w> के </w><w> लिए </w><w> प्रशासन </w><w> ने </w><w> आपातस्थिति </w><w> घोषित </w><w> कर </w><w> दी </w><w> है। </w><w> भारी </w><w> बर्फबारी, </w><w> तेज </w><w> हवा </w><w> और </w><w> वज्रपात </w><w> के </w><w> खतरे </w><w> के </w><w> बीच </w><w> लोगों </w><w> को </w><w> घरों </w><w> से </w><w> बाहर </w><w> न </w><w> निकलने </w><w> की </w><w> चेतावनी </w><w> दी </w><w> गई </w><w> है। </w><w> प्रवासी </w><w> भारतीय </w><w> समुदाय </w><w> से </w><w> जुड़े </w><w> विभिन्न </w><w> संगठनों </w><w> ने </w><w> अपने </w><w> सदस्यों </w><w> से </w><w> सतर्कता </w><w> बरतने </w><w> की </w><w> अपील </w><w> की </w><w> है।टूटेगा </w><w> रिकॉर्ड </w><w> वरिष्ठ </w><w> मौसम </w><w> वैज्ञानिक </w><w> एलेक्स </w><w> सोस्नोवस्की </w><w> के </w><w> अनुसार </w><w> पूर्वानुमान </w><w> सही </w><w> साबित </w><w> हुआ </w><w> तो </w><w> वाशिंगटन </w><w> में </w><w> बर्फबारी </w><w> का </w><w> 94 </w><w> साल </w><w> पहले </w><w> का </w><w> रिकॉर्ड </w><w> टूटेगा। </w><w> अपने </w><w> भूमिगत </w><w> आवास </w><w> से </w><w> बर्फ </w><w> खोदकर </w><w> बमुश्किल </w><w> बाहर </w><w> आई </w><w> वाशिंगटन </w><w> विश्वविद्यालय </w><w> में </w><w> नर्सिग </w><w> की </w><w> छात्रा </w><w> मेरिसा </w><w> क्रिटिक्शन </w><w> के </w><w> अनुसार </w><w> यह </w><w> सब </w><w> एक </w><w> बुरे </w><w> सपने </w><w> जैसा </w><w> है। </w><w> इन </w><w> स्थितियों </w><w> में </w><w> राष्ट्रपति </w><w> चुनाव </w><w> के </w><w> लिए </w><w> रिपब्लिकन </w><w> प्रत्याशी </w><w> के </w><w> प्रचार </w><w> में </w><w> निकले </w><w> न्यू </w><w> जर्सी </w><w> के </w><w> गवर्नर </w><w> क्रिस </w><w> क्रिस्टी </w><w> को </w><w> अभियान </w><w> के </w><w> बीच </w><w> में </w><w> ही </w><w> न्यू </w><w> हैंपशायर </w><w> से </w><w> लौटना </w><w> पड़ा </w><w> है। </w><w> उन्होंने </w><w> अपने </w><w> प्रदेश </w><w> में </w><w> आपात </w><w> स्थिति </w><w> की </w><w> घोषणा </w><w> कर </w><w> दी </w><w> है।जमी </w><w> मोटी </w><w> बर्फ </w><w> की </w><w> पट्टीअमेरिका </w><w> के </w><w> टीवी </w><w> मौसम </w><w> चैनल </w><w> के </w><w> अनुसार </w><w> 20 </w><w> राज्यों </w><w> के </w><w> साढ़े </w><w> आठ </w><w> करोड़ </w><w> से </w><w> ज्यादा </w><w> लोग </w><natural_event id="13" type="BLIZZARD"><event-coref-link event_id="5" id="14" type_rel="EVENT_COREF"></event-coref-link><w> तूफान </w></natural_event><w> की </w><w> चपेट </w><w> में </w><w> आए </w><w> हैं। </w><w> बिगड़े </w><w> हालात </w><w> के </w><w> चलते </w><after_effects-arg id="6"><link event_arg="5" id="8" type_rel="EVENT_ARG"/><w> 7,600 </w><w> हवाई </w><w> उड़ान </w><w> रद्द </w><w> हुई </w><w> हैं, </w><w> जबकि </w><w> सात </w><w> हजार </w><w> अन्य </w><w> उड़ानें </w><w> विलंब </w><w> से </w><w> संचालित </w><w> हो </w><w> रही </w></after_effects-arg><w> हैं। </w><w> प्रभावित </w><after_effects-arg id="7"><link event_arg="5" id="9" type_rel="EVENT_ARG"/><w> राज्यों </w><w> में </w><w> सड़क </w><w> और </w><w> रेल </w><w> यातायात </w><w> ठप </w></after_effects-arg></p></document>