<?xml version="1.0" encoding="UTF-8"?>
<document><desc></desc><time>633</time><p><natural_event id="0" type="TORNADO"><event-coref-link event_id="7" id="20" type_rel="EVENT_COREF"></event-coref-link><w> बवंडर </w></natural_event><w> ने </w><place-arg id="2"><link event_arg="0" id="3" type_rel="EVENT_ARG"/><w> महावन </w></place-arg><w> में </w><w> मचाई </w><w> तबाही, </w><casualties-arg id="1"><link event_arg="0" id="4" type_rel="EVENT_ARG"/><w> एक </w><w> की </w><w> मौत </w></casualties-arg></p><p><time-arg id="5"><link event_arg="7" id="23" type_rel="EVENT_ARG"/><w> गुरुवार </w><w> शाम </w></time-arg><place-arg id="6"><link event_arg="7" id="24" type_rel="EVENT_ARG"/><w> महावन </w><w> क्षेत्र </w></place-arg><w> में </w><w> आए </w><natural_event id="7" type="TORNADO"><w> बवंडर </w></natural_event><w> ने </w><w> भारी </w><w> तबाही </w><w> मचाई। </w><w> इसका </w><w> असर </w><w> इलाके </w><w> के </w><w> करीब </w><w> एक </w><w> दर्जन </w><w> से </w><w> अधिक </w><w> गांवों </w><w> में </w><w> देखा </w><w> गया। </w><w> इसकी </w><w> चपेट </w><w> में </w><w> आकर </w><casualties-arg id="8"><link event_arg="7" id="25" type_rel="EVENT_ARG"/><w> सैकड़ों </w><w> पेड़ </w><w> और </w><w> दर्जनों </w><w> मकान </w><w> धराशायी </w><w> हो </w><w> गए। </w></casualties-arg><w> गांव </w><w> मनोहरपुर </w><w> में </w><w> गिरे </w><w> मकान </w><w> के </w><w> मलबे </w><w> में </w><w> दबकर </w><casualties-arg id="9"><link event_arg="8" id="26" type_rel="EVENT_ARG"/><w> एक </w><w> युवक </w><w> नीरज </w><w> पुत्र </w><w> मूलचंद </w><w> की </w><w> मौत </w></casualties-arg><w> हो </w><w> गई। </w><w> अलग-अलग </w><w> जगह </w><w> पर </w><casualties-arg id="10"><link event_arg="7" id="27" type_rel="EVENT_ARG"/><w> 12 </w><w> से </w><w> अधिक </w><w> लोग </w><w> घायल </w></casualties-arg><w> हुए </w><w> हैं। </w><after_effects-arg id="11"><link event_arg="7" id="28" type_rel="EVENT_ARG"/><w> घायलों </w><w> को </w><w> उपचार </w><w> के </w><w> लिए </w><w> मथुरा </w><w> के </w><w> दो </w><w> निजी </w><w> अस्पतालों </w><w> में </w><w> भर्ती </w><w> कराया </w><w> गया </w></after_effects-arg><time-arg id="12"><link event_arg="13" id="29" type_rel="EVENT_ARG"/><w> है।शाम </w><w> करीब </w><w> पांच </w><w> बजे </w></time-arg><w> अचानक </w><w> ये </w><natural_event id="13" type="TORNADO"><event-coref-link event_id="7" id="21" type_rel="EVENT_COREF"></event-coref-link><w> बवंडर </w></natural_event><w> आया </w><w> और </w><w> करीब </w><w> 15 </w><w> मिनट </w><w> तक </w><w> चले </w><w> चक्रवातीय </w><w> अंधड़ </w><w> की </w><w> चपेट </w><w> में </w><w> जो </w><w> भी </w><w> आया </w><w> धराशायी </w><w> होता </w><w> चला </w><w> गया। </w><casualties-arg id="14"><link event_arg="13" id="30" type_rel="EVENT_ARG"/><w> मकानों </w><w> के </w><w> टीनशेड </w><w> और </w><w> छप्पर </w><w> उखड़ </w><w> गए। </w><w> पेड़ों </w><w> के </w><w> गिरने </w><w> से </w><w> मकान </w><w> ध्वस्त </w><w> हो </w><w> गए </w></casualties-arg><w> । </w><w> जिधर </w><w> देखों </w><w> इलाके </w><w> में </w><w> तबाही </w><w> का </w><w> मंजर </w><w> नजर </w><w> आ </w><w> रहा </w><w> था। </w><casualties-arg id="15"><link event_arg="13" id="31" type_rel="EVENT_ARG"/><w> सैंकड़ों </w><w> पेड़ </w><w> इलाके </w><w> में </w><w> गिरे </w><w> पड़े </w><w> थे। </w><w> बिजली </w><w> के </w><w> खंभे </w><w> और </w><w> लाइनें </w><w> गिरने </w><w> से </w><w> आपूर्ति </w><w> चौपट </w><w> हो </w><w> गई। </w></casualties-arg><natural_event id="16" type="TORNADO"><event-coref-link event_id="7" id="22" type_rel="EVENT_COREF"></event-coref-link><w> बवंडर </w></natural_event><w> में </w><w> गांव </w><w> नगला </w><w> जंगली, </w><w> नगला </w><w> जवाली, </w><w> नारायन </w><w> गढ़ी, </w><w> नगला </w><w> मूलचंद, </w><w> कुंवर </w><w> गढ़ा, </w><w> नगला </w><w> पोलुआ, </w><w> मनोहर </w><w> पुरा, </w><w> खानपुर, </w><w> किसनपुर, </w><w> बंदी, </w><w> जगदीशपुर, </w><w> तारापुर, </w><w> नगला </w><w> जवाली </w><w> आदि </w><w> में </w><w> इसका </w><w> सर्वाधिक </w><w> असर </w><w> रहा। </w><w> पेड़, </w><w> खंभे </w><w> गिरने </w><w> से </w><after_effects-arg id="17"><link event_arg="16" id="32" type_rel="EVENT_ARG"/><w> सड़क </w><w> और </w><w> गांवों </w><w> के  </w><w> संपर्क </w><w> मार्ग </w><w> बाधित </w><w> हो </w><w> गए </w></after_effects-arg><w> है। </w><w> नुकसान </w><w> का </w><w> जायजा </w><w> लेने </w><w> के </w><w> लिए </w><after_effects-arg id="18"><link event_arg="16" id="33" type_rel="EVENT_ARG"/><w> तहसीलदार </w><w> महावन </w><w> और </w><w> महावन </w><w> पुलिस </w><w> गांवों </w><w> के </w><w> लिए </w><w> रवाना </w></after_effects-arg><w> हो </w><w> गई </w><w> है। </w><w> इस </w><w> घटना </w><w> के </w><after_effects-arg id="19"><link event_arg="16" id="34" type_rel="EVENT_ARG"/><w> घायलों </w><w> को </w><w> स्वर्ण </w><w> जयंती </w><w> और </w><w> लाइफ </w><w> लाइन </w><w> हास्पिटल </w><w> में </w><w> भर्ती </w><w> कराया </w><w> गया </w></after_effects-arg><w> है। </w></p></document>