<?xml version="1.0" encoding="UTF-8"?>
<document><p><w> navbharat_2003_1_27_35679449 </w></p><p><w> अफजल </w><w> ने </w><w> हाईकोर्ट </w><w> में </w><w> अपील </w><w> दायर </w><w> की </w></p><p><w> नई </w><w> दिल्ली(स):संसद </w><w> भवन </w><w> पर </w><w> हमले </w><w> के </w><w> जुर्म </w><w> में </w><w> विशेष </w><w> अदालत </w><w> द्वारा </w><w> फांसी </w><w> की </w><w> सजा </w><w> पाए </w><w> जैश-ए-मोहम्मद </w><w> के </w><w> आतंकवादी </w><w> मोहम्मद </w><w> अफजल </w><w> ने </w><w> दिल्ली </w><w> उच्च </w><w> न्यायालय </w><w> में </w><w> अपील </w><w> दायर </w><w> की </w><w> है। </w><w> लेकिन </w><w> उसके </w><w> हलफनामे </w><w> में </w><w> तकनीकी </w><w> गड़बड़ी </w><w> होने </w><w> के </w><w> कारण </w><w> अपील </w><w> स्वीकार </w><w> नहीं </w><w> की </w><w> जा </w><w> सकी। </w><w> अदालत </w><w> ने </w><w> हलफनामे </w><w> में </w><w> संशोधन </w><w> की </w><w> इजाजत </w><w> देते </w><w> हुए </w><w> सुनवाई </w><w> की </w><w> तारीख </w><w> तीन </w><w> फरवरी </w><w> निर्धारित </w><w> की। </w><w> अदालत </w><w> में </w><w> दायर </w><w> याचिका </w><w> में </w><w> अफजल </w><w> ने </w><w> कहा </w><w> है </w><w> कि </w><w> विशेष </w><w> अदालत </w><w> में </w><w> उसका </w><w> बचाव </w><w> ठीक </w><w> तरह </w><w> से </w><w> नहीं </w><w> किया </w><w> गया। </w><w> न्यायमूर्ति </w><w> उषा </w><w> मेहरा </w><w> तथा </w><w> न्यायमूर्ति </w><w> प्रदीप </w><w> नंदराजोग </w><w> की </w><w> खंडपीठ </w><w> के </w><w> समक्ष </w><w> सरकारी </w><w> वकील </w><w> ने </w><w> कहा </w><w> कि </w><w> अफजल </w><w> द्वारा </w><w> याचिका </w><w> के </w><w> साथ </w><w> संलग्न </w><w> हलफनामा </w><w> ठीक </w><w> तरह </w><w> से </w><w> सत्यापित </w><w> नहीं </w><w> किया </w><w> गया </w><w> है। </w><w> अदालत </w><w> ने </w><w> कहा </w><w> कि </w><w> अन्य </w><w> तीन </w><w> अभियुक्तों </w><w> द्वारा </w><w> दायर </w><w> अपील </w><w> के </w><w> साथ </w><w> ही </w><w> इस </w><w> याचिका </w><w> पर </w><w> तीन </w><w> फरवरी </w><w> को </w><w> सुनवाई </w><w> होगी। </w><w> अदालत </w><w> ने </w><w> अफजल </w><w> को </w><w> नया </w><w> हलफनामा </w><w> दायर </w><w> करने </w><w> की </w><w> इजाजत </w><w> दे </w><w> दी। </w><w> विशेष </w><w> न्यायाधीश </w><w> शिवनारायण </w><w> धींगरा </w><w> ने </w><time-arg id="1"><link event_arg="0" id="3" type_rel="EVENT_ARG"/><w> 13 </w><w> दिसम्बर </w><w> , </w><w> 2001 </w></time-arg><w> को </w><place-arg id="2"><link event_arg="0" id="4" type_rel="EVENT_ARG"/><w> संसद </w><w> भवन </w></place-arg><w> पर </w><man_made_event id="0" type="TERRORIST_ATTACK"><w> हमले </w></man_made_event><w> के </w><w> जुर्म </w><w> में </w><w> अफजल </w><w> , </w><w> शौकत </w><w> हुसैन </w><w> गुरु </w><w> और </w><w> दिल्ली </w><w> विश्वविद्यालय </w><w> के </w><w> निलम्बित </w><w> शिक्षक </w><w> सैयद </w><w> अब्दुल </w><w> रहमान </w><w> जिलानी </w><w> को </w><w> मृत्युदंड </w><w> दिया </w><w> था। </w><w> शौकत </w><w> की </w><w> पत्नी </w><w> नवजोत </w><w> संधू </w><w> उर्फ </w><w> अफशां </w><w> गुरु </w><w> को </w><w> अदालत </w><w> ने </w><w> पांच </w><w> साल </w><w> के </w><w> कठोर </w><w> कारावास </w><w> का </w><w> दंड </w><w> सुनाया </w><w> था। </w><w> तीन </w><w> अभियुक्तों </w><w> की </w><w> अपील </w><w> अदालत </w><w> सुनवाई </w><w> के </w><w> लिए </w><w> स्वीकार </w><w> कर </w><w> चुकी </w><w> है। </w><w> विशेष </w><w> अदालत </w><w> ने </w><w> फांसी </w><w> की </w><w> सजा </w><w> की </w><w> पुष्टि </w><w> के </w><w> लिए </w><w> फाइल </w><w> पहले </w><w> ही </w><w> उच्च </w><w> न्यायालय </w><w> भेज </w><w> दी </w><w> है। </w></p></document>