<?xml version="1.0" encoding="UTF-8"?>
<document><p><w> navbharat_2003_1_22_35176358 </w></p><p><w> संसद </w><w> पर </w><w> हमले </w><w> के </w><w> मामले </w><w> में </w><w> शौकत </w><w> की </w><w> अपील </w><w> मंजूर </w></p><p><w> नई </w><w> दिल्ली </w><w> (वार्ता): </w><w> दिल्ली </w><w> उच्च </w><w> न्यायालय </w><w> ने </w><time-arg id="1"><link event_arg="2" id="3" type_rel="EVENT_ARG"/><w> 13 </w><w> दिसम्बर </w><w> 2001 </w></time-arg><w> को </w><place-arg id="2"><link event_arg="0" id="4" type_rel="EVENT_ARG"/><w> संसद </w></place-arg><w> पर </w><man_made_event id="0" type="TERRORIST_ATTACK"><w> हमले </w></man_made_event><w> के </w><w> मामले </w><w> में </w><w> दोषी </w><w> करार </w><w> शौकत </w><w> हुसैन </w><w> की </w><w> सजा </w><w> के </w><w> खिलाफ </w><w> अपील </w><w> सोमवार </w><w> को </w><w> मंजूर </w><w> कर </w><w> ली। </w><w> न्यायमूर्ति </w><w> ऊषा </w><w> मेहरा </w><w> और </w><w> न्यायमूर्ति </w><w> प्रदीप </w><w> नंदराजोग </w><w> की </w><w> खंडपीठ </w><w> ने </w><w> इस </w><w> बारे </w><w> में </w><w> दिल्ली </w><w> पुलिस </w><w> को </w><w> नोटिस </w><w> जारी </w><w> किया </w><w> है </w><w> जिसका </w><w> जवाब </w><w> 3 </w><w> फरवरी </w><w> तक </w><w> देना </w><w> जरूरी </w><w> है। </w><w> इसके </w><w> साथ </w><w> ही </w><w> इस </w><w> मामले </w><w> में </w><w> मोहम्मद </w><w> अफजल </w><w> को </w><w> छोड़ </w><w> अन्य </w><w> सभी </w><w> दोषी </w><w> सजा </w><w> के </w><w> खिलाफ </w><w> उच्च </w><w> न्यायालय </w><w> में </w><w> अपील </w><w> कर </w><w> चुके </w><w> हैं। </w><w> उल्लेखनीय </w><w> है </w><w> कि </w><w> आतंकवाद </w><w> निरोधक </w><w> कानून </w><w> पोटा </w><w> की </w><w> विशेष </w><w> अदालत </w><w> ने </w><w> मोहम्मद </w><w> अफजल </w><w> , </w><w> शौकत </w><w> हुसैन </w><w> , </w><w> एस.ए.आर. </w><w> गिलानी </w><w> और </w><w> शौकत </w><w> की </w><w> पत्नी </w><w> अफसान </w><w> गुरू </w><w> को </w><w> 18 </w><w> दिसम्बर </w><w> को </w><w> ही </w><w> सजा </w><w> सुनाई </w><w> थी। </w><w> तीनों </w><w> पुरुषों </w><w> को </w><w> मौत </w><w> की </w><w> सजा </w><w> और </w><w> अफसान </w><w> गुरू </w><w> को </w><w> पांच </w><w> वर्ष </w><w> के </w><w> सश्रम </w><w> कारावास </w><w> की </w><w> सजा </w><w> सुनाई </w><w> गई </w><w> थी। </w><w> अदालत </w><w> ने </w><w> 17 </w><w> जनवरी </w><w> को </w><w> तीन </w><w> दोषियों </w><w> की </w><w> मौत </w><w> की </w><w> सजा </w><w> की </w><w> पुष्टि </w><w> के </w><w> लिये </w><w> एक </w><w> विशेष </w><w> उल्लेख </w><w> को </w><w> मंजूरी </w><w> भी </w><w> दी </w><w> थी। </w><w> निचली </w><w> अदालत </w><w> ने </w><w> मौत </w><w> की </w><w> सजा </w><w> का </w><w> जो </w><w> आदेश </w><w> दिया </w><w> था </w><w> उसे </w><w> तभी </w><w> लागू </w><w> किया </w><w> जा </w><w> सकता </w><w> है </w><w> जबकि </w><w> उच्च </w><w> न्यायालय </w><w> की </w><w> खंडपीठ </w><w> इसकी </w><w> पुष्टि </w><w> कर </w><w> दें। </w></p></document>