<?xml version="1.0" encoding="UTF-8"?>
<document><p><w> navbharat_2003_2_12_37282531 </w></p><p><w> पश्चिमी </w><w> देश </w><w> पाकिस्तान </w><w> को </w><w> मदद </w><w> देना </w><w> बंद </w><w> करें </w><w> :आडवाणी </w></p><p><w> कुल्लू </w><w> (भाषा) </w><w> : </w><w> उप </w><w> प्रधानमंत्री </w><w> लाल </w><w> कृष्ण </w><w> आडवाणी </w><w> ने </w><w> आज </w><w> कहा </w><w> कि </w><w> पाकिस्तान </w><w> के </w><w> साथ </w><w> तब </w><w> तक </w><w> किसी </w><w> भी </w><w> तरह </w><w> की </w><w> बातचीत </w><w> नहीं </w><w> की </w><w> जाएगी </w><w> जब </w><w> तक </w><w> वह </w><w> सीमा </w><w> पार </w><w> से </w><w> जारी </w><w> आतंकवाद </w><w> और </w><w> आतंकवादी </w><w> प्रशिक्षण </w><w> शिविरों </w><w> को </w><w> बंद </w><w> नहीं </w><w> करता </w><w> । </w><w> उन्होंने </w><w> साथ </w><w> ही </w><w> पश्चिमी </w><w> देशों </w><w> से </w><w> आग्रह </w><w> किया </w><w> कि </w><w> वे </w><w> पाकिस्तान </w><w> को </w><w> वित्तीय </w><w> और </w><w> सैनिक </w><w> मदद </w><w> देना </w><w> बंद </w><w> करें </w><w> । </w><w> राज्य </w><w> में </w><w> आगामी </w><w> विधानसभा </w><w> चुनाव </w><w> के </w><w> लिये </w><w> भाजपा </w><w> के </w><w> चुनाव </w><w> प्रचार </w><w> की </w><w> शुरुआत </w><w> करते </w><w> हुए </w><w> उन्होंने </w><w> कहा </w><w> कि </w><w> पाकिस्तान </w><w> के </w><w> साथ </w><w> तब </w><w> तक </w><w> बातचीत </w><w> करने </w><w> का </w><w> कोई </w><w> प्रश्न </w><w> ही </w><w> नहीं </w><w> उठता </w><w> जब </w><w> तक </w><w> वह </w><w> सीमा </w><w> पार </w><w> से </w><w> जारी </w><w> आतंकवाद </w><w> और </w><w> आतंकवादी </w><w> प्रशिक्षण </w><w> शिविरों </w><w> को </w><w> बंद </w><w> नहीं </w><w> करता </w><w> । </w><w> इस </w><w> बात </w><w> पर </w><w> जोर </w><w> देते </w><w> हुए </w><w> कि </w><w> यह </w><w> साबित </w><w> हो </w><w> चुका </w><w> है </w><w> कि </w><place-arg id="1"><link event_arg="0" id="4" type_rel="EVENT_ARG"/><w> संसद </w></place-arg><w> पर </w><time-arg id="2"><link event_arg="0" id="3" type_rel="EVENT_ARG"/><w> 13 </w><w> दिसम्बर </w><w> 2001 </w></time-arg><w> को </w><man_made_event id="0" type="TERRORIST_ATTACK"><w> हमला </w></man_made_event><w> करने </w><w> वाले </w><w> पांच </w><w> आतंकवादी </w><w> पाकिस्तानी </w><w> थे </w><w> , </w><w> आडवाणी </w><w> ने </w><w> कहा </w><w> विदेशी </w><w> मेहमान </w><w> भी </w><w> दोनों </w><w> देशों </w><w> के </w><w> बीच </w><w> बातचीत </w><w> का </w><w> आहवान </w><w> करते </w><w> समय </w><w> हमारे </w><w> इस </w><w> मत </w><w> से </w><w> सहमत </w><w> रहे </w><w> हैं </w><w> । </w><w> उन्होंने </w><w> कहा </w><w> हांलाकि </w><time-arg id="6"><link event_arg="5" id="8" type_rel="EVENT_ARG"/><w> 11 </w><w> सितम्बर </w></time-arg><w> के </w><man_made_event id="5" type="TERRORIST_ATTACK"><w> हमलों </w></man_made_event><w> के </w><w> बाद </w><w> अंतरराष्ट्रीय </w><w> दबाव </w><w> के </w><w> चलते </w><w> पाकिस्तानी </w><w> राष्ट्रपति </w><w> परवेज </w><w> मुशर्रफ </w><w> ने </w><w> अपने </w><w> कहने </w><w> का </w><w> लहजा </w><w> बदल </w><w> दिया </w><w> है </w><w> लेकिन </w><w> उन्होंने </w><w> अपना </w><w> आचरण </w><w> नहीं </w><w> बदला </w><w> और </w><w> जम्मू </w><w> कश्मीर </w><w> और </w><w> शेष </w><w> भारत </w><w> में </w><man_made_event id="7" type="TERRORIST_ATTACK"><w> आतंकवादी </w><w> हमलों </w></man_made_event><w> को </w><w> वे </w><w> "आजादी </w><w> के </w><w> संघर्ष" </w><w> की </w><w> संज्ञा </w><w> देते </w><w> हैं </w><w> । </w><w> आडवाणी </w><w> ने </w><w> अंतरराष्ट्रीय </w><w> समुदाय </w><w> से </w><w> कहा </w><w> कि </w><w> वह </w><w> आतंकवाद </w><w> को </w><w> बढावा </w><w> देने </w><w> वाले </w><w> देशों </w><w> को </w><w> वित्तीय </w><w> और </w><w> सैनिक </w><w> मदद </w><w> देना </w><w> बंद </w><w> करें </w><w> । </w><w> उन्होंने </w><w> कहा </w><w> , </w><w> यदि </w><w> पश्चिमी </w><w> देशों </w><w> ने </w><w> सैनिक </w><w> और </w><w> वित्तीय </w><w> सहायता </w><w> बंद </w><w> कर </w><w> दी </w><w> तो </w><w> पाकिस्तान </w><w> को </w><w> लकवा </w><w> मार </w><w> जाएगा </w><w> और </w><w> उसका </w><w> अस्तित्व </w><w> खतरे </w><w> में </w><w> पड </w><w> जाएगा </w><w> । </w></p></document>