<?xml version="1.0" encoding="UTF-8"?>
<document><p><w> navbharat_2003_2_17_37786145 </w></p><p><w> अयोध्या </w><w> मुद्दे </w><w> पर </w><w> कोर्ट </w><w> का </w><w> फैसला </w><w> सभी </w><w> पक्ष </w><w> मानें </w></p><p><w> नई </w><w> दिल्ली </w><w> (विशेष </w><w> संवाददाता) </w><w> : </w><w> राष्ट्रपति </w><w> ए.पी.जे. </w><w> अब्दुल </w><w> कलाम </w><w> ने </w><w> स्पष्ट </w><w> किया </w><w> है </w><w> कि </w><man_made_event id="0" type="RIOTS"><w> अयोध्या </w><w> विवाद </w></man_made_event><w> या </w><w> तो </w><w> दोनों </w><w> समुदायों </w><w> के </w><w> बीच </w><w> वार्ता </w><w> द्वारा </w><w> सुलझाया </w><w> जा </w><w> सकता </w><w> है </w><w> या </w><w> न्यायपालिका </w><w> के </w><w> निर्णय </w><w> से </w><w> ही </w><w> इस </w><w> मुद्दे </w><w> का </w><w> हल </w><w> हो </w><w> सकता </w><w> है </w><w> , </w><w> जिसे </w><w> सभी </w><w> संबंधित </w><w> पक्षों </w><w> को </w><w> मानना </w><w> होगा। </w><w> संसद </w><w> के </w><w> बजट </w><w> सत्र </w><w> के </w><w> पहले </w><w> दिन </w><w> संसद </w><w> के </w><w> केन्द्रीय </w><w> कक्ष </w><w> में </w><w> दोनों </w><w> सदनों </w><w> की </w><w> संयुक्त </w><w> बैठक </w><w> को </w><w> संबोधित </w><w> करते </w><w> हुए </w><w> राष्ट्रपति </w><w> ने </w><w> न्यायपालिका </w><w> , </w><w> राजनैतिक </w><w> दलों </w><w> , </w><w> धार्मिक </w><w> नेताओं </w><w> को </w><w> भी </w><w> इस </w><w> संबंध </w><w> में </w><w> सलाह </w><w> दी। </w><w> डा. </w><w> कलाम </w><w> ने </w><w> न्यायपालिका </w><w> को </w><w> अपने </w><w> कार्य </w><w> में </w><w> तेजी </w><w> लाकर </w><w> इस </w><w> मामले </w><w> में </w><w> शीघ्र </w><w> फैसला </w><w> देने </w><w> की </w><w> सलाह </w><w> दी </w><w> जबकि </w><w> उन्होंने </w><w> राजनैतिक </w><w> दलों </w><w> , </w><w> धार्मिक </w><w> नेताओं </w><w> और </w><w> विशिष्ट </w><w> सामाजिक </w><w> व्यक्तियों </w><w> से </w><w> अपील </w><w> की </w><w> कि </w><w> वे </w><w> इस </w><w> मुद्दे </w><w> पर </w><w> परस्पर </w><w> समझबूझ </w><w> , </w><w> सद्भाव </w><w> और </w><w> अनुकूलता </w><w> का </w><w> माहौल </w><w> तैयार </w><w> करें। </w><w> अपने </w><w> अभिभाषण </w><w> में </w><w> राष्ट्रपति </w><w> ने </w><w> देश </w><w> की </w><w> सुरक्षा </w><w> के </w><w> प्रति </w><w> चिन्ता </w><w> व्यक्त </w><w> करने </w><w> के </w><w> साथ </w><w> ही </w><w> सरकार </w><w> की </w><w> नीतियों </w><w> और </w><w> अनेक </w><w> आर्थिक </w><w> सामाजिक </w><w> परियोजनाओं </w><w> का </w><w> उल्लेख </w><w> भी </w><w> किया। </w><w> वह </w><w> कर्तव्य </w><w> का </w><w> पालन </w><w> करते </w><w> हुए </w><w> शहीद </w><w> हुए </w><w> जवानों </w><w> के </w><w> प्रति </w><w> श्रद्धांजलि </w><w> व्यक्त </w><w> करते </w><w> हुए </w><w> भारतीय </w><w> अन्तरिक्ष </w><w> यात्री </w><w> कल्पना </w><w> चावला </w><w> और </w><w> उनके </w><w> छह </w><w> अन्य </w><w> साथियों </w><w> को </w><w> भी </w><w> याद </w><w> करना </w><w> नहीं </w><w> भूले </w><w> जो </w><w> एक </w><w> फरवरी </w><w> को </w><w> अन्तरिक्ष </w><w> यान </w><w> कोलम्बिया </w><w> के </w><w> धरती </w><w> पर </w><w> उतरने </w><w> से </w><w> कुछ </w><w> मिनट </w><w> पूर्व </w><w> हुए </w><place-arg id="5"><w> विस्फोट </w></place-arg><w> में </w><w> आकाश </w><w> गंगा </w><w> के </w><w> नागरिक </w><w> बन </w><w> गए </w><w> थे। </w><w> राष्ट्रपति </w><w> ने </w><w> कहा </w><w> कि </w><w> हरियाणा </w><w> के </w><w> एक </w><w> छोटे </w><w> कस्बे </w><w> की </w><w> इस </w><w> भारतीय </w><w> महिला </w><w> के </w><w> साहस </w><w> और </w><w> दृढ़ </w><w> निश्चय </w><w> से </w><w> भरी </w><w> जीवन </w><w> यात्रा </w><w> , </w><w> जिसने </w><w> उसे </w><w> आकाश </w><w> गंगा </w><w> का </w><w> नागरिक </w><w> बना </w><w> दिया </w><w> , </w><w> भारतवासियों </w><w> और </w><w> भारतवंशियों </w><w> के </w><w> लिए </w><w> गर्व </w><w> की </w><w> बात </w><w> रहेगी। </w><w> इससे </w><w> भारतीय </w><w> युवाओं </w><w> खासकर </w><w> महिलाओं </w><w> को </w><w> सपने </w><w> देखने </w><w> और </w><w> सपनों </w><w> को </w><w> साकार </w><w> करने </w><w> के </w><w> लिए </w><w> कड़ी </w><w> मेहनत </w><w> करने </w><w> की </w><w> प्रेरणा </w><w> मिलेगी। </w><w> मेटसैट </w><w> सीरिज </w><w> के </w><w> उपग्रहों </w><w> का </w><w> नाम </w><w> कल्पना </w><w> चावला </w><w> के </w><w> नाम </w><w> पर </w><w> रखने </w><w> के </w><w> भारतीय </w><w> अन्तरिक्ष </w><w> अनुसंधान </w><w> संस्थान </w><w> के </w><w> कदम </w><w> का </w><w> उन्होंने </w><w> स्वागत </w><w> भी </w><w> किया। </w><w> राष्ट्रपति </w><w> जब </w><w> संसद </w><w> के </w><w> दोनों </w><w> सदनों </w><w> को </w><w> संबोधित </w><w> कर </w><w> रहे </w><w> थे </w><w> तो </w><w> उनके </w><w> एक </w><w> ओर </w><w> राज्यसभा </w><w> के </w><w> पदेन </w><w> सभापति </w><w> उपराष्ट्रपति </w><w> भैरोंसिंह </w><w> शेखावत </w><w> और </w><w> दूसरी </w><w> ओर </w><w> लोकसभा </w><w> अध्यक्ष </w><w> मनोहर </w><w> जोशी </w><w> बैठे </w><w> थे। </w><w> राष्ट्रपति </w><w> के </w><w> अभिभाषण </w><w> का </w><w> हिन्दी </w><w> में </w><w> अनुवाद </w><w> पढ़ते </w><w> हुए </w><w> श्री </w><w> शेखावत </w><w> अस्वस्थ </w><w> हो </w><w> गए </w><w> थे </w><w> और </w><w> वह </w><w> पूरा </w><w> भाषण </w><w> नहीं </w><w> पढ़ </w><w> पाए। </w><w> लेकिन </w><w> जहां </w><w> उन्होंने </w><w> उस </w><w> अभिभाषण </w><w> को </w><w> छोड़ा </w><w> , </w><w> उसका </w><w> शेष </w><w> भाग </w><w> पढ़ा </w><w> हुआ </w><w> मान </w><w> लिया </w><w> गया। </w><w> राष्ट्रीय </w><w> सुरक्षा </w><w> को </w><w> सर्वोच्च </w><w> प्राथमिकता </w><w> बताते </w><w> हुए </w><w> राष्ट्रपति </w><w> ने </w><w> पाकिस्तान </w><w> मूल </w><w> के </w><w> आतंकवादियों </w><w> द्वारा </w><place-arg id="3"><link event_arg="2" id="6" type_rel="EVENT_ARG"/><w> संसद </w></place-arg><w> पर </w><w> हुए </w><man_made_event id="2" type="TERRORIST_ATTACK"><w> हमले </w></man_made_event><w> के </w><w> बाद </w><w> सीमा </w><w> पर </w><w> सेना </w><w> की </w><w> तैनाती </w><w> और </w><w> उसके </w><w> बाद </w><w> सेना </w><w> की </w><w> पुन: </w><w> तैनाती </w><w> का </w><w> उल्लेख </w><w> करते </w><w> हुए </w><w> कहा </w><w> कि </w><w> पड़ोसी </w><w> देश </w><w> के </w><w> इरादों </w><w> से </w><w> निपटने </w><w> के </w><w> लिए </w><w> भारत </w><w> के </w><w> आत्मसंयम </w><w> और </w><w> दृढ़ </w><w> संकल्प </w><w> का </w><w> प्रदर्शन </w><w> करने </w><w> का </w><w> प्रयोजन </w><w> सिद्ध </w><w> हो </w><w> गया। </w><w> सामरिक </w><w> नीति </w><w> के </w><w> अनुसार </w><w> पुन: </w><w> सशस्त्र </w><w> सेनाओं </w><w> की </w><w> तैनाती </w><w> करते </w><w> हुए </w><w> किसी </w><w> आपात </w><w> स्थिति </w><w> में </w><w> दृढ़तापूर्वक </w><w> जवाब </w><w> देने </w><w> की </w><w> उनकी </w><w> क्षमता </w><w> से </w><w> किसी </w><w> प्रकार </w><w> का </w><w> कोई </w><w> समझौता </w><w> नहीं </w><w> किया </w><w> गया </w><w> है </w><w> और </w><w> न </w><w> ही </w><w> जम्मू-कश्मीर </w><w> में </w><w> चौकसी </w><w> में </w><w> कोई </w><w> कमी </w><w> की </w><w> गई। </w><w> उन्होंने </w><w> एक </w><w> व्यापक </w><w> नाभिकीय </w><w> सिद्धान्त </w><w> के </w><w> प्रतिपादन </w><w> का </w><w> भी </w><w> उल्लेख </w><w> किया </w><w> जिसमें </w><w> सामरिक </w><w> परिसम्पत्तियों </w><w> का </w><w> अन्तिम </w><w> नियन्त्रण </w><w> नागरिक </w><w> राजनीतिक </w><w> कार्यपालिका </w><w> के </w><w> हाथों </w><w> में </w><w> रखने </w><w> की </w><w> बात </w><w> कही </w><w> गई </w><w> है। </w><w> आन्तरिक </w><w> सुरक्षा </w><w> के </w><w> खतरों </w><w> का </w><w> उल्लेख </w><w> करते </w><w> हुए </w><w> राष्ट्रपति </w><w> ने </w><w> कहा </w><w> कि </w><w> वर्ष </w><w> 2002 </w><w> में </w><w> सीमापार </w><w> से </w><w> आतंकवाद </w><w> की </w><w> लगातार </w><w> घटनाओं </w><w> ने </w><w> फिर </w><w> से </w><w> इस </w><w> बात </w><w> को </w><w> रेखांकित </w><w> किया </w><w> कि </w><w> देश </w><w> की </w><w> आन्तरिक </w><w> सुरक्षा </w><w> को </w><w> मुख्य </w><w> खतरा </w><w> बाहर </w><w> से </w><w> है। </w><w> निर्दोष </w><w> लोगों </w><w> की </w><w> हत्याएं </w><w> , </w><w> सुरक्षाकर्मियों </w><w> के </w><w> परिवारों </w><w> के </w><w> सदस्यों </w><w> को </w><w> विशेष </w><w> रूप </w><w> से </w><w> निशाना </w><w> बनाना </w><w> , </w><w> तीर्थयात्रियों </w><w> पर </w><w> हमले </w><w> जैसी </w><w> घटनाओं </w><w> में </w><w> पाक </w><w> समर्थित </w><w> आतंकवादी </w><w> हिंसा </w><w> के </w><w> जुनून </w><w> के </w><w> पीछे </w><w> सोची </w><w> समझी </w><w> चाल </w><w> थी </w><w> जो </w><w> कामयाब </w><w> नहीं </w><w> हुई। </w><w> उन्होंने </w><w> पाकिस्तान </w><w> के </w><w> मंसूबों </w><w> से </w><w> सतर्क </w><w> करते </w><w> हुए </w><w> कहा </w><w> कि </w><w> सीमापार </w><w> से </w><w> आतंकवाद </w><w> के </w><w> मुद्दे </w><w> पर </w><w> पाकिस्तान </w><w> द्वारा </w><w> दिए </w><w> गए </w><w> आश्वासन </w><w> पूरे </w><w> नहीं </w><w> हुए </w><w> हैं </w><w> और </w><w> आतंकवादी </w><w> संगठनों </w><w> की </w><w> अवसंरचना </w><w> पाकिस्तान </w><w> में </w><w> बरकरार </w><w> है </w><w> तथा </w><w> आतंकवादी </w><w> संगठनों </w><w> को </w><w> बराबर </w><w> पैसा </w><w> भी </w><w> दिया </w><w> जा </w><w> रहा </w><w> है। </w><w> भारत </w><w> को </w><w> 2020 </w><w> तक </w><w> एक </w><w> विकसित </w><w> राष्ट्र </w><w> बनने </w><w> के </w><w> लक्ष्य </w><w> की </w><w> याद </w><w> दिलाते </w><w> हुए </w><w> उन्होंने </w><w> इसे </w><w> &amp;apos </w><w> संकल्पना- </w><w> 2000&amp;apos </w><w> की </w><w> संज्ञा </w><w> देते </w><w> हुए </w><w> कहा </w><w> कि </w><w> इस </w><w> संकल्पना </w><w> में </w><w> जनता </w><w> का </w><w> आत्म </w><w> विश्वास </w><w> परिलक्षित </w><w> होता </w><w> है </w><w> जिसका </w><w> मूल </w><w> अनेक </w><w> क्षेत्रों </w><w> में </w><w> भारत </w><w> की </w><w> उपलब्धियों </w><w> में </w><w> निहित </w><w> है। </w><w> उन्होंने </w><w> संसद </w><w> से </w><w> आग्रह </w><w> किया </w><w> कि </w><w> वह </w><w> अपने </w><w> स्वर्ण </w><w> जयन्ती </w><w> वर्ष </w><w> में </w><w> इस </w><w> विषय </w><w> पर </w><w> विचार </w><w> करे </w><w> और </w><w> राज्य </w><w> सरकारें </w><w> दसवीं </w><w> योजना </w><w> को </w><w> लोकपरक </w><w> योजना </w><w> और </w><w> विकास </w><w> को </w><w> जन </w><w> आन्दोलन </w><w> बनाने </w><w> के </w><w> लिए </w><w> कार्य </w><w> योजना </w><w> बनाएं। </w><w> इसे </w><w> प्राप्त </w><w> करने </w><w> के </w><w> लिए </w><w> उन्होंने </w><w> दो </w><w> मंत्र </w><w> दिए- </w><w> जनता </w><w> की </w><w> भागीदारी </w><w> के </w><w> साथ </w><w> प्रभावी </w><w> क्रियान्वयन </w><w> और </w><w> जनता </w><w> की </w><w> भागीदारी </w><w> के </w><w> लिए </w><w> प्रभावी </w><w> संपर्क। </w><w> उन्होंने </w><w> संसद </w><w> का </w><w> ध्यान </w><w> बांग्लादेश </w><w> से </w><w> हो </w><w> रही </w><w> घुसपैठ </w><w> और </w><w> वहां </w><w> सक्रिय </w><w> आई.एस.आई. </w><w> की </w><w> गतिविधियों </w><w> की </w><w> ओर </w><w> भी </w><w> आकर्षित </w><w> किया। </w><w> गुजरात </w><w> के </w><w> चुनावों </w><w> को </w><w> उन्होंने </w><w> लोकतन्त्र </w><w> को </w><w> मजबूत </w><w> करने </w><w> वाला </w><w> कदम </w><w> बताते </w><w> हुए </w><w> यह </w><w> सुनिश्चित </w><w> करने </w><w> का </w><w> आग्रह </w><w> किया </w><w> कि </w><w> देश </w><w> के </w><w> किसी </w><w> भी </w><w> भाग </w><w> में </w><w> कभी </w><w> कोई </w><w> साम्प्रदायिक </w><w> हिंसा </w><w> की </w><w> पुनरावृत्ति </w><w> न </w><w> हो। </w><w> उन्होंने </w><w> कहा </w><w> कि </w><w> सरकार </w><w> पंथ-निरपेक्षता </w><w> के </w><w> लिए </w><w> प्रतिबद्ध </w><w> है। </w><w> आर्थिक </w><w> विकास </w><w> बढ़ाने </w><w> के </w><w> लिए </w><w> सरकार </w><w> द्वारा </w><w> उठाए </w><w> गए </w><w> कदम </w><w> और </w><w> समेकित </w><w> कार्यनीति </w><w> का </w><w> उल्लेख </w><w> करते </w><w> हुए </w><w> राष्ट्रपति </w><w> ने </w><w> कहा </w><w> कि </w><w> भारत </w><w> का </w><w> स्थान </w><w> तीव्र </w><w> विकासशील </w><w> अर्थव्यवस्थाओं </w><w> बना </w><w> रहा </w><w> है </w><w> और </w><w> इस </w><w> वित्त </w><w> वर्ष </w><w> के </w><w> पहले </w><w> नौ </w><w> महीनों </w><w> में </w><w> भारत </w><w> का </w><w> निर्यात </w><w> 20 </w><w> प्रतिशत </w><w> तक </w><w> बढ़कर </w><w> 38 </w><w> बिलियन </w><w> अमेरिकी </w><w> डालर </w><w> ( </w><w> 1,81,300 </w><w> करोड़ </w><w> रुपए) </w><w> तक </w><w> पंहुच </w><w> गया </w><w> है। </w><w> उन्होंने </w><w> देश </w><w> की </w><w> नदियों </w><w> को </w><w> जोड़ने </w><w> , </w><w> जनता </w><w> की </w><w> भागीदारी </w><w> की </w><w> परियोजना </w><w> &amp;apos </w><w> दस </w><w> कदम </w><w> आप </w><w> चलें </w><w> , </w><w> नब्बे </w><w> कदम </w><w> हम </w><w> चलेंगे </w><w> &amp;apos, </w><w> हरियाली </w><w> नामक </w><w> कार्यक्रम </w><w> , </w><w> राष्ट्रीय </w><w> राजमार्ग </w><w> विकास </w><w> परियोजना </w><w> , </w><w> राष्ट्रीय </w><w> रेल </w><w> विकास </w><w> योजना </w><w> , </w><w> प्रधानमंत्री </w><w> ग्राम </w><w> सड़क </w><w> योजना </w><w> आदि </w><w> का </w><w> विशेष </w><w> रूप </w><w> से </w><w> उल्लेख </w><w> करते </w><w> हुए </w><w> बताया </w><w> कि </w><w> किस </w><w> प्रकार </w><w> देश </w><w> ने </w><w> दूर </w><w> संचार </w><w> और </w><w> सूचना </w><w> प्रौद्योगिकी </w><w> के </w><w> क्षेत्र </w><w> में </w><w> तरक्की </w><w> की </w><w> है। </w><w> उनका </w><w> कहना </w><w> था </w><w> कि </w><w> एक </w><w> वक्त </w><w> था </w><w> जब </w><w> लोग </w><w> टेलीफोन </w><w> लेने </w><w> की </w><w> कतार </w><w> में </w><w> खड़े </w><w> होते </w><w> थे </w><w> और </w><w> आज </w><w> अनेक </w><w> कम्पनियां </w><w> उपभोक्ता </w><w> को </w><w> अपना </w><w> टेलीफोन </w><w> देने </w><w> की </w><w> होड़ </w><w> में </w><w> हैं </w><w> और </w><w> एक </w><w> वक्त </w><w> ऐश्वर्य </w><w> की </w><w> वस्तु </w><w> बने </w><w> मोबाइल </w><w> फोनों </w><w> की </w><w> संख्या </w><w> एक </w><w> करोड़ </w><w> से </w><w> अधिक </w><w> पहुंच </w><w> गई </w><w> है। </w><w> हमारी </w><w> राय: </w><w> राष्ट्रपति </w><w> के </w><w> शब्दों </w><w> पर </w><w> सभी </w><w> पक्ष </w><w> ध्यान </w><w> दें। </w><w> अच्छा </w><w> होगा </w><w> कि </w><w> अयोध्या </w><w> विवाद </w><w> में </w><w> उलझ </w><w> कर </w><w> गतिरोध </w><w> पैदा </w><w> करने </w><w> के </w><w> बजाय </w><w> बजट </w><w> सत्र </w><w> में </w><w> ज्यादा </w><w> से </w><w> ज्यादा </w><w> कामकाज </w><w> निपटाएं </w><w> जाएं। </w></p></document>