<?xml version="1.0" encoding="UTF-8"?>
<document><p><w> navbharat_2003_4_11_43063115 </w></p><p><w> विदेशी </w><w> पर्यटकों </w><w> की </w><w> संख्या </w><w> में </w><w> 12.4 </w><w> फीसदी </w><w> बढ़ोतरी </w></p><p><w> नई </w><w> दिल्ली </w><w> (वार्ता): </w><w> जनवरी </w><w> से </w><w> मार्च </w><w> के </w><w> दौरान </w><w> देश </w><w> में </w><w> विदेशी </w><w> पर्यटकों </w><w> की </w><w> आवक </w><w> पिछले </w><w> साल </w><w> की </w><w> इसी </w><w> अवधि </w><w> की </w><w> तुलना </w><w> में </w><w> 12.4 </w><w> प्रतिशत </w><w> अधिक </w><w> रही। </w><w> आलोच्य </w><w> अवधि </w><w> में </w><w> 77,1294 </w><w> विदेशी </w><w> पर्यटक </w><w> आए </w><w> , </w><w> जबकि </w><w> पिछले </w><w> साल </w><w> इसी </w><w> अवधि </w><w> में </w><w> इनकी </w><w> संख्या </w><w> 68,6122 </w><w> थी। </w><w> जनवरी-मार्च </w><w> में </w><w> विदेशी </w><w> मुद्रा </w><w> आय </w><w> भी </w><w> 15.1 </w><w> प्रतिशत </w><w> बढ़कर </w><w> 87.6 </w><w> करोड़ </w><w> डॉलर </w><w> रही। </w><w> पिछले </w><w> साल </w><w> भारत </w><w> और </w><w> पाकिस्तान </w><w> के </w><w> बीच </w><w> तनाव </w><w> बढ़ने </w><w> और </w><time-arg id="1"><link event_arg="0" id="4" type_rel="EVENT_ARG"/><w> दिसम्बर </w><w> 2001 </w></time-arg><w> में </w><place-arg id="2"><link event_arg="0" id="3" type_rel="EVENT_ARG"/><w> भारतीय </w><w> संसद </w></place-arg><w> पर </w><man_made_event id="0" type="TERRORIST_ATTACK"><w> आतंकवादी </w><w> हमले </w></man_made_event><w> के </w><w> कारण </w><w> पर्यटन </w><w> उद्योग </w><w> पर </w><w> काफी </w><w> बुरा </w><w> असर </w><w> पड़ा </w><w> था। </w><w> कई </w><w> देशों </w><w> ने </w><w> अपने </w><w> नागरिकों </w><w> को </w><w> इस </w><w> क्षेत्र </w><w> में </w><w> यात्रा </w><w> न </w><w> करने </w><w> की </w><w> सलाह </w><w> दी </w><w> थी। </w><w> विश्व </w><w> यात्रा </w><w> एवं </w><w> पर्यटन </w><w> परिषद </w><w> का </w><w> मानना </w><w> है </w><w> कि </w><w> 2003 </w><w> के </w><w> बाद </w><w> भारत </w><w> उन </w><w> तीन </w><w> देशों </w><w> की </w><w> श्रेणी </w><w> में </w><w> होगा </w><w> , </w><w> जहां </w><w> सबसे </w><w> ज्यादा </w><w> पर्यटक </w><w> जाएंगे। </w></p></document>