<?xml version="1.0" encoding="UTF-8"?>
<document><p><w> navbharat_2003_3_31_41989219 </w></p><p><w> इंडियन </w><w> एयरलाइंस </w><w> का </w><w> लाहौर </w><w> कार्यालय </w><w> बंद </w></p><p><w> नई </w><w> दिल्ली </w><w> (भाषा): </w><w> पाकिस्तानी </w><w> विमानों </w><w> के </w><w> अपने </w><w> वायु-क्षेत्र </w><w> से </w><w> गुजरने </w><w> पर </w><w> रोक </w><w> लगाने </w><w> के </w><w> एक </w><w> वर्ष </w><w> से </w><w> अधिक </w><w> समय </w><w> के </w><w> बाद </w><w> भारत </w><w> ने </w><w> सोमवार </w><w> को </w><w> लाहौर </w><w> स्थित </w><w> इंडियन </w><w> एयरलाइंस </w><w> का </w><w> अपना </w><w> कार्यालय </w><w> बंद </w><w> करने </w><w> का </w><w> फैसला </w><w> किया। </w><w> नागरिक </w><w> उड्डयन </w><w> मंत्री </w><w> शाहनवाज </w><w> हुसैन </w><w> ने </w><w> बताया </w><w> कि </w><w> उन्होंने </w><w> विदेश </w><w> मंत्रालय </w><w> के </w><w> साथ </w><w> परामर्श </w><w> के </w><w> बाद </w><w> घरेलू </w><w> उड़ानों </w><w> के </w><w> लाहौर </w><w> स्थित </w><w> कार्यालय </w><w> को </w><w> बंद </w><w> करने </w><w> के </w><w> आदेश </w><w> पर </w><w> हस्ताक्षर </w><w> कर </w><w> दिए </w><w> हैं। </w><w> भारत </w><w> ने </w><w> यह </w><w> कदम </w><w> उठाकर </w><w> एक </w><w> बार </w><w> फिर </w><w> इस </w><w> बारे </w><w> में </w><w> अपना </w><w> रवैया </w><w> स्पष्ट </w><w> कर </w><w> दिया </w><w> है </w><w> कि </w><w> पाकिस्तान </w><w> सीमा </w><w> पार </w><w> से </w><w> आतंकवाद </w><w> रोके। </w><w> लाहौर </w><w> कार्यालय </w><w> में </w><w> छह </w><w> कर्मचारी </w><w> कार्यरत </w><w> थे </w><w> , </w><w> जिनमें </w><w> एक </w><w> भारतीय </w><w> तथा </w><w> पांच </w><w> स्थानीय </w><w> लोग </w><w> थे। </w><w> इस </w><w> पर </w><w> हर </w><w> वर्ष </w><w> 72 </w><w> लाख </w><w> रुपए </w><w> खर्च </w><w> आ </w><w> रहा </w><w> था। </w><place-arg id="2"><link event_arg="0" id="4" type_rel="EVENT_ARG"/><w> संसद </w></place-arg><w> पर </w><time-arg id="1"><link event_arg="0" id="3" type_rel="EVENT_ARG"/><w> 13 </w><w> दिसम्बर </w></time-arg><w> को </w><w> हुए </w><man_made_event id="0" type="TERRORIST_ATTACK"><w> आतंकवादी </w><w> हमले </w></man_made_event><w> के </w><w> बाद </w><w> से </w><w> भारत </w><w> और </w><w> पाकिस्तान </w><w> के </w><w> विमान </w><w> एक </w><w> दूसरे </w><w> के </w><w> क्षेत्र </w><w> के </w><w> ऊपर </w><w> से </w><w> उडान </w><w> नहीं </w><w> भर </w><w> रहे </w><w> हैं। </w><w> इंडियन </w><w> एयरलाइंस </w><w> का </w><w> करांची </w><w> में </w><w> भी </w><w> एक </w><w> कार्यालय </w><w> है। </w></p></document>