<?xml version="1.0" encoding="UTF-8"?>
<document><p><w> navbharat_2003_4_17_-75195660 </w></p><p><w> पाकिस्तान </w><w> आतंकवाद </w><w> का </w><w> सबसे </w><w> बड़ा </w><w> अड्डा: </w><w> चमनलाल </w></p><p><w> बरेली </w><w> (ग्रामीण) </w><w> (नस): </w><w> भारत </w><w> के </w><w> रक्षा </w><w> राज्य </w><w> मंत्री </w><w> चमनलाल </w><w> गुप्ता </w><w> ने </w><w> कहा </w><w> है </w><w> कि </w><w> पाकिस्तान </w><w> इस </w><w> समय </w><w> दुनिया </w><w> का </w><w> सबसे </w><w> बड़ा </w><w> आतंकवादी </w><w> अड्डा </w><w> है </w><w> और </w><w> अमेरिका </w><w> अगर </w><w> सही </w><w> मायनों </w><w> में </w><w> आतंकवाद </w><w> के </w><w> खिलाफ </w><w> लड़ाई </w><w> लड़ना </w><w> चाहता </w><w> था </w><w> , </w><w> तो </w><w> उसे </w><w> आतंकवाद </w><w> का </w><w> पर्याय </w><w> बन </w><w> चुके </w><w> पाकिस्तान </w><w> पर </w><man_made_event id="0" type="NORMAL_BOMBING"><w> हमला </w></man_made_event><w> करना </w><w> चाहिए </w><w> था </w><w> , </w><w> वहीं </w><w> अमेरिका </w><w> जहां </w><w> एक </w><w> ओर </w><w> इराक </w><w> पर </w><man_made_event id="1" type="NORMAL_BOMBING"><w> हमले </w></man_made_event><w> को </w><w> आतंकवाद </w><w> के </w><w> खिलाफ </w><w> कार्रवाई </w><w> सही </w><w> बता </w><w> रहा </w><w> है </w><w> , </w><w> वहीं </w><w> पाकिस्तान </w><w> में </w><w> आतंकवादी </w><w> ठिकानों </w><w> व </w><w> प्रशिक्षण </w><w> केंद्रों </w><w> के </w><w> होने </w><w> के </w><w> प्रमाण </w><w> देने </w><w> के </w><w> बाद </w><w> भी </w><w> चुप्पी </w><w> साधे </w><w> है </w><w> , </w><w> यह </w><w> अमेरिका </w><w> की </w><w> दोमुंही </w><w> नीति </w><w> का </w><w> परिचायक </w><w> है। </w><w> रक्षा </w><w> राज्य </w><w> मंत्री </w><w> चमनलाल </w><w> गुप्ता </w><w> कैंट </w><w> स्थित </w><w> युगवीणा </w><w> लाइब्रेरी </w><w> में </w><w> पत्रकारों </w><w> से </w><w> बातचीत </w><w> कर </w><w> रहे </w><w> थे। </w><w> उन्होंने </w><w> कहा </w><w> कि </w><w> इराक </w><w> युद्ध </w><w> व </w><w> अमेरिका </w><w> की </w><w> बढ़ती </w><w> दादागिरी </w><w> के </w><w> खिलाफ </w><w> भारत </w><w> सरकार </w><w> ने </w><w> मजबूती </w><w> से </w><w> अपनी </w><w> बात </w><w> रखी </w><w> है। </w><w> उन्होंने </w><w> कहा </w><w> कि </w><w> अमेरिका </w><w> को </w><w> सबसे </w><w> पहले </w><w> आतंकवाद </w><w> का </w><w> पर्याय </w><w> बने </w><w> पाकिस्तान </w><w> पर </w><man_made_event id="2" type="NORMAL_BOMBING"><event-coref-link event_id="0" id="5" type_rel="EVENT_COREF"></event-coref-link><w> हमला </w></man_made_event><w> करना </w><w> चाहिए </w><w> था। </w><w> उन्होंने </w><w> कहा </w><w> कि </w><w> इराक </w><w> पर </w><man_made_event id="3" type="NORMAL_BOMBING"><event-coref-link event_id="1" id="6" type_rel="EVENT_COREF"></event-coref-link><w> हमला </w></man_made_event><w> करके </w><w> आतंकवाद </w><w> का </w><w> खात्मा </w><w> नहीं </w><w> किया </w><w> जा </w><w> सकता </w><w> , </w><w> क्योंकि </w><w> इसकी </w><w> जड़ें </w><w> पाकिस्ताम </w><w> में </w><w> हैं। </w><w> फिर </w><w> भी </w><w> अमेरिका </w><w> पाक </w><w> से </w><w> मैत्री </w><w> संबंध </w><w> बनाकर </w><w> चल </w><w> रहा </w><w> है। </w><w> उन्होंने </w><w> इराक </w><w> पर </w><w> हुए </w><w> अमेरिकी </w><w> हमले </w><w> की </w><w> निंदा </w><w> करते </w><w> हुए </w><w> कहा </w><w> कि </w><w> यह </w><w> सरासर </w><w> अमेरिका </w><w> की </w><w> दादागिरी </w><w> का </w><w> परिचायक </w><w> है </w><w> , </w><w> रासायनिक </w><w> व </w><w> जैविक </w><w> हथियारों </w><w> के </w><w> आरोप </w><w> लगाए </w><w> जाने </w><w> के </w><w> बाद </w><w> भी </w><w> इराक </w><w> में </w><w> ऐसा </w><w> कुछ </w><w> नहीं </w><w> पाया </w><w> गया। </w><w> उन्होंने </w><w> कहा </w><w> कि </w><w> हमने </w><w> बीते </w><w> दिनों </w><w> बगैर </w><w> लड़ाई </w><w> किए </w><w> ही </w><w> पाकिस्तान </w><w> को </w><w> पूरी </w><w> दुनिया </w><w> के </w><w> सामने </w><w> बेनकाब </w><w> करने </w><w> में </w><w> कामयाबी </w><w> पाई </w><w> है। </w><w> पहली </w><w> बार </w><w> चीन </w><w> ब्रिटेन </w><w> आदि </w><w> अन्य </w><w> देशों </w><w> ने </w><w> पाक </w><w> को </w><w> आतंकवादी </w><w> गतिविधियों </w><w> में </w><w> लिप्त </w><w> होने </w><w> के </w><w> लिए </w><w> आड़े </w><w> हाथों </w><w> लिया </w><w> है। </w><w> कालूचक </w><w> व </w><w> संसद </w><w> भवन </w><w> पर </w><w> हुए </w><man_made_event id="4" type="TERRORIST_ATTACK"><w> आतंकवादी </w><w> हमले </w></man_made_event><w> के </w><w> लिए </w><w> पाक </w><w> को </w><w> सबक </w><w> सिखाने </w><w> के </w><w> लिए </w><w> ही </w><w> सेना </w><w> की </w><w> तैनाती </w><w> की </w><w> थी </w><w> , </w><w> जिससे </w><w> पाक </w><w> को </w><w> भारत </w><w> की </w><w> ताकत </w><w> का </w><w> भी </w><w> पता </w><w> चल </w><w> गया। </w><w> उन्होंने </w><w> कहा </w><w> कि </w><w> वर्तमान </w><w> परिस्थितियों </w><w> से </w><w> सीख </w><w> लेने </w><w> के </w><w> बाद </w><w> हमने </w><w> भारतीय </w><w> सेना </w><w> को </w><w> और </w><w> अधिक </w><w> सशक्त </w><w> बनाने </w><w> के </w><w> लिए </w><w> नई </w><w> तकनीकों </w><w> से </w><w> सुसज्जित </w><w> किया </w><w> है। </w></p></document>