<?xml version="1.0" encoding="UTF-8"?>
<document><p><w> fullnews_id_2921835_date_4_12_2004.utf8 </w></p><p><w> संसद </w><w> हमले </w><w> मं </w><w> सुप्रीम </w><w> कोर्ट </w><w> का </w><w> फैसला </w><w> आज </w></p><p><w> प्रे </w></p><p><w> नई </w><w> दिल्ली। </w></p><p><place-arg id="1"><link event_arg="0" id="2" type_rel="EVENT_ARG"/><w> संसद </w></place-arg><man_made_event id="0" type="TERRORIST_ATTACK"><w> हमले </w></man_made_event><w> में </w><w> फांसी </w><w> की </w><w> सजा </w><w> पा </w><w> चुके </w><w> दो </w><w> दोषियों </w><w> की </w><w> अपील </w><w> याचिका </w><w> पर </w><w> सुप्रीम </w><w> कोर्ट </w><w> बृहस्पतिवार </w><w> को </w><w> अपना </w><w> फैसला </w><w> सुनाएगा। </w><w> इसके </w><w> पहले </w><w> ट्रायल </w><w> कोर्ट </w><w> ने </w><w> इन </w><w> दोनों </w><w> आरोपियों </w><w> शौकत </w><w> हुसैन </w><w> गुरु </w><w> और </w><w> मोहम्मद </w><w> अफजल </w><w> को </w><w> मामले </w><w> में </w><w> दोषी </w><w> पाते </w><w> हुए </w><w> फांसी </w><w> की </w><w> सजा </w><w> सुनाई </w><w> थी। </w><w> हाई </w><w> कोर्ट </w><w> ने </w><w> भी </w><w> इस </w><w> सजा </w><w> को </w><w> बहाल </w><w> रखा </w><w> था। </w><w> अपील </w><w> में </w><w> इस </w><w> फैसले </w><w> को </w><w> चुनौती </w><w> दी </w><w> गई </w><w> है।न्यायमूर्ति </w><w> पी.वी. </w><w> रेड्डी </w><w> और </w><w> पी.पी. </w><w> नवलकर </w><w> की </w><w> खंडपीठ </w><w> शौकत </w><w> हुसैन </w><w> गुरु </w><w> और </w><w> मोहम्मद </w><w> अफजल </w><w> की </w><w> अपीलों </w><w> पर </w><w> फैसला </w><w> करेगी। </w><w> दिल्ली </w><w> विशवविद्यालय </w><w> के </w><w> व्याख्याता </w><w> एस.ए.आर. </w><w> गिलानी </w><w> और </w><w> अफशां </w><w> गुरु </w><w> को </w><w> मामले </w><w> में </w><w> बरी </w><w> किए </w><w> जाने </w><w> खिलाफ </w><w> दिल्ली </w><w> पुलिस </w><w> की </w><w> अपील </w><w> पर </w><w> भी </w><w> खंडपीठ </w><w> को </w><w> फैसला </w><w> सुनाना </w><w> है। </w><w> करीब </w><w> छह </w><w> महीने </w><w> तक </w><w> दैनिक </w><w> आधार </w><w> पर </w><w> मामले </w><w> की </w><w> सुनवाई </w><w> के </w><w> बाद </w><w> खंडपीठ </w><w> ने </w><w> दो </w><w> महीने </w><w> पहले </w><w> अपना </w><w> फैसला </w><w> सुरक्षित </w><w> रख </w><w> लिया </w><w> था। </w><w> ट्रायल </w><w> कोर्ट </w><w> ने </w><w> गिलानी, </w><w> शौकत </w><w> हुसैन </w><w> गुरु </w><w> और </w><w> मोहम्मद </w><w> अफजल </w><w> को </w><w> मौत </w><w> की </w><w> सजा </w><w> सुनाई </w><w> थी, </w><w> जबकि </w><w> अफशां </w><w> को </w><w> पांच </w><w> साल </w><w> की </w><w> कैद </w><w> की </w><w> सजा </w><w> दी </w><w> थी। </w><w> हाई </w><w> कोर्ट </w><w> ने </w><w> गिलानी </w><w> और </w><w> अफशां </w><w> को </w><w> बरी </w><w> कर </w><w> दिया </w><w> था </w><w> और </w><w> बाकी </w><w> दोनों </w><w> दोषियों </w><w> की </w><w> फांसी </w><w> की </w><w> सजा </w><w> बहाल </w><w> रखी </w><w> थी। </w></p><p><w> गौरतलब </w><w> है </w><w> कि </w><time-arg id="4"><link event_arg="3" id="5" type_rel="EVENT_ARG"/><w> १३ </w><w> दिसंबर </w><w> २००१ </w></time-arg><w> को </w><w> पांच </w><w> आतंकवादियों </w><w> के </w><w> आत्मघाती </w><w> दस्ते </w><w> द्वारा </w><place-arg id="6"><link event_arg="3" id="7" type_rel="EVENT_ARG"/><w> संसद </w></place-arg><w> पर </w><w> किए </w><man_made_event id="3" type="TERRORIST_ATTACK"><event-coref-link event_id="0" id="8" type_rel="EVENT_COREF"></event-coref-link><w> हमले </w></man_made_event><w> के </w><w> दौरान </w><w> कई </w><w> सुरक्षाकर्मियों </w><w> और </w><w> कर्मचारियों </w><w> की </w><w> मौत </w><w> हो </w><w> गई </w><w> थी। </w></p></document>