<?xml version="1.0" encoding="UTF-8"?>
<document><p><w> fullnews_id_3124080_date_5_3_2005.utf8 </w></p><p><w> हमले </w><w> को </w><w> लेकर </w><w> भड़काऊ </w><w> बयान </w><w> नहीं </w><w> दें </w><w> कांग्रेस </w></p><p><w> प्रधानमंत्री </w><w> ने </w><w> सोनिया </w><w> को </w><w> दी </w><w> पूरी </w><w> घटना </w><w> की </w><w> जानकारी </w></p><p><w> अमर </w><w> उजाला </w><w> ब्यूरो/एजेंसियां </w></p><p><w> नई </w><w> दिल्ली। </w></p><p><place-arg id="4"><link event_arg="3" id="9" type_rel="EVENT_ARG"/><w> अयोध्या </w><w> स्थित </w><w> राम </w><w> जन्मभूमि </w><w> परिसर </w></place-arg><w> में </w><man_made_event id="3" type="TERRORIST_ATTACK"><w> आतंकवादी </w><w> हमले </w></man_made_event><w> को </w><w> कांग्रेस </w><w> ने </w><w> राष्ट्रीय </w><w> स्वाभिमान </w><w> और </w><w> अखंडता </w><w> पर </w><w> हमला </w><w> करार </w><w> दिया </w><w> है। </w><w> पार्टी </w><w> का </w><w> कहना </w><w> है </w><w> कि </w><w> जब </w><w> भी </w><w> आतंकवादियों </w><w> ने </w><w> देश </w><w> की </w><w> एकता </w><w> पर </w><w> हमला </w><w> किया </w><w> है </w><w> पूरे </w><w> देश </w><w> ने </w><w> एकजुट </w><w> होकर </w><w> उस </w><w> चुनौती </w><w> का </w><w> सामना </w><w> किया </w><w> है। </w><w> कांग्रेस </w><w> अध्यक्ष </w><w> सोनिया </w><w> गांधी </w><w> के </w><w> लफ्जों </w><w> में, </w><w> आतंकवाद </w><w> से </w><w> कोई </w><w> समझौता </w><w> नहीं </w><w> किया </w><w> जाएगा। </w><w> कांग्रेस </w><w> इस </w><w> मुद्दे </w><w> को </w><w> लेकर </w><w> की </w><w> जा </w><w> रही </w><w> राजनीति </w><w> से </w><w> काफी </w><w> नाराज </w><w> है। </w><w> पार्टी </w><w> ने </w><w> कहा </w><w> कि </w><w> इस </w><man_made_event id="5" type="TERRORIST_ATTACK"><event-coref-link event_id="3" id="11" type_rel="EVENT_COREF"></event-coref-link><w> हमले </w></man_made_event><w> को </w><w> लेकर </w><w> उकसाने </w><w> वाले </w><w> बयान </w><w> नहीं </w><w> दिए </w><w> जाने </w><w> चाहिएं।इस </w><man_made_event id="6" type="TERRORIST_ATTACK"><event-coref-link event_id="3" id="10" type_rel="EVENT_COREF"></event-coref-link><w> आतंकवादी </w><w> हमले </w></man_made_event><w> की </w><w> आज </w><w> भाकपा, </w><w> माकपा </w><w> सहित </w><w> अन्य </w><w> वामदलों, </w><w> राजद </w><w> प्रमुख </w><w> लालू </w><w> प्रसाद </w><w> यादव, </w><w> जद- </w><w> सेक्युलर, </w><w> ऑल </w><w> इंडिया </w><w> मुसलिम </w><w> पर्सनल </w><w> लॅ </w><w> बोर्ड </w><w> और </w><w> हुर्रियत </w><w> कांफ्रेंस </w><w> आदि </w><w> ने </w><w> निंदा </w><w> की </w><w> है। </w><w> उन्होंने </w><w> घटना </w><w> की </w><w> जांच </w><w> की </w><w> मांग </w><w> की </w><w> है। </w><man_made_event id="7" type="TERRORIST_ATTACK"><event-coref-link event_id="3" id="12" type_rel="EVENT_COREF"></event-coref-link><w> हमले </w></man_made_event><w> को </w><w> सपा </w><w> व </w><w> भाजपा </w><w> की </w><w> सुनियोजित </w><w> साजिश </w><w> करार </w><w> देते </w><w> हुए </w><w> बसपा </w><w> ने </w><w> मुलायम </w><w> सरकार </w><w> को </w><w> बरखास्त </w><w> करने </w><w> की </w><w> मांग </w><w> की </w><w> है। </w><w> वाम </w><w> दलों </w><w> के </w><w> नेताओं </w><w> ने </w><w> आज </w><w> इस </w><w> मामले </w><w> में </w><w> प्रधानमंत्री </w><w> मनमोहन </w><w> सिंह </w><w> के </w><w> साथ </w><w> बैठक </w><w> भी </w><w> की। </w></p><p><w> कांग्रेस </w><w> महासचिव </w><w> अंबिका </w><w> सोनी </w><w> के </w><w> मुताबिक, </w><w> यह </w><w> भावनात्मक </w><w> प्रतिक्रिया </w><w> का </w><w> वक्त </w><w> नहीं </w><w> है। </w><w> कुछ </w><w> ताकतं </w><w> हमारे </w><w> सांप्रदायिक </w><w> सौहार्द </w><w> के </w><w> खिलाफ </w><w> हैं। </w><w> इसके </w><w> बावजूद </w><w> कुछ </w><w> लोग </w><w> अपनी </w><w> सियासी </w><w> रोटियां </w><w> सेंकते </w><w> हैं, </w><w> तो </w><w> उनकी </w><w> देश </w><w> में </w><w> आस्था </w><w> पर </w><w> सवालिया </w><w> निशान </w><w> लगना </w><w> लाजिमी </w><w> है। </w><w> कांग्रेस </w><w> ने </w><w> केंद्रीय </w><w> गृहमंत्री </w><w> शिवराज </w><w> पाटिल </w><w> और </w><w> यूपी </w><w> के </w><w> मुख्यमंत्री </w><w> के </w><w> इस्तीफे </w><w> की </w><w> भाजपा </w><w> की </w><w> मांग </w><w> पर </w><w> कड़ा </w><w> ऐतराज </w><w> जताया </w><w> है। </w><w> पार्टी </w><w> का </w><w> कहना </w><w> है </w><w> कि </w><w> भाजपा </w><w> को </w><w> संसद </w><w> भवन, </w><w> अक्षरधाम </w><w> मंदिर, </w><w> रघुनाथ </w><w> मंदिर </w><w> और </w><w> जम्मू-कशमीर </w><w> की </w><w> विधानसभा </w><w> पर </w><w> हुए </w><w> हमलों </w><w> को </w><w> भी </w><w> याद </w><w> रखना </w><w> चाहिए। </w><w> उस </w><w> वक्त </w><w> कांग्रेस </w><w> विपक्ष </w><w> मे </w><w> थी </w><w> और </w><w> उसने </w><w> साफ </w><w> कह </w><w> दिया </w><w> था </w><w> कि </w><w> वह </w><w> दहशतगर्दी </w><w> से </w><w> निपटने </w><w> के </w><w> लिए </w><w> सरकार </w><w> के </w><w> हर </w><w> कदम </w><w> का </w><w> समर्थन </w><w> करती </w><w> है। </w><w> भाजपा </w><w> के </w><w> देशव्यापी </w><w> आंदोलन </w><w> के </w><w> बारे </w><w> में </w><w> उन्होंने </w><w> कहा </w><w> कि </w><w> उसे </w><w> यह </w><w> साफ </w><w> करना </w><w> चाहिए </w><w> कि </w><w> वह </w><w> किस </w><w> बात </w><w> के </w><w> खिलाफ </w><w> आंदोलन </w><w> कर </w><w> रही </w><w> है। </w></p><p><w> बकौल </w><w> अंबिका </w><w> सोनी, </w><w> क्या </w><w> भाजपा </w><w> इस </w><w> मुद्दे </w><w> को </w><w> लेकर </w><w> आंदोलन </w><w> कर </w><w> रही </w><w> है </w><w> कि </w><w> सुरक्षा </w><w> बलों </w><w> ने </w><w> आतंकवादियों </w><w> को </w><w> क्यों </w><w> मार </w><w> गिराया </w><w> या </w><w> फिर </w><w> आतंकवादी </w><w> कोई </w><w> बड़ा </w><w> हादसा </w><w> क्यों </w><w> अंजाम </w><w> नहीं </w><w> दे </w><w> पाए। </w><w> आंदोलन </w><w> से </w><w> सुरक्षाबलों </w><w> के </w><w> हौसले </w><w> पस्त </w><w> होंगे। </w><w> कांग्रेस </w><w> ने </w><w> सीआरपीएफ </w><w> के </w><w> जवानों </w><w> की </w><w> बहादुरी </w><w> की </w><w> प्रशंसा </w><w> की </w><w> है। </w></p><p><w> सुरक्षा </w><w> मामलों </w><w> क </w><w> केंद्रीय </w><w> मंत्रिमंडल </w><w> समिति </w><w> की </w><w> बैठक </w><w> के </w><w> बाद </w><w> प्रधानमंत्री </w><w> मनमोहन </w><w> सिंह </w><w> ने </w><w> यूपीए </w><w> व </w><w> कांग्रेस </w><w> अध्यक्ष </w><w> सोनिया </w><w> गांधी </w><w> से </w><w> बात </w><w> की। </w><w> प्रधानमंत्री </w><w> ने </w><w> उन्हें </w><w> पूरी </w><w> घटना </w><w> का </w><w> ब्योरा </w><w> दिया। </w><w> पार्टी </w><w> प्रवक्ता </w><w> अंबिका </w><w> सोनी </w><w> के </w><w> मुताबिक </w><w> कांग्रेस </w><w> अध्यक्ष </w><w> ने </w><w> इस </w><man_made_event id="8" type="TERRORIST_ATTACK"><event-coref-link event_id="3" id="13" type_rel="EVENT_COREF"></event-coref-link><w> हमले </w></man_made_event><w> को </w><w> राष्ट्रीय </w><w> स्वाभिमान </w><w> पर </w><w> हमला </w><w> करार </w><w> दिया </w><w> है। </w><w> वरिष्ठ </w><w> नेता </w><w> अहमद </w><w> पटेल </w><w> का </w><w> कहना </w><w> है </w><w> कि </w><w> सरकार </w><w> को </w><w> इस </w><w> पूरे </w><w> मामले </w><w> की </w><w> तह </w><w> तक </w><w> जाना </w><w> चाहिए, </w><w> ताकि </w><w> तमाम </w><w> धार्मिक </w><w> स्थलों </w><w> की </w><w> सुरक्षा </w><w> सुनिशिचत </w><w> की </w><w> जा </w><w> सके। </w><w> पार्टी </w><w> महासचिव </w><w> सत्यव्रत </w><w> चतुर्वेदी </w><w> ने </w><w> कहा </w><w> कि </w><w> यह </w><w> उन </w><w> लोगों </w><w> की </w><w> साजिश </w><w> है </w><w> जो </w><w> देश </w><w> में </w><w> सांप्रदायिक </w><w> सद्भाव </w><w> को </w><w> तनाव </w><w> में </w><w> बदलना </w><w> चाहते </w><w> हैं। </w><w> इसके </w><w> पीछे </w><w> आंतरिक </w><w> द्वंद्व </w><w> में </w><w> उलझे </w><w> राजनीतिक </w><w> दलों </w><w> की </w><w> साजिश </w><w> है </w><w> या </w><w> किसी </w><w> आतंकवादी </w><w> संगठन </w><w> की। </w><w> यह </w><w> जांच </w><w> के </w><w> बाद </w><w> ही </w><w> देश </w><w> को </w><w> मालूम </w><w> पड़ेगा। </w></p><p><w> पार्टी </w><w> प्रवक्ता </w><w> आनंद </w><w> शर्मा </w><w> ने </w><w> कहा, </w><w> हमले </w><w> के </w><w> बाद </w><w> उत्न </w><w> स्थिति </w><w> का </w><w> सरकार </w><w> जायजा </w><w> ले </w><w> रही </w><w> है। </w><w> उन्होंने </w><w> कहा, </w><w> संवेदनशील, </w><w> धार्मिक </w><w> और </w><w> महत्वपूण </w><w> स्थलों </w><w> की </w><w> सुरक्षा </w><w> व्यवस्था </w><w> की </w><w> समीक्षा </w><w> जरूरी </w><w> है। </w><w> जब </w><w> उनसे </w><w> पूछा </w><w> गया </w><w> कि </w><w> घटना </w><w> से </w><w> क्या </w><w> भारत-पाक </w><w> शांति </w><w> प्रक्रिया </w><w> पर </w><w> असर </w><w> पड़ेगा? </w><w> शर्मा </w><w> ने </w><w> कहा, </w><w> यह </w><w> कयास </w><w> लगाने </w><w> का </w><w> समय </w><w> नहीं </w><w> है। </w><w> हमें </w><w> सुरक्षा </w><w> एजेंसियों </w><w> के </w><w> आकलन </w><w> का </w><w> इंतजार </w><w> करना </w><w> चाहिए। </w><w> इस </w><w> बीच </w><w> घटना </w><w> के </w><w> बाद </w><w> उपजे </w><w> हालात </w><w> की </w><w> समीक्षा </w><w> के </w><w> लिए </w><w> कांग्रेस </w><w> अध्यक्ष </w><w> सोनिया </w><w> गांधी </w><w> ने </w><w> आज </w><w> पार्टी </w><w> के </w><w> वरिष्ठ </w><w> नेताओं </w><w> के </w><w> साथ </w><w> बैठकी </w><w> की। </w></p></document>