<?xml version="1.0" encoding="UTF-8"?>
<document><p><w> fullnews_id_4324561_date_26_7_2006.utf8 </w></p><p><w> २० </w><w> को </w><w> फांसी </w><w> पर </w><w> झूलेगा </w><w> लोकतंत्र </w><w> का </w><w> हमलावर </w><w> अफजल </w></p><p><w> नई </w><w> दिल्ली। </w></p><p><w> नई </w><w> दिल्ली </w><w> की </w><w> पटियाला </w><w> अदालत </w><w> ने </w><w> आज </w><time-arg id="1"><link event_arg="0" id="11" type_rel="EVENT_ARG"/><w> १३ </w><w> दिसंबर </w><w> २००१ </w></time-arg><w> को </w><place-arg id="2"><link event_arg="0" id="10" type_rel="EVENT_ARG"/><w> संसद </w></place-arg><w> पर </w><w> हुए </w><man_made_event id="0" type="TERRORIST_ATTACK"><w> हमले </w></man_made_event><w> के </w><w> आरोपी </w><participant-arg id="3"><link event_arg="0" id="9" type_rel="EVENT_ARG"/><w> मोहम्मद </w><w> अफजल </w></participant-arg><w> को </w><w> २० </w><w> अक्टूबर </w><w> को </w><w> सुबह </w><w> छह </w><w> बजे </w><w> फांसी </w><w> देने </w><w> का </w><w> फैसला </w><w> सुनाया </w><w> है। </w><w> गौरतलब </w><w> है </w><w> कि </w><w> सुप्रीम </w><w> कोर्ट </w><w> और </w><w> हाईकोर्ट </w><w> ने </w><w> भी </w><w> अफजल </w><w> को </w><w> मौत </w><w> की </w><w> सजा </w><w> सुनाई </w><w> थी। </w><w> अफजल </w><w> ने </w><w> अपनी </w><w> फांसी </w><w> को </w><w> रोकने </w><w> के </w><w> लिए </w><w> राष्ट्रपति </w><w> के </w><w> पास </w><w> कोई </w><w> दया </w><w> की </w><w> याचिका </w><w> दायर </w><w> नहीं </w><w> की </w><w> थी। </w></p><p><w> तिहाड़ </w><w> में </w><w> की </w><w> जाएगी </w><w> तैयारी </w></p><p><w> मालूम </w><w> हो </w><w> कि </w><w> तिहाड़ </w><w> जेल </w><w> में </w><w> काफी </w><w> अर्से </w><w> बाद </w><w> किसी </w><w> अभियुक्त </w><w> को </w><w> फांसी </w><w> दी </w><w> जाएगी। </w><w> इसके </w><w> लिए </w><w> तिहाड़ </w><w> प्रशासन </w><w> को </w><w> काफी </w><w> तैयारियां </w><w> करनी </w><w> पड़ेंगी। </w><w> क्योंकि </w><w> मामला </w><w> आतंकी </w><w> से </w><w> जुड़ा </w><w> है </w><w> इसलिए </w><w> दिल्ली </w><w> की </w><w> सुरक्षा </w><w> व्यवस्था </w><w> मुस्तैद </w><w> करनी </w><w> पड़ेगी। </w><w> इसके </w><w> साथ </w><w> ही </w><w> जेल </w><w> प्रशासन </w><w> को </w><w> भी </w><w> अपनी </w><w> सुरक्षा </w><w> व्यवस्था </w><w> काफी </w><w> पड़ी </w><w> करनी </w><w> होगी। </w></p><p><w> छह </w><w> पुलिसकर्मी </w><w> शहीद </w><w> हुए </w><w> थे </w></p><p><w> गौरतलब </w><w> है </w><w> कि </w><place-arg id="5"><link event_arg="4" id="12" type_rel="EVENT_ARG"/><w> संसद </w></place-arg><w> पर </w><man_made_event id="4" type="TERRORIST_ATTACK"><event-coref-link event_id="0" id="14" type_rel="EVENT_COREF"></event-coref-link><w> हमले </w></man_made_event><w> के </w><w> दौरान </w><w> आतंकियों </w><w> को </w><w> मार </w><w> गिराने </w><w> के </w><w> लिए </w><w> पुलिस </w><w> और </w><w> आतंकियों </w><w> के </w><w> बीच </w><w> करीब </w><w> १ </w><w> घंटे </w><w> तक </w><w> गोलीबारी </w><w> हुई </w><w> जिसमें </w><w> पुलिस </w><w> के </w><w> जवानों </w><w> ने </w><w> ४ </w><w> आतंकियों </w><w> को </w><w> मार </w><w> गिराया। </w><w> इस </w><w> गोलीबारी </w><w> में </w><w> ६ </w><w> पुलिसकर्मी </w><w> भी </w><w> शहीद </w><w> हो </w><w> गए </w><w> थे। </w><w> गोलाबारी </w><w> में </w><w> एक </w><w> बागवान </w><w> भी </w><w> मारा </w><w> गया </w><w> था। </w><w> इस </w><man_made_event id="6" type="TERRORIST_ATTACK"><event-coref-link event_id="0" id="16" type_rel="EVENT_COREF"></event-coref-link><w> आतंकी </w><w> हमले </w></man_made_event><w> में </w><w> कुल </w><w> मिलाकर </w><w> १२ </w><w> लोग </w><w> मारे </w><w> गए </w><w> थे </w><w> और </w><w> २२ </w><w> घायल </w><w> हो </w><w> गए </w><w> थे। </w><w> जिस </w><w> समय </w><place-arg id="8"><link event_arg="7" id="13" type_rel="EVENT_ARG"/><w> संसद </w></place-arg><w> पर </w><man_made_event id="7" type="TERRORIST_ATTACK"><event-coref-link event_id="0" id="15" type_rel="EVENT_COREF"></event-coref-link><w> हमला </w></man_made_event><w> हुआ </w><w> उस </w><w> समय </w><w> संसद </w><w> के </w><w> अंदर </w><w> करीब </w><w> १०० </w><w> सांसद </w><w> उपस्थित </w><w> थे </w><w> लेकिन </w><w> किसी </w><w> भी </w><w> सांसद </w><w> को </w><w> चोट </w><w> नहीं </w><w> पहंची। </w></p><p><w> शौकत </w><w> की </w><w> नी </w><w> और </w><w> गिलानी </w><w> बरी </w></p><p><w> इस </w><w> हमले </w><w> में </w><w> ३ </w><w> लोगों </w><w> को </w><w> मुख्य </w><w> आरोपी </w><w> बनाया </w><w> गया </w><w> था। </w><w> आरोपी </w><w> थे </w><w> कशमीरी </w><w> आतंकी </w><w> मौहम्मद </w><w> अफजल, </w><w> शौकत </w><w> हुसैन </w><w> गुरू </w><w> और </w><w> प्रोफे </w><w> सर </w><w> गिलानी। </w><w> इन </w><w> तीनों </w><w> लोगों </w><w> को </w><w> दिसंबर </w><w> २००२ </w><w> में </w><w> फांसी </w><w> की </w><w> सजा </w><w> सुनाई </w><w> गई </w><w> थी। </w><w> बाद </w><w> में </w><w> प्रोफेसर </w><w> गिलानी </w><w> और </w><w> शौकत </w><w> की </w><w> नी </w><w> को </w><w> बरी </w><w> कर </w><w> दिया </w><w> गया </w><w> और </w><w> शौकत </w><w> की </w><w> फांसी </w><w> की </w><w> सजा </w><w> को </w><w> बदलकर </w><w> १० </w><w> वर्ष </w><w> की </w><w> सजा </w><w> में </w><w> तबदील </w><w> कर </w><w> दिया। </w></p></document>