<?xml version="1.0" encoding="UTF-8"?>
<document><p><w> fullnews_id_4346662_date_8_8_2006.utf8 </w></p><p><w> संसद </w><w> कांड </w><w> पर </w><w> सुनवाई </w><w> ५ </w><w> अक्तूबर </w><w> से </w></p><p><w> नई </w><w> दिल्ली। </w></p><p><w> सुप्रीम </w><w> कोर्ट </w><w> ने </w><time-arg id="2"><link event_arg="0" id="7" type_rel="EVENT_ARG"/><w> २००१ </w></time-arg><w> में </w><w> हुए </w><place-arg id="1"><link event_arg="0" id="6" type_rel="EVENT_ARG"/><w> संसद </w></place-arg><w> पर </w><man_made_event id="0" type="TERRORIST_ATTACK"><w> आतंकी </w><w> हमले </w></man_made_event><w> के </w><w> मामले </w><w> की </w><w> पांच </w><w> अक्तूबर </w><w> से </w><w> नियमित </w><w> सुनवाई </w><w> का </w><w> फैसला </w><w> किया </w><w> है। </w><time-arg id="4"><link event_arg="3" id="8" type_rel="EVENT_ARG"/><w> १३ </w><w> दिसंबर </w><w> २००१ </w></time-arg><w> को </w><place-arg id="5"><link event_arg="3" id="9" type_rel="EVENT_ARG"/><w> संसद </w><w> भवन </w></place-arg><w> पर </w><w> हुए </w><man_made_event id="3" type="TERRORIST_ATTACK"><event-coref-link event_id="0" id="10" type_rel="EVENT_COREF"></event-coref-link><w> आतंकी </w><w> हमले </w></man_made_event><w> में </w><w> दो </w><w> अभियुक्तों </w><w> शौकत </w><w> हुसैन </w><w> और </w><w> मोहम्मद </w><w> अफजल </w><w> को </w><w> दिल्ली </w><w> हाई </w><w> कोर्ट </w><w> द्वारा </w><w> फांसी </w><w> की </w><w> सजा </w><w> सुनाई </w><w> जा </w><w> चुकी </w><w> है </w><w> जबकि </w><w> दो </w><w> अफसान </w><w> गुरु </w><w> और </w><w> प्रो. </w><w> अब्दुल </w><w> रहमान </w><w> गिलानी </w><w> को </w><w> फांसी </w><w> की </w><w> सजा </w><w> से </w><w> निजात </w><w> मिल </w><w> चुकी </w><w> है। </w><w> इसके </w><w> पशचात </w><w> शौकत </w><w> और </w><w> अफजल </w><w> ने </w><w> भी </w><w> सुप्रीम </w><w> कोर्ट </w><w> में </w><w> याचिका </w><w> दायर </w><w> करके </w><w> फांसी </w><w> की </w><w> सजा </w><w> के </w><w> खिलाफ </w><w> अपील </w><w> की। </w><w> जबकि </w><w> दिल्ली </w><w> पुलिस </w><w> भी </w><w> अफसान </w><w> और </w><w> गिलानी </w><w> की </w><w> रिहाई </w><w> के </w><w> खिलाफ </w><w> सुप्रीम </w><w> कोर्ट </w><w> का </w><w> दरवाजा </w><w> खटखटा </w><w> चुकी </w><w> है। </w></p></document>