<?xml version="1.0" encoding="UTF-8"?>
<document><p><w> fullnews_id_4530954_date_4_12_2006.utf8 </w></p><p><w> मिग-२७ </w><w> का </w><w> मलबा </w><w> मिला, </w><w> पायलट </w><w> का </w><w> पता </w><w> नहीं </w></p><p><w> प्रे </w></p><p><w> नई </w><w> दिल्ली। </w></p><p><w> पशिचम </w><w> बंगाल </w><w> के </w><w> हाशिमारा </w><w> एयरबेस </w><w> से </w><w> गत </w><time-arg id="1"><link event_arg="0" id="4" type_rel="EVENT_ARG"/><w> १९ </w><w> मई </w></time-arg><w> को </w><w> उड़ान </w><w> भरने </w><w> के </w><w> बाद </w><w> लापता </w><w> मिग-२७ </w><w> युद्धक </w><man_made_event id="0" type="AVIATION_HAZARD"><w> विमान </w><w> का </w><w> मलबा </w></man_made_event><w> शुक्रवार </w><w> को </w><place-arg id="3"><link event_arg="0" id="5" type_rel="EVENT_ARG"/><w> बागडोगरा </w><w> एयरबेस </w></place-arg><w> से </w><w> १८ </w><w> किलोमीटर </w><w> दूर </w><w> मिला। </w><w> हालांकि </w><w> विमान </w><w> के </w><w> पायलट </w><w> का </w><w> अभी </w><w> तक </w><w> को </w><w> पता </w><w> नहीं </w><w> चला </w><w> है।वायुसेना </w><w> के </w><w> सूत्रों </w><w> के </w><w> अनुसार </w><w> हेलीकॅप्टर </w><w> ने </w><w> इस </w><w> मलबे </w><w> का </w><w> पता </w><w> लगाया </w><w> है। </w><w> लेकिन </w><w> मिग-२७ </w><w> के </w><w> पायलट </w><w> स्कवाड्रन </w><w> लीडर </w><w> वी. </w><w> सिन्हा </w><w> का </w><w> अभी </w><w> तक </w><w> कुछ </w><w> पता </w><w> नहीं </w><w> चला </w><w> है। </w><w> हेलीकॅप्टर </w><w> के </w><w> खोजी </w><w> अभियान </w><w> के </w><w> दौरान </w><w> यह </w><w> मलबा </w><w> भारत-भूटान </w><w> सीमा </w><w> पर </w><w> स्थित </w><w> घने </w><w> जंगलों </w><w> में </w><w> मिला </w><w> है। </w><w> सूत्रों </w><w> ने </w><w> बताया </w><w> कि </w><w> पायलट </w><w> का </w><w> पता </w><w> लगाने </w><w> और </w><w> घटनास्थल </w><w> तक </w><w> पहुंचने </w><w> के </w><w> लिए </w><w> एक </w><w> खोजी </w><w> दल </w><w> भेजा </w><w> गया </w><w> है </w><w> जो </w><w> जमीन </w><w> के </w><w> रास्ते </w><w> जाएगा। </w></p><p><w> कल </w><w> एक </w><w> जलपाईगुड़ी </w><w> पुलिस </w><w> स्टेशन </w><w> में </w><w> एक </w><w> भूटानी </w><w> नागरिक </w><w> के </w><w> भूटान </w><w> के </w><w> सामची </w><w> क्षेत्र </w><w> में </w><w> विमान </w><w> का </w><w> मलबा </w><w> देखने </w><w> की </w><w> रिपोर्ट </w><w> करने </w><w> के </w><w> बाद </w><w> एक </w><w> सघन </w><w> खोजी </w><w> अभियान </w><w> छेड़ा </w><w> गया </w><w> था। </w><w> हालांकि </w><w> कल </w><w> कुछ </w><w> नहीं </w><w> मिला </w><w> और </w><w> खराब </w><w> मौसम </w><w> के </w><w> कारण </w><w> अभियान </w><w> बीच </w><w> में </w><w> ही </w><w> रोक </w><w> दिया </w><w> गया। </w><w> फिर </w><w> आज </w><w> सुबह </w><w> शुरू </w><w> हुए </w><w> अभियान </w><w> में </w><w> बागडोगरा </w><w> के </w><w> पास </w><w> मलबा </w><w> मिल </w><w> गया। </w></p></document>