<?xml version="1.0" encoding="UTF-8"?>
<document><p><w> fullnews_id_4593238_date_14_1_2007.utf8 </w></p><p><w> शहीदों </w><w> के </w><w> परिजनों </w><w> ने </w><w> तमगे </w><w> लौटाए </w></p><p><w> हमले </w><w> के </w><w> दोषी </w><w> अफजल </w><w> को </w><w> माफी </w><w> के </w><w> प्रस्ताव </w><w> से </w><w> नाराजगी </w></p><p><w> नई </w><w> दिल्ली। </w></p><p><place-arg id="2"><link event_arg="0" id="16" type_rel="EVENT_ARG"/><w> संसद </w></place-arg><w> पर </w><w> वर्ष </w><time-arg id="1"><link event_arg="0" id="15" type_rel="EVENT_ARG"/><w> २००१ </w></time-arg><w> में </w><w> हुए </w><man_made_event id="0" type="TERRORIST_ATTACK"><w> हमले </w></man_made_event><w> में </w><w> शहीद </w><w> हुए </w><w> सुरक्षा </w><w> कर्मियों </w><w> के </w><w> परिजनों </w><w> ने </w><w> बुधवार </w><w> को </w><man_made_event id="3" type="TERRORIST_ATTACK"><event-coref-link event_id="0" id="22" type_rel="EVENT_COREF"></event-coref-link><w> हमले </w></man_made_event><w> के </w><w> दोषी </w><w> मोहम्मद </w><w> अफजल </w><w> को </w><w> फांसी </w><w> दिए </w><w> जाने </w><w> की </w><w> मांग </w><w> की। </w><w> फांसी </w><w> देने </w><w> में </w><w> देरी </w><w> और </w><w> माफी </w><w> के </w><w> प्रस्ताव </w><w> से </w><w> नाराज </w><w> इन </w><w> परिजनों </w><w> ने </w><w> आज </w><w> राष्ट्रपति </w><w> भवन </w><w> जाकर </w><w> शहीदों </w><w> के </w><w> सम्मान </w><w> में </w><w> दिए </w><w> गए </w><w> वीरता </w><w> पदक </w><w> विरोध </w><w> स्वरूप </w><w> लौटा </w><w> दिए। </w><w> पदक </w><w> लौटाने </w><w> का </w><w> यह </w><w> मामला </w><w> शिवसेना-भाजपा </w><w> ने </w><w> संसद </w><w> के </w><w> अंदर </w><w> भी </w><w> उठाया </w><w> और </w><w> शहीदों </w><w> को </w><w> उचित </w><w> सम्मान </w><w> नहीं </w><w> मिलने </w><w> पर </w><w> दोनों </w><w> सदनों </w><w> वाकआउट </w><w> किया। </w></p><p><w> राष्ट्रपति </w><w> भवन </w><w> पहुंचीं </w><w> विधवाएं </w><w> और </w><w> बच्चे </w></p><p><w> इससे </w><w> पहले, </w><w> लोकसभा </w><w> में </w><w> सभी </w><w> सांसदों </w><w> के </w><w> साथ </w><w> स्पीकर </w><w> सोमनाथ </w><w> चटर्जी </w><w> ने </w><w> संसद </w><w> के </w><man_made_event id="4" type="TERRORIST_ATTACK"><event-coref-link event_id="0" id="23" type_rel="EVENT_COREF"></event-coref-link><w> हमले </w></man_made_event><w> में </w><w> शहीद </w><w> हुए </w><w> सुरक्षा </w><w> कर्मियों </w><w> को </w><w> याद </w><w> कर </w><w> कहा </w><w> कि </w><w> देश </w><w> की </w><w> एकता, </w><w> अखंडता </w><w> और </w><w> संप्रभुता </w><w> के </w><w> लिए </w><w> हमें </w><w> नए </w><w> सिरे </w><w> से </w><w> जुटने </w><w> की </w><w> जरूरत </w><w> है। </w><w> उप-राष्ट्रपति </w><w> भैरों </w><w> सिंह </w><w> शेखावत </w><w> के </w><w> नेतृत्व </w><w> में </w><w> सांसदों </w><w> ने </w><w> २००१ </w><w> में </w><w> आज </w><w> ही </w><w> के </w><w> दिन </w><w> पाक </w><w> प्रशिक्षित </w><w> पांच </w><w> आतंकियों </w><w> के </w><man_made_event id="5" type="TERRORIST_ATTACK"><event-coref-link event_id="0" id="24" type_rel="EVENT_COREF"></event-coref-link><w> हमले </w></man_made_event><w> की </w><w> पांचवीं </w><w> वर्षगांठ </w><w> पर </w><w> शहीदों </w><w> को </w><w> श्रद्धांजलि </w><w> दी। </w><w> इस </w><w> श्रद्धांजलि </w><w> सभा </w><w> में </w><w> उपस्थित </w><w> आठ </w><w> सुरक्षा </w><w> कर्मियों </w><w> की </w><w> विधवाओं </w><w> और </w><w> बच्चों </w><w> की </w><w> मौजूदगी </w><w> में </w><w> संसद </w><w> भवन </w><w> में </w><w> शहीदों </w><w> को </w><w> श्रद्धांजलि </w><w> दी </w><w> गई। </w><w> इसके </w><w> बाद </w><w> यह </w><w> परिजन </w><w> सीधे </w><w> राष्ट्रपति </w><w> भवन </w><w> गए </w><w> और </w><w> उनके </w><w> संबंधियों </w><w> को </w><w> दिए </w><w> गए </w><w> मैडल </w><w> वापस </w><w> लौटा </w><w> दिए। </w></p><p><place-arg id="11"><link event_arg="6" id="17" type_rel="EVENT_ARG"/><w> रसंसद </w></place-arg><w> पर </w><man_made_event id="6" type="TERRORIST_ATTACK"><event-coref-link event_id="0" id="25" type_rel="EVENT_COREF"></event-coref-link><w> हमले </w></man_made_event><w> के </w><w> पांच </w><w> साल </w><w> पूरे </w><w> होने </w><w> पर </w><w> ऑल </w><w> इंडिया </w><w> एंटी-टेरेरिस्ट </w><w> फ्रंट </w><w> (एआईएटीएफ) </w><w> प्रमुख </w><w> एमएस </w><w> बिट्टा </w><w> आज </w><w> संसद </w><w> हमले </w><w> के </w><w> शहीदों </w><w> के </w><w> परिजनों </w><w> के </w><w> साथ </w><w> राष्ट्रपति </w><w> से </w><w> मिलने </w><w> राष्ट्रपति </w><w> भवन </w><w> पहुंचे। </w><w> परिजनों </w><w> और </w><w> बिट्टा </w><w> ने </w><w> केंद्रीय </w><w> गृह </w><w> मंत्री </w><w> शिवराज </w><w> पाटिल </w><w> के </w><w> उस </w><w> बयान </w><w> पर </w><w> भी </w><w> अफसोस </w><w> जाहिर </w><w> किया </w><w> जिसमें </w><w> उन्होंने </w><w> कहा </w><w> था </w><w> कि </w><w> अफजल </w><w> मामले </w><w> में </w><w> उन्हें </w><w> भाजपा </w><w> ने </w><w> भड़काया </w><w> है। </w></p><p><w> अफजल </w><w> को </w><w> फांसी </w><w> तक </w><w> पदक </w><w> संग्रहालय </w><w> में </w><w> रखें </w></p><p><w> राष्ट्रपति </w><w> भवन </w><w> में </w><w> सब </w><w> इंस्पेक्टर </w><w> नानक </w><w> चंद </w><w> की </w><w> विधवा </w><w> गंगा </w><w> देवी </w><w> ने </w><w> कहा </w><w> कि </w><w> उन्होंने </w><w> अफजल </w><w> को </w><w> फांसी </w><w> दिए </w><w> जाने </w><w> का </w><w> आदेश </w><w> नहीं </w><w> दिया </w><w> है। </w><w> यह </w><w> आदेश </w><w> अदालत </w><w> ने </w><w> दिया </w><w> है। </w><w> लेकिन </w><w> उसकी </w><w> मौत </w><w> की </w><w> सजा </w><w> को </w><w> लेकर </w><w> घटिया </w><w> राजनीति </w><w> के </w><w> चलते </w><w> सजा </w><w> में </w><w> देरी </w><w> की </w><w> जा </w><w> रही </w><w> है। </w><w> इस </w><w> कारण </w><w> ही </w><w> वह </w><w> इन </w><w> वीरता </w><w> पदकों </w><w> को </w><w> लौटाने </w><w> को </w><w> मजबूर </w><w> हुई </w><w> हैं। </w><w> शहीद </w><w> सुरक्षा </w><w> कर्मियों </w><w> के </w><w> बेहद </w><w> खफा </w><w> परिजनों </w><w> ने </w><w> राष्ट्रपति </w><w> भवन </w><w> में </w><w> सुरक्षा </w><w> कर्मियों </w><w> को </w><w> यह </w><w> कह </w><w> कर </w><w> पदक </w><w> लौटा </w><w> दिए </w><w> कि </w><w> जब </w><w> तक </w><w> इस </w><w> मामले </w><w> में </w><w> दोषी </w><w> करार </w><w> दिए </w><w> गए </w><w> अफजल </w><w> को </w><w> फांसी </w><w> नहीं </w><w> हो </w><w> जाती </w><w> इसे </w><w> राष्ट्रीय </w><w> संग्रहालय </w><w> में </w><w> रखा </w><w> जाना </w><w> चाहिए। </w><w> हेड </w><w> कांस्टेबल </w><w> विजेंद्र </w><w> सिंह </w><w> की </w><w> विधवा </w><w> जयवंती </w><w> ने </w><w> राष्ट्रपति </w><w> भवन </w><w> के </w><w> एक </w><w> निदेशक </w><w> को </w><w> देते </w><w> हुए </w><w> कहा </w><w> कि </w><w> जब </w><w> अफजल </w><w> को </w><w> फांसी </w><w> हो </w><w> जाएगी </w><w> वह </w><w> पदक </w><w> वापस </w><w> ले </w><w> लेंगी। </w></p><p><w> पाटिल </w><w> के </w><w> बयान </w><w> की </w><w> भी </w><w> निंदा </w><w> की </w></p><p><w> इन </w><w> आहत </w><w> परिवारों </w><w> ने </w><w> गृह </w><w> मंत्री </w><w> शिवराज </w><w> पाटिल </w><w> के </w><w> बयान </w><w> की </w><w> भी </w><w> निंदा </w><w> की। </w><w> विजेंद्र </w><w> सिंह </w><w> के </w><w> ससुर </w><w> जगमाल </w><w> सिंह </w><w> ने </w><w> कहा </w><w> कि </w><w> पाटिल </w><w> की </w><w> बयानबाजी </w><w> से </w><w> वह </w><w> बहुत </w><w> आहत </w><w> हैं। </w><w> उन्होंने </w><w> कहा </w><w> कि </w><w> वह </w><w> किसी </w><w> राजनीतिक </w><w> मंच </w><w> से </w><w> आवाज </w><w> नहीं </w><w> उठाना </w><w> चाहेंगे। </w><w> भाजपा </w><w> की </w><w> योजना </w><w> के </w><w> सिलसिले </w><w> में </w><w> परिजनों </w><w> ने </w><w> कहा </w><w> कि </w><w> वह </w><w> किसी </w><w> भी </w><w> राजनीतिक </w><w> दल </w><w> से </w><w> सम्मान </w><w> स्वीकार </w><w> नहीं </w><w> करेंगे। </w><w> अफजल </w><w> की </w><w> माफी </w><w> की </w><w> याचिका </w><w> राष्ट्रपति </w><w> एपीजे </w><w> अब्दुल </w><w> कलाम </w><w> के </w><w> पास </w><w> लंबित </w><w> होने </w><w> के </w><w> संबंध </w><w> में </w><w> उनको </w><w> संबोधित </w><w> संयुक्त </w><w> ज्ञापन </w><w> में </w><w> कहा </w><w> कि </w><w> माफी </w><w> देना </w><w> बहादुर </w><w> जवानों </w><w> और </w><w> देशभक्त </w><w> नागरिकों </w><w> का </w><w> मजाक </w><w> उड़ाना </w><w> होगा </w><w> जो </w><w> देश </w><w> के </w><w> प्रति </w><w> अपना </w><w> कर्तव्य </w><w> निभाते </w><w> हुए </w><w> अपनी </w><w> जान </w><w> दे </w><w> देते </w><w> हैं। </w><w> फांसी </w><w> में </w><w> देरी </w><w> से </w><w> उन्हें </w><w> इन </w><w> पदकों </w><w> के </w><w> अपमान </w><w> का </w><w> अहसास </w><w> हो </w><w> रहा </w><w> है। </w><w> इसलिए </w><w> उन्होंने </w><w> यह </w><w> पदक </w><w> सरकार </w><w> को </w><w> लौटाने </w><w> का </w><w> फैसला </w><w> किया </w><w> है। </w></p><p><w> उल्लेखनीय </w><w> है </w><w> कि </w><time-arg id="10"><link event_arg="7" id="18" type_rel="EVENT_ARG"/><w> १३ </w><w> दिसंबर, </w><w> २००१ </w></time-arg><w> को </w><place-arg id="12"><link event_arg="7" id="19" type_rel="EVENT_ARG"/><w> संसद </w></place-arg><w> पर </w><man_made_event id="7" type="TERRORIST_ATTACK"><event-coref-link event_id="0" id="26" type_rel="EVENT_COREF"></event-coref-link><w> आतंकी </w><w> हमले </w></man_made_event><w> के </w><w> दौरान </w><w> नौ </w><w> सुरक्षा </w><w> कर्मी </w><w> शहीद </w><w> हुए </w><w> थे। </w><w> बड़ी </w><w> बहादुरी </w><w> से </w><w> आतंकियों </w><w> के </w><man_made_event id="8" type="TERRORIST_ATTACK"><event-coref-link event_id="0" id="27" type_rel="EVENT_COREF"></event-coref-link><w> हमले </w></man_made_event><w> को </w><w> नाकाम </w><w> करते </w><w> हुए </w><w> सुरक्षा </w><w> बलों </w><w> ने </w><w> दो </w><w> आतंकियों </w><w> को </w><w> मार </w><w> गिराया </w><w> था। </w></p><p><w> पदक </w><w> लौटाना </w><w> सरकार </w><w> के </w><w> मुंह </w><w> पर </w><w> तमाचा </w></p><p><w> नई </w><w> दिल्ली। </w><place-arg id="14"><link event_arg="13" id="20" type_rel="EVENT_ARG"/><w> संसद </w></place-arg><w> पर </w><man_made_event id="13" type="TERRORIST_ATTACK"><event-coref-link event_id="0" id="28" type_rel="EVENT_COREF"></event-coref-link><w> हमले </w></man_made_event><w> के </w><w> शहीदों </w><w> के </w><w> परिजनों </w><w> के </w><w> पदक </w><w> लौटाने </w><w> की </w><w> घटना </w><w> को </w><w> भाजपा </w><w> ने </w><w> सरकार </w><w> के </w><w> मुंह </w><w> पर </w><w> तमाचा </w><w> करार </w><w> दिया </w><w> है। </w><w> भाजपा </w><w> संसदीय </w><w> दल </w><w> के </w><w> प्रवक्ता </w><w> विजय </w><w> कुमार </w><w> मलहोत्रा </w><w> ने </w><w> कहा </w><w> कि </w><w> सरकार </w><w> के </w><w> लिए </w><w> यह </w><w> शर्मनाक </w><w> है। </w><w> उन्होंने </w><w> कहा </w><w> कि </w><w> आज </w><w> जब </w><w> पूरा </w><w> देश </w><man_made_event id="9" type="TERRORIST_ATTACK"><event-coref-link event_id="0" id="21" type_rel="EVENT_COREF"></event-coref-link><w> संसद </w><w> हमले </w></man_made_event><w> में </w><w> शहीदों </w><w> के </w><w> सम्मान </w><w> में </w><w> श्रद्धांजलि </w><w> अर्पित </w><w> कर </w><w> रही </w><w> है </w><w> ऐसे </w><w> में </w><w> शहीदों </w><w> के </w><w> परिजनों </w><w> का </w><w> पदक </w><w> लौटाना </w><w> गंभीर </w><w> मामला </w><w> है। </w><w> यह </w><w> परिजनों </w><w> के </w><w> आहत </w><w> भावना </w><w> का </w><w> परिचायक </w><w> है। </w><w> अफजल </w><w> को </w><w> अभी </w><w> तक </w><w> फांसी </w><w> नहीं </w><w> मिलने </w><w> से </w><w> परिजनों </w><w> में </w><w> निराशा </w><w> है </w><w> और </w><w> उन्होंने </w><w> इसी </w><w> कारण </w><w> पदक </w><w> लौटाए </w><w> हैं। </w><w> मलहोत्रा </w><w> ने </w><w> कहा </w><w> कि </w><w> सरकार </w><w> की </w><w> आतंकवादियों </w><w> के </w><w> सामने </w><w> घुटना-टेक </w><w> नीति </w><w> के </w><w> खिलाफ </w><w> किसी </w><w> ने </w><w> इतनी </w><w> तीखी </w><w> प्रतिक्रिया </w><w> व्यक्त </w><w> नहीं </w><w> की </w><w> है </w><w> जितनी </w><w> शहीदों </w><w> के </w><w> परिजनों </w><w> ने </w><w> की </w><w> है। </w></p></document>