<?xml version="1.0" encoding="UTF-8"?>
<document><p><w> fullnews_id_4797902.utf8 </w></p><p><w> अफजल </w><w> ने </w><w> राष्ट्रपति </w><w> से </w><w> अपील </w><w> की </w></p><p><w> नई </w><w> दिल्ली। </w></p><p><place-arg id="2"><link event_arg="0" id="4" type_rel="EVENT_ARG"/><w> संसद </w></place-arg><w> पर </w><time-arg id="1"><link event_arg="0" id="3" type_rel="EVENT_ARG"/><w> २००१ </w></time-arg><w> में </w><w> हुए </w><man_made_event id="0" type="TERRORIST_ATTACK"><w> आतंकवादी </w><w> हमले </w></man_made_event><w> में </w><w> फांसी </w><w> की </w><w> सजा </w><w> पाए </w><w> मोहम्मद </w><w> अफजल </w><w> गुरू </w><w> ने </w><w> राष्ट्रपति </w><w> एपीजे </w><w> अब्दुल </w><w> कलाम </w><w> के </w><w> समक्ष </w><w> याचिका </w><w> दायर </w><w> कर </w><w> दया </w><w> की </w><w> अपील </w><w> की </w><w> है। </w><w> १०२ </w><w> पृष्ठ </w><w> की </w><w> अपनी </w><w> याचिका </w><w> में </w><w> अफजल </w><w> गुरू </w><w> ने </w><w> दलील </w><w> दी </w><w> है </w><w> कि </w><w> अदालत </w><w> में </w><w> निष्पक्ष </w><w> सुनवाई </w><w> नहीं </w><w> हुई </w><w> है। </w><w> सजा </w><w> ए </w><w> मौत </w><w> माफ </w><w> किए </w><w> जाने </w><w> के </w><w> तलबगार </w><w> गुरू </w><w> ने </w><w> पाकिस्तान </w><w> पर </w><w> अपनी </w><w> राजनीतिक </w><w> रोटियों </w><w> के </w><w> लिए </w><w> भारतीय </w><w> युवाओं </w><w> को </w><w> अपना </w><w> गुलाम </w><w> बनाकर </w><w> इस्तेमाल </w><w> करने </w><w> का </w><w> भी </w><w> आरोप </w><w> लगाया </w><w> है। </w></p><p><w> याचिका </w><w> तिहाड़ </w><w> जेल </w><w> के </w><w> प्रशासन </w><w> को </w><w> सौंपी </w></p><p><w> मोहम्मद </w><w> अफजल </w><w> गुरू </w><w> ने </w><w> बुधवार </w><w> को </w><w> देर </w><w> रात </w><w> अपनी </w><w> फांसी </w><w> की </w><w> सजा </w><w> माफ </w><w> करने </w><w> की </w><w> लंबी-चौड़ी </w><w> याचिका </w><w> तिहाड़ </w><w> जेल </w><w> के </w><w> प्रशासन </w><w> को </w><w> सौंपी। </w><w> तिहाड़ </w><w> जेल </w><w> में </w><w> बंद </w><w> गुरू </w><w> की </w><w> इस </w><w> याचिका </w><w> को </w><w> जेल </w><w> प्रशासन </w><w> राष्ट्रपति </w><w> एपीजे </w><w> अब्दुल </w><w> कलाम </w><w> को </w><w> भेजेगा। </w><w> याचिका </w><w> में </w><w> अफजल </w><w> गुरू </w><w> ने </w><w> कहा </w><w> है </w><w> कि </w><w> उसके </w><w> मुताबिक </w><w> अदालत </w><w> में </w><w> एक </w><w> पल </w><w> के </w><w> लिए </w><w> भी </w><w> निष्पक्ष </w><w> सुनवाई </w><w> नहीं </w><w> हुई </w><w> और </w><w> वह </w><w> राष्ट्रपति </w><w> को </w><w> अदालत </w><w> के </w><w> रिकार्ड </w><w> से </w><w> तथ्य </w><w> मुहैया </w><w> कराएगा। </w></p><p><w> जेकेएलएफ </w><w> के </w><w> पूर्व </w><w> आतंकी </w><w> ने </w><w> न्याय </w><w> मिलने </w><w> की </w><w> उम्मीद </w><w> छूटने </w><w> के </w><w> आधार </w><w> पर </w><w> दया </w><w> की </w><w> अपील </w><w> करने </w><w> से </w><w> अब </w><w> तक </w><w> इंकार </w><w> किया </w><w> था। </w><w> लेकिन </w><w> उसके </w><w> परिजनों </w><w> ने </w><w> राष्ट्रपति </w><w> से </w><w> मुलाकात </w><w> करके </w><w> दया </w><w> की </w><w> अपील </w><w> की </w><w> थी। </w><w> उसने </w><w> आरोप </w><w> लगाया </w><w> कि </w><w> स्पेशल </w><w> टास्क </w><w> फोर्स </w><w> के </w><w> भ्रष्ट </w><w> अधिकारियों </w><w> ने </w><w> उसे </w><w> फंसा </w><w> दिया </w><w> है। </w><w> उसे </w><w> गिरफ्तार </w><w> करने </w><w> की </w><w> तारीख, </w><w> दिन </w><w> और </w><w> जगह </w><w> गलत </w><w> दिखाई </w><w> गई </w><w> है। </w><w> उसे </w><w> श्रीनगर </w><w> के </w><w> बटमालु </w><w> बस </w><w> स्टाप </w><w> से </w><w> अकेले </w><w> ही </w><w> पुलिस </w><w> ने </w><w> गिरफ्तार </w><w> किया </w><w> था। </w><w> जबकि </w><w> पुलिस </w><w> रिकार्ड </w><w> के </w><w> मुताबिक </w><w> उसे </w><w> १५ </w><w> दिसंबर </w><w> २००१ </w><w> को </w><w> श्रीनगर </w><w> में </w><w> ट्रक </w><w> से </w><w> गिरफ्तार </w><w> किया </w><w> गया </w><w> जिसे </w><w> शौकत </w><w> हुसैन </w><w> (इस </w><w> मामले </w><w> का </w><w> तीसरा </w><w> अभियुक्त </w><w> जिसे </w><w> उम्र </w><w> कैद </w><w> की </w><w> सजा </w><w> सुनाई </w><w> गई </w><w> है) </w><w> चला </w><w> रहा </w><w> था। </w><w> उसने </w><w> कहा </w><w> कि </w><w> जिस </w><w> सहृदयता </w><w> से </w><w> राष्ट्रपति </w><w> उसकी </w><w> नी </w><w> और </w><w> बच्चों </w><w> से </w><w> मिले </w><w> उसे </w><w> न्याय </w><w> मिलनी </w><w> की </w><w> आस </w><w> बंधी </w><w> है। </w></p></document>