<?xml version="1.0" encoding="UTF-8"?>
<document><p><w> fullnews_id_4823697.utf8 </w></p><p><w> &amp;aposअफजल </w><w> मामले </w><w> पर </w><w> कांग्रेस </w><w> रुख </w><w> साफ </w><w> करे&amp;apos </w></p><p><w> नई </w><w> दिल्ली। </w></p><p><w> कशमीरी </w><w> पंड़ितों </w><w> के </w><w> संगठन </w><w> &amp;aposकशमीर </w><w> समिति&amp;apos </w><w> ने </w><w> मांग </w><w> की </w><w> है </w><w> कि </w><w> संसद </w><w> हमले </w><w> के </w><w> आरोपी </w><w> मोहम्मद </w><w> अफजल </w><w> के </w><w> मामले </w><w> पर </w><w> कांग्रेस </w><w> अपना </w><w> रुख </w><w> साफ </w><w> करे। </w><w> संगठन </w><w> की </w><w> मांग </w><w> है </w><w> कि </w><w> केंद्रीय </w><w> सरकार </w><w> और </w><w> घाटी </w><w> की </w><w> राज्य </w><w> सरकार </w><w> को </w><w> इस </w><w> मामले </w><w> पर </w><w> अपना </w><w> पक्ष </w><w> पूरी </w><w> तरह </w><w> बताना </w><w> चाहिए। </w><w> संगठन </w><w> का </w><w> कहना </w><w> है </w><w> कि </w><man_made_event id="0" type="TERRORIST_ATTACK"><w> संसद </w><w> हमले </w></man_made_event><w> के </w><w> आरोपी </w><w> को </w><w> किसी </w><w> हाल </w><w> में </w><w> नहीं </w><w> बख्शा </w><w> जाना </w><w> चाहिए। </w><w> गौरतलब </w><w> है </w><w> कि </w><time-arg id="3"><link event_arg="1" id="5" type_rel="EVENT_ARG"/><w> १३, </w><w> दिसंबर </w><w> २००१ </w></time-arg><w> को </w><place-arg id="2"><link event_arg="1" id="4" type_rel="EVENT_ARG"/><w> संसद </w></place-arg><w> पर </w><w> हुए </w><man_made_event id="1" type="TERRORIST_ATTACK"><event-coref-link event_id="0" id="6" type_rel="EVENT_COREF"></event-coref-link><w> आतंकी </w><w> हमले </w></man_made_event><w> के </w><w> एकमात्र </w><w> आरोपी </w><w> मोहम्मद </w><w> अफजल </w><w> को </w><w> फांसी </w><w> की </w><w> सजा </w><w> सुनाई </w><w> गई </w><w> है। </w><w> अफजल </w><w> की </w><w> फांसी </w><w> की </w><w> सजा </w><w> को </w><w> कम </w><w> करने </w><w> की </w><w> मांग </w><w> हाल </w><w> ही </w><w> में </w><w> जम्मू-कशमीर </w><w> के </w><w> मुख्यमंत्री </w><w> गुलाम </w><w> नबी </w><w> आजाद </w><w> ने </w><w> की </w><w> थी </w><w> और </w><w> इस </w><w> मामले </w><w> में </w><w> प्रधानमंत्री </w><w> से </w><w> पहल </w><w> की </w><w> अपील </w><w> की </w><w> थी। </w></p></document>