<?xml version="1.0" encoding="UTF-8"?>
<document><p><w> fullnews_id_4882794.utf8 </w></p><p><w> अफजल </w><w> की </w><w> सजा </w><w> ए </w><w> मौत </w><w> बरकरार </w></p><p><w> जस्टिस </w><w> सभरवाल </w><w> का </w><w> आखिरी </w><w> फैसला </w></p><p><w> शौकत </w><w> की </w><w> दस </w><w> साल </w><w> कैद </w><w> की </w><w> सजा </w><w> बरकरार </w></p><p><w> नई </w><w> दिल्ली। </w></p><p><w> सुप्रीम </w><w> कोर्ट </w><w> ने </w><w> संसद </w><w> पर </w><man_made_event id="0" type="TERRORIST_ATTACK"><w> आतंकी </w><w> हमले </w></man_made_event><w> के </w><w> दोषी </w><w> मोहम्मद </w><w> अफजल </w><w> की </w><w> मौत </w><w> की </w><w> सजा </w><w> को </w><w> शुक्रवार </w><w> को </w><w> बरकरार </w><w> रखा। </w><w> सर्वोच्च </w><w> अदालत </w><w> ने </w><w> सजा </w><w> की </w><w> समीक्षा </w><w> करने </w><w> की </w><w> अफजल </w><w> की </w><w> उपचार </w><w> याचिका </w><w> को </w><w> खारिज </w><w> कर </w><w> दिया। </w><w> इसी </w><w> के </w><w> साथ </w><w> उसे </w><w> फांसी </w><w> पर </w><w> चढ़ाए </w><w> जाने </w><w> का </w><w> रास्ता </w><w> साफ </w><w> हो </w><w> गया </w><w> है। </w><w> इतना </w><w> ही </w><w> नहीं, </w><w> अदालत </w><w> ने </w><w> कोई </w><w> नरमी </w><w> न </w><w> दिखाते </w><w> हुए </w><w> इसी </w><w> मामले </w><w> की </w><w> अन्य </w><w> दोषी </w><w> शौकत </w><w> हुसैन </w><w> गुरु </w><w> की </w><w> याचिका </w><w> को </w><w> भी </w><w> खारिज </w><w> कर </w><w> दिया। </w><w> अब </w><w> गुरु </w><w> को </w><w> दस </w><w> साल </w><w> जेल </w><w> में </w><w> ही </w><w> काटने </w><w> होंगे। </w><w> मुख्य </w><w> न्यायाधीश </w><w> वाई.के. </w><w> सभरवाल </w><w> की </w><w> अध्यक्षता </w><w> में </w><w> आज </w><w> पांच </w><w> जजों </w><w> की </w><w> विशेष </w><w> पीठ </w><w> ने </w><w> देर </w><w> शाम </w><w> यह </w><w> फैसला </w><w> किया। </w></p><p><w> &amp;aposआफ्टर </w><w> थॅट&amp;apos </w><w> मानते </w><w> हुए </w><w> खारिज </w></p><p><w> मुख्य </w><w> न्यायाधीश </w><w> और </w><w> उनके </w><w> सहयोगी </w><w> जजों </w><w> ने </w><w> याचिका </w><w> किन </w><w> कारणों </w><w> से </w><w> खारिज </w><w> की </w><w> यह </w><w> पता </w><w> नहीं </w><w> लग </w><w> सका </w><w> क्योंकि </w><w> उपचार </w><w> याचिका </w><w> की </w><w> कार्यवाही </w><w> गोपनीय </w><w> रखी </w><w> जाती </w><w> है। </w><w> लेकिन </w><w> माना </w><w> जा </w><w> रहा </w><w> है </w><w> कि </w><w> कोर्ट </w><w> ने </w><w> उसकी </w><w> याचिका </w><w> में </w><w> कोई </w><w> ऐसा </w><w> ठोस </w><w> तर्कनहीं </w><w> पाया </w><w> जिसके </w><w> आधार </w><w> पर </w><w> उसकी </w><w> फांसी </w><w> के </w><w> आदेश </w><w> में </w><w> हस्तक्षेप </w><w> किया </w><w> जा </w><w> सके। </w><w> पीठ </w><w> ने </w><w> उसकी </w><w> याचिका </w><w> को </w><w> &amp;aposआफ्टर </w><w> थॅट&amp;apos </w><w> मानते </w><w> हुए </w><w> खारिज </w><w> कर </w><w> दिया। </w><w> पीठ </w><w> में </w><w> मनोनीत </w><w> मुख्य </w><w> न्यायाधीश </w><w> केजी </w><w> बालाकृष्णन, </w><w> बीएन </w><w> अग्रवाल </w><w> और </w><w> जीपी </w><w> माथुर </w><w> जैसे </w><w> वरिष्ठ </w><w> जज </w><w> शामिल </w><w> थे। </w><w> सभरवाल </w><w> का </w><w> सुप्रीम </w><w> कोर्ट </w><w> में </w><w> आज </w><w> आखिरी </w><w> दिन </w><w> था </w><w> इस </w><w> वजह </w><w> से </w><w> यह </w><w> फैसला </w><w> भी </w><w> उनका </w><w> आखिरी </w><w> फैसला </w><w> है। </w><w> १४ </w><w> जनवरी </w><w> को </w><w> उनकी </w><w> जगह </w><w> जस्टिस </w><w> बालाकृष्णन </w><w> मुख्य </w><w> न्यायाधीश </w><w> का </w><w> कार्यभार </w><w> संभालेंगे। </w></p><p><w> पैरवी </w><w> बहुत </w><w> लापरवाह </w><w> तरीकेसे </w><w> की </w><w> गई </w></p><p><w> याचिका </w><w> में </w><w> कशमीरी </w><w> आतंकी </w><w> अफजल </w><w> ने </w><w> कहा </w><w> था </w><w> कि </w><w> निचली </w><w> अदालत </w><w> में </w><w> सुनवाई </w><w> के </w><w> दौरान </w><w> उसकी </w><w> उचित </w><w> पैरवी </w><w> नहीं </w><w> हो </w><w> पाई </w><w> जिसके </w><w> कारण </w><w> उसे </w><w> न्याय </w><w> नहीं </w><w> मिल </w><w> पाया। </w><w> उसका </w><w> यह </w><w> भी </w><w> कहना </w><w> था </w><w> कि </w><w> सेशन </w><w> जज </w><w> एसएन </w><w> धींगरा </w><w> ने </w><w> उसके </w><w> लिए </w><w> जो </w><w> एमाइकस </w><w> क्यूरी </w><w> अधिवक्ता </w><w> नियुक्त </w><w> किया </w><w> था </w><w> वह </w><w> बहुत </w><w> ही </w><w> जूनियर </w><w> वकील </w><w> था। </w><w> दरअसल </w><w> वह </w><w> मामले </w><w> में </w><w> अफजल </w><w> की </w><w> पूर्व </w><w> वकील </w><w> रही </w><w> सीमा </w><w> गुलाटी </w><w> का </w><w> जूनियर </w><w> नीरज </w><w> बंसल </w><w> था। </w><w> बंसल </w><w> की </w><w> कानूनी </w><w> समझ </w><w> पर </w><w> संदेह </w><w> व्यक्त </w><w> करते </w><w> हुए </w><w> अफजल </w><w> ने </w><w> कहा </w><w> है </w><w> उसके </w><w> मामले </w><w> की </w><w> पैरवी </w><w> बहुत </w><w> लापरवाह </w><w> तरीकेसे </w><w> की </w><w> गई। </w><w> बंसल </w><w> को </w><w> यह </w><w> नहीं </w><w> पता </w><w> था </w><w> कि </w><w> केस </w><w> को </w><w> कैसे </w><w> पेश </w><w> किया </w><w> जाए। </w><w> इसके </w><w> अलावा </w><w> उसकी </w><w> पूर्व </w><w> अधिवक्ता </w><w> सीमा </w><w> गुलाटी </w><w> ने </w><w> कभी </w><w> उससे </w><w> कोई </w><w> निर्देश </w><w> नहीं </w><w> लिया </w><w> न </w><w> ही </w><w> उससे </w><w> कोई </w><w> सलाह </w><w> मशविरा </w><w> किया। </w><w> हालांकि </w><w> सेशन </w><w> कोर्ट </w><w> ने </w><w> बंसल </w><w> को </w><w> नियुक्त </w><w> करने </w><w> का </w><w> फैसला </w><w> तब </w><w> किया </w><w> जब </w><w> कशमीरी </w><w> मूल </w><w> के </w><w> अधिवक्ता </w><w> आरएम </w><w> तुफैल </w><w> और </w><w> आइयू </w><w> खान </w><w> सरीखे </w><w> पांच </w><w> वकीलों </w><w> ने </w><w> उसकी </w><w> पैरवी </w><w> करने </w><w> से </w><w> इनकार </w><w> कर </w><w> दिया। </w></p><p><w> अफजल </w><w> ने </w><w> याचिका </w><w> में </w><w> स्वयं </w><w> को </w><w> सुधारने </w><w> की </w><w> दुहाई </w><w> दी </w><w> थी। </w><w> उसने </w><w> कहा </w><w> कि </w><w> वह </w><w> एक </w><w> बार </w><w> पाकिस्तान </w><w> जरूर </w><w> गया </w><w> था </w><w> लेकिन </w><w> वहां </w><w> से </w><w> आने </w><w> के </w><w> बाद </w><w> जब </w><w> बीएसएफ </w><w> ने </w><w> उसे </w><w> पकड़ा </w><w> तो </w><w> उसका </w><w> मन </w><w> बदल </w><w> गया </w><w> और </w><w> उसने </w><w> किसी </w><w> भी </w><w> आतंकी </w><w> घटना </w><w> में </w><w> स्वयं </w><w> को </w><w> शामिल </w><w> नहीं </w><w> किया। </w><w> उसने </w><time-arg id="6"><link event_arg="4" id="8" type_rel="EVENT_ARG"/><w> २००१ </w></time-arg><w> में </w><place-arg id="5"><link event_arg="4" id="7" type_rel="EVENT_ARG"/><w> संसद </w></place-arg><w> पर </w><man_made_event id="4" type="TERRORIST_ATTACK"><event-coref-link event_id="0" id="11" type_rel="EVENT_COREF"></event-coref-link><w> हमले </w></man_made_event><w> की </w><w> वारदात </w><w> में </w><w> हाथ </w><w> होने </w><w> से </w><w> भी </w><w> इंकार </w><w> किया। </w><w> गौरतलब </w><w> है </w><w> कि </w><w> जैश-ए-मोहम्मद </w><w> का </w><w> आतंकी </w><w> अफजल </w><time-arg id="2"><link event_arg="1" id="9" type_rel="EVENT_ARG"/><w> १३ </w><w> दिसंबर </w><w> २००१ </w></time-arg><w> को </w><w> हुए </w><place-arg id="3"><link event_arg="1" id="10" type_rel="EVENT_ARG"/><w> संसद </w></place-arg><w> पर </w><man_made_event id="1" type="TERRORIST_ATTACK"><event-coref-link event_id="0" id="12" type_rel="EVENT_COREF"></event-coref-link><w> हमले </w></man_made_event><w> और </w><w> उसकी </w><w> साजिश </w><w> में </w><w> शामिल </w><w> था। </w><w> इस </w><w> आतंकी </w><w> हमले </w><w> में </w><w> पांच </w><w> आतंकियों </w><w> समेत </w><w> बारह </w><w> लोग </w><w> मारे </w><w> गए </w><w> थे। </w><w> २००२ </w><w> में </w><w> दिल्ली </w><w> की </w><w> अदालत </w><w> ने </w><w> अफजल </w><w> समेत </w><w> तीन </w><w> दोषियों </w><w> को </w><w> मौत </w><w> की </w><w> सजा </w><w> सुनाई </w><w> थी। </w></p></document>