<?xml version="1.0" encoding="UTF-8"?>
<document><p><w> fullnews_id_4944331.utf8 </w></p><p><w> अफजल </w><w> की </w><w> सजा </w><w> टली </w><w> तो </w><w> अशोक </w><w> चक्र </w><w> लौटा </w><w> देंगे </w></p><p><w> फर्रुखाबाद। </w></p><p><place-arg id="1"><link event_arg="0" id="5" type_rel="EVENT_ARG"/><w> संसद </w></place-arg><w> पर </w><w> हुए </w><man_made_event id="0" type="TERRORIST_ATTACK"><w> हमले </w></man_made_event><w> में </w><w> शहीद </w><w> हुई </w><w> केंद्रीय </w><w> सुरक्षा </w><w> बल </w><w> की </w><w> जवान </w><w> कमलेश </w><w> के </w><w> पिता </w><w> और </w><w> उसकी </w><w> पुत्रियां </w><w> हमले </w><w> के </w><w> अभियुक्त </w><w> अफजल </w><w> को </w><w> फांसी </w><w> दिए </w><w> जाने </w><w> के </w><w> हुक्म </w><w> से </w><w> काफी </w><w> खुश </w><w> हैं, </w><w> लेकिन </w><w> कई </w><w> जिम्मेदार </w><w> लोगों </w><w> की </w><w> ओर </w><w> से </w><w> महामहिम </w><w> राष्ट्रपति </w><w> से </w><w> फांसी </w><w> की </w><w> सजा </w><w> टाले </w><w> जाने </w><w> की </w><w> अपील </w><w> से </w><w> नाराज </w><w> भी </w><w> हैं। </w><w> पिता </w><w> राजाराम </w><w> ने </w><w> कहते </w><w> है </w><w> कि </w><w> सोचिए </w><w> आतंकवादी </w><w> अगर </w><w> संसद </w><w> के </w><w> अंदर </w><w> घुस </w><w> जाते </w><w> तो </w><w> देश </w><w> का </w><w> क्या </w><w> होता? </w><w> इसलिए </w><w> आतंकी </w><w> को </w><w> मौत </w><w> की </w><w> सजा </w><w> मिलनी </w><w> ही </w><w> चाहिए। </w><w> किसी </w><w> भी </w><w> कारण </w><w> से </w><w> उसकी </w><w> मौत </w><w> की </w><w> सजा </w><w> टली </w><w> तो </w><w> बेटी </w><w> की </w><w> बहादुरी </w><w> पर </w><w> मिला </w><w> अशोक </w><w> चक्र </w><w> महामहिम </w><w> को </w><w> वापस </w><w> कर </w><w> दिया </w><w> जाएगा। </w></p><p><w> परिजनों </w><w> के </w><w> साथ </w><w> पदक </w><w> का </w><w> भी </w><w> अपमान </w></p><p><w> केंद्रीय </w><w> सुरक्षा </w><w> बल </w><w> की </w><w> जवान </w><w> कमलेश </w><w> का </w><w> जन्म </w><w> बढ़पुर </w><w> ब्लाक </w><w> के </w><w> गांव </w><w> नरायनपुर </w><w> में </w><w> हुआ </w><w> था। </w><time-arg id="3"><link event_arg="2" id="6" type_rel="EVENT_ARG"/><w> १३ </w><w> दिसंबर </w><w> २००१ </w></time-arg><w> को </w><place-arg id="4"><link event_arg="2" id="7" type_rel="EVENT_ARG"/><w> संसद </w></place-arg><w> में </w><w> हुए </w><man_made_event id="2" type="TERRORIST_ATTACK"><event-coref-link event_id="0" id="8" type_rel="EVENT_COREF"></event-coref-link><w> हमले </w></man_made_event><w> में </w><w> कमलेश </w><w> आतंकियों </w><w> की </w><w> गोलियों </w><w> से </w><w> शहीद </w><w> हो </w><w> गई </w><w> थी। </w><w> उसके </w><w> १२ </w><w> गोलियां </w><w> लगी </w><w> थीं। </w><w> फांसी </w><w> की </w><w> सजा </w><w> माफ </w><w> करने </w><w> को </w><w> लेकर </w><w> उठ </w><w> रही </w><w> आवाजों </w><w> से </w><w> परिजन </w><w> काफी </w><w> दुखी </w><w> हैं। </w><w> बुधवार </w><w> को </w><w> &amp;aposअमर </w><w> उजाला&amp;apos </w><w> से </w><w> अपने </w><w> आवास </w><w> नरायनपुर </w><w> में </w><w> बातचीत </w><w> में </w><w> शहीद </w><w> के </w><w> पिता </w><w> राजाराम </w><w> ने </w><w> कहा </w><w> कि </w><w> २६ </w><w> जनवरी </w><w> २००२ </w><w> को </w><w> राष्ट्रपति </w><w> भवन </w><w> में </w><w> बेटी </w><w> की </w><w> बहादुरी </w><w> पर </w><w> अशोक </w><w> चक्र </w><w> दिया </w><w> गया </w><w> था। </w><w> अगर </w><w> आतंकी </w><w> की </w><w> फांसी </w><w> सजा </w><w> कम </w><w> की </w><w> गई </w><w> तो </w><w> शहीद </w><w> के </w><w> परिजनों </w><w> के </w><w> साथ </w><w> ही </w><w> साथ </w><w> पदक </w><w> का </w><w> भी </w><w> अपमान </w><w> होगा। </w><w> उन्होंने </w><w> कहा </w><w> कि </w><w> संसद </w><w> पर </w><w> हुए </w><w> हमले </w><w> के </w><w> दिन </w><w> उनकी </w><w> बेटी </w><w> उपवास </w><w> रखे </w><w> थी। </w></p><p><w> फांसी </w><w> की </w><w> सजा </w><w> को </w><w> कम </w><w> न </w><w> करें </w><w> महामहिम </w></p><p><w> आतंकियों </w><w> ने </w><w> अपने </w><w> मंसूबों </w><w> को </w><w> पूरा </w><w> करने </w><w> के </w><w> लिए </w><w> उसे </w><w> मौत </w><w> के </w><w> घाट </w><w> उतार </w><w> दिया </w><w> था, </w><w> लेकिन </w><w> हम </w><w> सभी </w><w> को </w><w> गर्व </w><w> है </w><w> कि </w><w> आतंकी </w><w> अपने </w><w> मंसूबों </w><w> में </w><w> कामयाब </w><w> नहीं </w><w> हो </w><w> सके </w><w> थे। </w><w> यदि </w><w> अब </w><w> फांसी </w><w> की </w><w> सजा </w><w> माफ </w><w> हो </w><w> गई </w><w> तो </w><w> तब </w><w> की </w><w> कसर </w><w> अब </w><w> पूरी </w><w> हो </w><w> जाएगी। </w><w> उन्होंने </w><w> महामहिम </w><w> से </w><w> प्रार्थना </w><w> की </w><w> कि </w><w> वे </w><w> अफजल </w><w> की </w><w> फांसी </w><w> की </w><w> सजा </w><w> को </w><w> कम </w><w> न </w><w> करें, </w><w> क्योंकि </w><w> उसने </w><w> देश </w><w> की </w><w> अस्मिता </w><w> के </w><w> साथ </w><w> खिलवाड़ </w><w> करने </w><w> का </w><w> प्रयास </w><w> किया </w><w> था। </w><w> अगर </w><w> फांसी </w><w> की </w><w> सजा </w><w> टली </w><w> तो </w><w> सुरक्षा </w><w> बलों </w><w> का </w><w> मनोबल </w><w> गिरेगा </w><w> और </w><w> आतंकियों </w><w> के </w><w> हौसले </w><w> बुलंद </w><w> होंगे। </w><w> शहीद </w><w> के </w><w> पिता </w><w> ने </w><w> जम्मू </w><w> कशमीर </w><w> के </w><w> मुख्यमंत्री </w><w> गुलाम </w><w> नबी </w><w> आजाद </w><w> की </w><w> टिथी </w><w> का </w><w> तीखा </w><w> विरोध </w><w> करते </w><w> हुए </w><w> कहा </w><w> कि </w><w> घाटी </w><w> में </w><w> बवाल </w><w> होने </w><w> के </w><w> डर </w><w> से </w><w> आतंकियों </w><w> को </w><w> माफी </w><w> दिया </w><w> जाना </w><w> कहां </w><w> का </w><w> न्याय </w><w> है। </w><w> ऐसा </w><w> ही </w><w> होता </w><w> रहा </w><w> तो </w><w> कोई </w><w> भी </w><w> बहादुर </w><w> देश </w><w> के </w><w> लिए </w><w> अपने </w><w> प्राणों </w><w> की </w><w> बाजी </w><w> क्यों </w><w> लगाएगा। </w></p></document>