<?xml version="1.0" encoding="UTF-8"?>
<document><p><w> navbharat_2002_10_12_26771478 </w></p><p><w> संसद </w><w> हमले </w><w> में </w><w> शहीद </w><w> पुलिसकर्मियों </w><w> को </w><w> मरणोपरान्त </w><w> कीर्तिचक्र </w></p><p><w> नई </w><w> दिल्ली </w><w> (नस): </w><time-arg id="1"><link event_arg="0" id="4" type_rel="EVENT_ARG"/><w> 13 </w><w> दिसम्बर </w></time-arg><w> को </w><place-arg id="2"><link event_arg="0" id="3" type_rel="EVENT_ARG"/><w> संसद </w><w> भवन </w></place-arg><w> पर </w><w> हुए </w><man_made_event id="0" type="TERRORIST_ATTACK"><w> आतंकवादी </w><w> हमले </w></man_made_event><w> में </w><w> शहीद </w><w> हुए </w><w> दिल्ली </w><w> पुलिस </w><w> के </w><w> पांच </w><w> कर्मियों </w><w> को </w><w> राष्ट्रपति </w><w> ने </w><w> मरणोपरान्त </w><w> कीर्ति </w><w> चक्र </w><w> सम्मानित </w><w> किया। </w><w> कीर्ति </w><w> चक्र </w><w> से </w><w> सम्मानित </w><w> होने </w><w> वाले </w><w> शहीदों </w><w> में </w><w> दिल्ली </w><w> पुलिस </w><w> के </w><w> ए.एस.आई. </w><w> राम </w><w> पाल </w><w> सिंह </w><w> , </w><w> नानक </w><w> चन्द </w><w> , </w><w> हवलदार </w><w> घनश्याम </w><w> , </w><w> हवलदार </w><w> ओमप्रकाश </w><w> और </w><w> बिजेन्द्र </w><w> सिंह </w><w> है। </w><w> 13 </w><w> दिसम्बर </w><w> को </w><w> लाल </w><w> बत्ती </w><w> वाली </w><w> एम्बेसडर </w><w> कार </w><w> में </w><w> सवार </w><w> पांच </w><w> आतंकवादी </w><w> गेट </w><w> न. </w><w> 11 </w><w> से </w><w> संसद </w><w> भवन </w><w> में </w><w> घुसे। </w><w> उस </w><w> समय </w><w> उपराष्ट्रपति </w><w> का </w><w> काफिला </w><w> तैयारी </w><w> कर </w><w> रहा </w><w> था। </w><w> आतंकवादियों </w><w> और </w><w> उपराष्ट्रपति </w><w> की </w><w> सुरक्षा </w><w> में </w><w> तैनात </w><w> कर्मियों </w><w> के </w><w> बीच </w><w> हुई </w><w> झड़प </w><w> के </w><w> बाद </w><w> गोलीबारी </w><w> हुई </w><w> जिसमें </w><w> ए.एस.आई. </w><w> रामपाल </w><w> सिंह </w><w> , </w><w> नानक </w><w> चन्द </w><w> , </w><w> हवलदार </w><w> घनश्याम </w><w> और </w><w> ओमप्रकाश </w><w> की </w><w> मौके </w><w> पर </w><w> मृत्यु </w><w> हो </w><w> गई </w><w> थी </w><w> तथा </w><w> इस </w><w> गोलीबारी </w><w> में </w><w> घायल </w><w> हवलदार </w><w> बिजेन्द्र </w><w> सिंह </w><w> ने </w><w> अस्पताल </w><w> में </w><w> दम </w><w> तोड़ </w><w> दिया </w><w> था। </w><w> दो </w><w> इंस्पेक्टरों </w><w> को </w><w> वीरता </w><w> पदक </w><w> से </w><w> सम्मानित </w><w> किया </w><w> गया: </w><w> राष्ट्रपति </w><w> ने </w><w> दिल्ली </w><w> पुलिस </w><w> के </w><w> दो </w><w> इंस्पेक्टरों </w><w> ईश्वर </w><w> सिंह </w><w> और </w><w> राजेन्द्र </w><w> कुमार </w><w> बख्शी </w><w> को </w><w> वीरता </w><w> पदक </w><w> से </w><w> सम्मानित </w><w> किया। </w><w> दोनों </w><w> इंस्पेक्टरों </w><w> ने </w><w> पिछले </w><w> साल </w><w> 17 </w><w> जून </w><w> को </w><w> दरियागंज </w><w> निवासी </w><w> अमित </w><w> गोगिया </w><w> को </w><w> अपहरणकर्ताओं </w><w> के </w><w> चंगुल </w><w> से </w><w> सकुशल </w><w> रिहा </w><w> करवाया </w><w> था। </w><w> अपहरणकर्ताओं </w><w> ने </w><w> उसकी </w><w> रिहाई </w><w> के </w><w> लिए </w><w> पांच </w><w> करोड़ </w><w> रुपए </w><w> की </w><w> फिरौती </w><w> मांगी </w><w> थी। </w><w> अपराध </w><w> शाखा </w><w> के </w><w> कर्मियों </w><w> ने </w><w> अमित </w><w> गोगिया </w><w> को </w><w> मुक्त </w><w> कराने </w><w> के </w><w> लिए </w><w> बदमाशों </w><w> से </w><w> मुठभेड़ </w><w> की </w><w> थी </w><w> जिसमें </w><w> गिरोह </w><w> का </w><w> सरगना </w><w> ब्रह्मा </w><w> प्रकाश </w><w> मार </w><w> गिराया </w><w> गया </w><w> था </w><w> तथा </w><w> तीन </w><w> साथियों </w><w> को </w><w> घायल </w><w> अवस्था </w><w> में </w><w> पकड़ा </w><w> था। </w><w> उद्योगपति </w><w> की </w><w> सकुशल </w><w> रिहाई </w><w> में </w><w> दोनों </w><w> इंस्पेक्टरों </w><w> ने </w><w> वीरता </w><w> का </w><w> परिचय </w><w> देते </w><w> हुए </w><w> बदमाशों </w><w> को </w><w> मुकाबला </w><w> किया </w><w> था। </w></p></document>