<?xml version="1.0" encoding="UTF-8"?>
<document><p><w> navbharat_2002_10_3_25880798 </w></p><p><w> अक्षरधाम </w><w> मन्दिर </w><w> हमले </w><w> के </w><w> बाद </w><w> खुली </w><w> दिल्ली </w><w> पुलिस </w><w> की </w><w> नींद </w></p><p><w> नई </w><w> दिल्ली </w><w> : </w><place-arg id="1"><link event_arg="0" id="11" type_rel="EVENT_ARG"/><w> अक्षरधाम </w><w> मन्दिर </w></place-arg><w> पर </w><w> हुए </w><man_made_event id="0" type="TERRORIST_ATTACK"><w> आतंकवादी </w><w> हमले </w></man_made_event><w> को </w><w> देखते </w><w> हुए </w><w> दिल्ली </w><w> पुलिस </w><w> ने </w><w> अपने </w><w> कमांडो </w><w> दस्ते </w><w> के </w><w> पुनर्गठन </w><w> का </w><w> फैसला </w><w> किया </w><w> है। </w><w> यह </w><w> दस्ता </w><w> ऐसी </w><w> ही </w><w> किसी </w><w> घटना </w><w> के </w><w> लिए </w><w> रिजर्व </w><w> रखा </w><w> जाएगा। </w><w> अभी </w><w> विशेष </w><w> प्रशिक्षण </w><w> प्राप्त </w><w> इस </w><w> दस्ते </w><w> का </w><w> उपयोग </w><w> वीआईपी </w><w> लोगों </w><w> की </w><w> सुरक्षा </w><w> के </w><w> लिए </w><w> किया </w><w> जा </w><w> रहा </w><w> है। </w><w> अक्षरधाम </w><w> मन्दिर </w><w> पर </w><w> हुए </w><man_made_event id="2" type="TERRORIST_ATTACK"><event-coref-link event_id="0" id="15" type_rel="EVENT_COREF"></event-coref-link><w> हमले </w></man_made_event><w> के </w><w> बाद </w><w> से </w><w> दिल्ली </w><w> पुलिस </w><w> कमांडो </w><w> दस्ते </w><w> को </w><w> लेकर </w><w> हलचल </w><w> मची </w><w> हुई </w><w> है। </w><w> वरिष्ठ </w><w> अधिकारी </w><w> यह </w><w> मानते </w><w> हैं </w><w> कि </w><w> राजधानी </w><w> में </w><w> किसी </w><w> भी </w><w> प्रकार </w><w> के </w><man_made_event id="3" type="TERRORIST_ATTACK"><event-coref-link event_id="0" id="14" type_rel="EVENT_COREF"></event-coref-link><w> हमले </w></man_made_event><w> से </w><w> निपटने </w><w> के </w><w> लिए </w><w> उनके </w><w> पास </w><w> रिजर्व </w><w> कमांडो </w><w> नहीं </w><w> हैं। </w><w> हालांकि </w><w> 13 </w><w> दिसम्बर </w><w> को </w><w> संसद </w><w> पर </w><w> हुए </w><w> आतंकवादी </w><w> हमले </w><w> से </w><w> पहले </w><w> दिल्ली </w><w> पुलिस </w><w> का </w><w> कमांडो </w><w> दस्ता </w><w> रिजर्व </w><w> में </w><w> रखा </w><w> जाता </w><w> था </w><w> लेकिन </w><w> इस </w><man_made_event id="5" type="TERRORIST_ATTACK"><event-coref-link event_id="6" id="16" type_rel="EVENT_COREF"></event-coref-link><w> हमले </w></man_made_event><w> से </w><w> इतना </w><w> आतंक </w><w> फैला </w><w> कि </w><w> इन </w><w> सभी </w><w> कमांडो </w><w> को </w><w> वी.आई.पी. </w><w> इलाकों </w><w> और </w><w> व्यक्तियों </w><w> की </w><w> सुरक्षा </w><w> के </w><w> लिए </w><w> तैनात </w><w> कर </w><w> दिए </w><w> गया। </w><w> अब </w><w> 24 </w><w> सितम्बर </w><w> को </w><w> गुजरात </w><w> के </w><place-arg id="9"><link event_arg="6" id="12" type_rel="EVENT_ARG"/><w> गांधीनगर </w><w> स्थित </w><w> अक्षरधाम </w><w> मन्दिर </w></place-arg><w> पर </w><w> हुए </w><man_made_event id="6" type="TERRORIST_ATTACK"><event-coref-link event_id="0" id="18" type_rel="EVENT_COREF"></event-coref-link><w> आतंकवादी </w><w> हमले </w></man_made_event><w> के </w><w> बाद </w><w> दिल्ली </w><w> पुलिस </w><w> अधिकारियों </w><w> को </w><w> सोचने </w><w> पर </w><w> मजबूर </w><w> कर </w><w> दिया </w><w> कि </w><w> अगर </w><w> राजधानी </w><w> में </w><w> इस </w><w> प्रकार </w><w> का </w><man_made_event id="7" type="TERRORIST_ATTACK"><event-coref-link event_id="0" id="20" type_rel="EVENT_COREF"></event-coref-link><w> हमला </w></man_made_event><w> हो </w><w> जाए </w><w> तो </w><w> उससे </w><w> किस </w><w> प्रकार </w><w> निपटा </w><w> जाएगा </w><w> , </w><w> क्योंकि </w><w> विशेष </w><w> प्रशिक्षण </w><w> प्राप्त </w><w> किए </w><w> कमांडो </w><w> तो </w><w> अलग-अलग </w><w> स्थानों </w><w> पर </w><w> तैनात </w><w> हैं </w><w> और </w><w> उन्हें </w><w> उन </w><w> स्थानों </w><w> से </w><w> बुलाकर </w><w> एकत्र </w><w> करके </w><w> घटनास्थल </w><w> पर </w><w> भेजने </w><w> में </w><w> काफी </w><w> समय </w><w> लग </w><w> जाएगा। </w><place-arg id="10"><link event_arg="8" id="13" type_rel="EVENT_ARG"/><w> अक्षरधाम </w><w> मन्दिर </w></place-arg><w> पर </w><man_made_event id="8" type="TERRORIST_ATTACK"><event-coref-link event_id="0" id="19" type_rel="EVENT_COREF"></event-coref-link><w> हमले </w></man_made_event><w> के </w><w> बाद </w><w> वरिष्ठ </w><w> अधिकारियों </w><w> ने </w><w> अलग-अलग </w><w> स्थानों </w><w> से </w><w> कुछ </w><w> कंमाडो </w><w> को </w><w> हटा </w><w> कर </w><w> रिजर्व </w><w> दस्ता </w><w> बनाने </w><w> का </w><w> फैसला </w><w> कर </w><w> लिया </w><w> है। </w><w> रिजर्व </w><w> दस्ते </w><w> में </w><w> लगभग </w><w> सौ </w><w> कमांडो </w><w> तैनात </w><w> करेंगे </w><w> , </w><w> जिन्हें </w><w> विनय </w><w> मार्ग </w><w> (चाणक्यपुरी) </w><w> पुलिस </w><w> लाइन </w><w> में </w><w> तैनात </w><w> रखा </w><w> जाएगा। </w><w> अत्याधुनिक </w><w> हथियारों </w><w> से </w><w> लैस </w><w> यह </w><w> दस्ता </w><w> किसी </w><w> भी </w><w> हमले </w><w> से </w><w> निपटने </w><w> के </w><w> लिए </w><w> मिनटों </w><w> में </w><w> मौके </w><w> पर </w><w> भेजा </w><w> जा </w><w> सकेगा। </w><w> इस </w><w> समय </w><w> दिल्ली </w><w> पुलिस </w><w> में </w><w> 390 </w><w> कमांडो </w><w> प्रशिक्षण </w><w> प्राप्त </w><w> किए </w><w> जवान </w><w> हैं। </w><w> इनकी </w><w> संख्या </w><w> बढ़ाकर </w><w> 500 </w><w> कर </w><w> दी </w><w> जाएगी। </w><w> लगभग </w><w> 50 </w><w> जवानों </w><w> का </w><w> एक </w><w> दस्ता </w><w> कुछ </w><w> दिन </w><w> पहले </w><w> ही </w><w> राष्ट्रीय </w><w> सुरक्षा </w><w> गार्ड </w><w> से </w><w> विशेष </w><w> प्रशिक्षण </w><w> प्राप्त </w><w> करके </w><w> आया </w><w> है। </w><w> दिल्ली </w><w> पुलिस </w><w> के </w><w> 204 </w><w> कमांडो </w><w> वी.आई.पी. </w><w> सुरक्षा </w><w> में </w><w> तैनात </w><w> हैं। </w><w> इन </w><w> कमांडो </w><w> को </w><w> चार </w><w> सप्ताह </w><w> का </w><w> वी.आई.पी. </w><w> सुरक्षा </w><w> कोर्स </w><w> कराया </w><w> गया </w><w> है </w><w> जिसमें </w><w> इन्हें </w><w> हर </w><w> प्रकार </w><w> के </w><w> हथियार </w><w> चलाने </w><w> के </w><w> प्रशिक्षण </w><w> के </w><w> साथ-साथ </w><w> अंगरक्षक </w><w> की </w><w> ड्यूटी </w><w> और </w><w> साये </w><w> की </w><w> तरह </w><w> घेराबंदी </w><w> करके </w><w> रखने </w><w> के </w><w> गुर </w><w> भी </w><w> सिखाए </w><w> जाते </w><w> हैं। </w><w> इसके </w><w> अलावा </w><w> 185 </w><w> कमांडो </w><w> को </w><w> रेगुलर </w><w> ड्यूटी </w><w> पर </w><w> तैनात </w><w> किया </w><w> हुआ </w><w> है। </w><w> इन </w><w> कमांडो </w><w> को </w><w> तीन </w><w> माह </w><w> के </w><w> विशेष </w><w> प्रशिक्षण </w><w> में </w><w> सुनियोजित </w><w> शारीरिक </w><w> ट्रेनिंग </w><w> , </w><w> हथियारों </w><w> का </w><w> प्रशिक्षण </w><w> , </w><w> रणनीति </w><w> बनाकर </w><w> ऑपरेशन </w><w> करने </w><w> की </w><w> बारीकियां </w><w> सिखाई </w><w> जाती </w><w> हैं। </w><w> इन </w><w> दस्तों </w><w> को </w><w> ही </w><w> विशेष </w><w> मिशन </w><w> पर </w><w> भेजा </w><w> जाता </w><w> है। </w><w> अब </w><w> तक </w><w> कमांडो </w><w> फोर्स </w><w> का </w><w> प्रयोग </w><w> आतंकवादियों </w><w> के </w><w> कब्जे </w><w> में </w><w> बंदी </w><w> लोगों </w><w> को </w><w> मुक्त </w><w> कराने </w><w> , </w><w> विमान </w><w> अपहर्ताओं </w><w> के </w><w> कब्जे </w><w> से </w><w> विमान </w><w> तथा </w><w> यात्रियों </w><w> को </w><w> मुक्त </w><w> कराने </w><w> , </w><w> संसद </w><w> भवन </w><w> , </w><w> अक्षरधाम </w><w> मन्दिर </w><w> या </w><w> फिर </w><w> चरारे </w><w> शरीफ </w><w> पर </w><w> हुए </w><w> हमले </w><w> से </w><w> निपटने </w><w> के </w><w> लिए </w><w> प्रयोग </w><w> किया </w><w> गया </w><w> है। </w><w> कमांडो </w><w> अतिविशिष्ट </w><w> स्थानों </w><w> की </w><w> सुरक्षा </w><w> में </w><w> भी </w><w> तैनात </w><w> किए </w><w> गए </w><w> हैं। </w><w> कमांडो </w><w> दस्ते </w><w> के </w><w> कंधों </w><w> पर </w><w> वी.आई.पी. </w><w> मूवमेंट </w><w> के </w><w> वक्त </w><w> सुरक्षा </w><w> मुहैया </w><w> कराना </w><w> भी </w><w> होता </w><w> है। </w><w> अतिविशिष्ट </w><w> इलाकों </w><w> में </w><w> तैनात </w><w> कमांडो </w><w> 6 </w><w> घंटे </w><w> तक </w><w> ड्यूटी </w><w> पर </w><w> तैनात </w><w> रहता </w><w> है </w><w> तथा </w><w> उसे </w><w> 18 </w><w> घंटे </w><w> का </w><w> आराम </w><w> दिया </w><w> जाता </w><w> है। </w><w> पी.सी.आर. </w><w> पर </w><w> तैनात </w><w> कमांडो </w><w> को </w><w> आठ </w><w> घंटे </w><w> की </w><w> ड्यूटी </w><w> के </w><w> बाद </w><w> 16 </w><w> घंटे </w><w> के </w><w> रेस्ट </w><w> का </w><w> नियम </w><w> है। </w><w> 12 </w><w> घंटे </w><w> तक </w><w> ड्यूटी </w><w> पर </w><w> मुस्तैद </w><w> रह </w><w> चुका </w><w> कमांडो </w><w> 24 </w><w> घंटे </w><w> बाद </w><w> ही </w><w> ड्यूटी </w><w> पर </w><w> तैनात </w><w> होता </w><w> है। </w><w> इसके </w><w> अलावा </w><w> दिल्ली </w><w> पुलिस </w><w> के </w><w> इन </w><w> कमांडो </w><w> को </w><w> अधिक </w><w> कुशल </w><w> बनाने </w><w> के </w><w> लिए </w><w> कुछ </w><w> समय </w><w> के </w><w> अन्तराल </w><w> के </w><w> बाद </w><w> ट्रेनिंग </w><w> देने </w><w> की </w><w> योजना </w><w> बनाई </w><w> जा </w><w> रही </w><w> है। </w><w> इन्हें </w><w> नई </w><w> पुलिस </w><w> लाइन </w><w> में </w><w> ही </w><w> प्रशिक्षण </w><w> दिए </w><w> जाने </w><w> की </w><w> व्यवस्था </w><w> की </w><w> जा </w><w> रही </w><w> है। </w><w> कमांडो </w><w> को </w><w> हर </w><w> छह </w><w> माह </w><w> बाद </w><w> दो </w><w> सप्ताह </w><w> का </w><w> विशेष </w><w> प्रशिक्षण </w><w> दिया </w><w> जाएगा </w><w> जिससे </w><w> उनका </w><w> कौशल </w><w> बढ़ाया </w><w> जा </w><w> सके। </w><w> कमल </w><w> शर्मा </w></p></document>