<?xml version="1.0" encoding="UTF-8"?>
<document><p><w> navbharat_2002_11_24_31067144 </w></p><p><w> संसद </w><w> पर </w><w> हमले </w><w> के </w><w> एक </w><w> साल </w><w> बाद </w><w> : </w><w> जोगिन्दर </w><w> सिंह </w></p><p><w> पिछले </w><w> साल </w><w> आज </w><w> यानी </w><time-arg id="1"><link event_arg="0" id="4" type_rel="EVENT_ARG"/><w> 13 </w><w> दिसंबर </w></time-arg><w> के </w><w> ही </w><w> दिन </w><w> पाक </w><w> समर्थित </w><w> पांच </w><w> आतंकवादियों </w><w> ने </w><place-arg id="2"><link event_arg="0" id="3" type_rel="EVENT_ARG"/><w> भारतीय </w><w> संसद </w></place-arg><w> पर </w><man_made_event id="0" type="TERRORIST_ATTACK"><w> धावा </w><w> बोला </w></man_made_event><w> था। </w><w> इस </w><w> घटना </w><w> को </w><w> पूरा </w><w> एक </w><w> साल </w><w> हो </w><w> गया </w><w> है </w><w> और </w><w> अब </w><w> यह </w><w> सवाल </w><w> पूछा </w><w> जा </w><w> सकता </w><w> है </w><w> कि </w><w> ऐसी </w><w> घटनाओं </w><w> से </w><w> हमने </w><w> कोई </w><w> सबक </w><w> सीखा </w><w> या </w><w> नहीं </w><w> ? </w><w> वैसे </w><w> , </w><w> इस </w><w> घटना </w><w> के </w><w> बाद </w><w> हुई </w><w> कई </w><w> आतंकवादी </w><w> वारदात </w><w> को </w><w> देखते </w><w> हुए </w><w> इस </w><w> सवाल </w><w> का </w><w> उत्तर </w><w> हमें </w><w> निराश </w><w> ही </w><w> करता </w><w> है। </w><w> हम </w><w> इस </w><w> तथ्य </w><w> को </w><w> शायद </w><w> अब </w><w> भी </w><w> अनदेखा </w><w> कर </w><w> रहे </w><w> हैं </w><w> कि </w><w> हाल </w><w> के </w><w> कुछ </w><w> सालों </w><w> में </w><w> आतंकवादियों </w><w> ने </w><w> अपनी </w><w> रणनीति </w><w> में </w><w> खासी </w><w> तब्दीली </w><w> कर </w><w> ली </w><w> है। </w><w> अब </w><w> आतंकवादियों </w><w> को </w><w> अपनी </w><w> कार्रवाइयों </w><w> की </w><w> खातिर </w><w> मर </w><w> मिटने </w><w> के </w><w> लिए </w><w> प्रेरित </w><w> और </w><w> उत्साहित </w><w> किया </w><w> जा </w><w> रहा </w><w> है। </w><w> वे </w><w> &amp;apos </w><w> मारो </w><w> और </w><w> मरो </w><w> &amp;apos </w><w> के </w><w> रास्ते </w><w> पर </w><w> निकल </w><w> पडे़ </w><w> हैं। </w><w> हाल </w><w> में </w><w> हुई </w><w> कुछ </w><w> मुठभेड़ों </w><w> से </w><w> यह </w><w> साफ </w><w> हो </w><w> गया </w><w> है </w><w> कि </w><w> आतंकवादियों </w><w> को </w><w> अपनी </w><w> कार्रवाइयों </w><w> के </w><w> अंजाम </w><w> का </w><w> अच्छी </w><w> तरह </w><w> पता </w><w> था। </w><w> अकेले </w><w> जम्मू-कश्मीर </w><w> में </w><w> ही </w><w> पिछले </w><w> एक </w><w> साल </w><w> के </w><w> दौरान </w><w> 50 </w><w> आत्मघाती </w><w> हमले </w><w> हो </w><w> चुके </w><w> हैं </w><w> और </w><w> इनमें </w><w> 160 </w><w> लोग </w><w> मारे </w><w> जा </w><w> चुके </w><w> हैं। </w><w> ऐसे </w><w> में </w><w> यह </w><w> भी </w><w> पूछा </w><w> जा </w><w> सकता </w><w> है </w><w> कि </w><w> हम </w><w> भविष्य </w><w> की </w><w> चुनौतियों </w><w> का </w><w> सामना </w><w> करने </w><w> के </w><w> लिए </w><w> कितने </w><w> तैयार </w><w> हैं </w><w> ? </w><w> आने </w><w> वाले </w><w> दिनों </w><w> में </w><w> आतंकवादी </w><w> घटनाएं </w><w> बढ़ेंगी </w><w> ही </w><w> , </w><w> कम </w><w> नहीं </w><w> होंगी। </w><w> सवाल </w><w> यह </w><w> भी </w><w> है </w><w> कि </w><w> क्या </w><w> हमने </w><w> अपने </w><w> महत्वपूर्ण </w><w> और </w><w> संवेदनशील </w><w> ठिकानों </w><w> की </w><w> सुरक्षा </w><w> के </w><w> ठोस </w><w> उपाय </w><w> कर </w><w> लिए </w><w> हैं </w><w> तथा </w><w> आतंकवादियों </w><w> को </w><w> उन्हीं </w><w> की </w><w> भाषा </w><w> में </w><w> जवाब </w><w> देने </w><w> की </w><w> तैयारियां </w><w> कर </w><w> ली </w><w> हैं </w><w> ? </w><w> यह </w><w> इस </w><w> मुद्दे </w><w> की </w><w> समीक्षा </w><w> का </w><w> भी </w><w> समय </w><w> है </w><w> कि </w><w> क्या </w><w> हमने </w><w> आतंकवादियों </w><w> के </w><w> आए </w><w> दिन </w><w> के </w><w> हमलों </w><w> के </w><w> मद्देनजर </w><w> अपने </w><w> खुफिया </w><w> तंत्र </w><w> को </w><w> चाक </w><w> चौबंद </w><w> कर </w><w> लिया </w><w> है </w><w> या </w><w> नहीं। </w><w> इस </w><w> बात </w><w> को </w><w> एक </w><w> अर्से </w><w> से </w><w> शिद्दत </w><w> के </w><w> साथ </w><w> महसूस </w><w> किया </w><w> जा </w><w> रहा </w><w> है </w><w> कि </w><w> आतंकवादी </w><w> गतिविधियों </w><w> के </w><w> बारे </w><w> में </w><w> हमारी </w><w> खुफिया </w><w> एजेंसियाँ </w><w> अमूमन </w><w> अंधेरे </w><w> में </w><w> ही </w><w> रहती </w><w> हैं। </w><w> सटीक </w><w> खुफिया </w><w> सूचनाओं </w><w> के </w><w> अभाव </w><w> में </w><w> कोई </w><w> भी </w><w> सुरक्षा </w><w> बल </w><w> आतंकवादियों </w><w> से </w><w> प्रभावी </w><w> तरीके </w><w> से </w><w> नहीं </w><w> निपट </w><w> सकता। </w><w> आतंकवादी </w><w> बिना </w><w> स्थानीय </w><w> समर्थन </w><w> के </w><w> अपनी </w><w> किसी </w><w> भी </w><w> कार्रवाई </w><w> को </w><w> अंजाम </w><w> नहीं </w><w> दे </w><w> सकते- </w><w> और </w><w> इस </w><w> तथ्य </w><w> के </w><w> बावजूद </w><w> हमारी </w><w> खुफिया </w><w> एजेंसियों </w><w> को </w><w> उनकी </w><w> भनक </w><w> तक </w><w> नहीं </w><w> लग </w><w> पाती। </w><w> वे </w><w> आते </w><w> हैं </w><w> और </w><w> हमारे </w><w> महत्वपूर्ण </w><w> ठिकानों </w><w> को </w><w> निशाना </w><w> बना </w><w> डालते </w><w> हैं। </w><w> अक्षरधाम </w><w> मंदिर </w><w> के </w><w> अलावा </w><w> जम्मू </w><w> के </w><w> रघुनाथ </w><w> मंदिर </w><w> पर </w><w> आतंकवादी </w><w> इस </w><w> साल </w><w> दो </w><w> बार </w><w> हमले </w><w> कर </w><w> चुके </w><w> हैं। </w><w> गुजरात </w><w> और </w><w> जम्मू-कश्मीर </w><w> के </w><w> बीच </w><w> हजारों </w><w> किलोमीटर </w><w> की </w><w> दूरी </w><w> है। </w><w> दोनों </w><w> राज्यों </w><w> में </w><w> मंदिरों </w><w> पर </w><w> हुए </w><w> हमलों </w><w> से </w><w> पता </w><w> चलता </w><w> है </w><w> कि </w><w> आतंकवादी </w><w> कितने </w><w> योजनाबद्ध </w><w> तरीके </w><w> से </w><w> अपनी </w><w> कार्रवाइयों </w><w> को </w><w> अंजाम </w><w> दे </w><w> रहे </w><w> हैं। </w><w> जहाँ </w><w> तक </w><w> जम्मू </w><w> कश्मीर </w><w> की </w><w> नई </w><w> सरकार </w><w> का </w><w> सवाल </w><w> है </w><w> , </w><w> आम </w><w> जनता </w><w> में </w><w> आम </w><w> धारणा </w><w> है </w><w> कि </w><w> वह </w><w> आतंकवादियों </w><w> के </w><w> प्रति </w><w> कुछ </w><w> ज्यादा </w><w> ही </w><w> नरमी </w><w> बरत </w><w> रही </w><w> है। </w><w> सरकारी </w><w> नीतियों </w><w> में </w><w> आए </w><w> इस </w><w> बदलाव </w><w> से </w><w> आतंकवादी </w><w> घटनाओं </w><w> में </w><w> और </w><w> वृद्धि </w><w> होने </w><w> की </w><w> आशंका </w><w> है। </w><w> अमेरिका </w><w> में </w><w> पिछले </w><w> साल </w><w> 11 </w><w> सितंबर </w><w> को </w><w> हुए </w><w> हमलों </w><w> के </w><w> करीब </w><w> तीन </w><w> महीने </w><w> बाद </w><w> भारतीय </w><w> संसद </w><w> और </w><w> जम्मू-कश्मीर </w><w> विधानसभा </w><w> पर </w><w> हमला </w><w> हुआ। </w><w> इन </w><w> हमलों </w><w> के </w><w> प्रति </w><w> न </w><w> तो </w><w> अमेरिका </w><w> ने </w><w> और </w><w> न </w><w> ही </w><w> आतंकवाद </w><w> के </w><w> खिलाफ </w><w> एकजुट </w><w> होने </w><w> का </w><w> दावा </w><w> करने </w><w> वाले </w><w> देशों </w><w> ने </w><w> कोई </w><w> खास </w><w> चिंता </w><w> जताई। </w><w> और </w><w> तो </w><w> और </w><w> , </w><w> अक्षरधाम </w><w> तथा </w><w> रघुनाथ </w><w> मंदिर </w><w> पर </w><w> हुए </w><w> हमलों </w><w> को </w><w> भी </w><w> पश्चिमी </w><w> मीडिया </w><w> ने </w><w> अपेक्षित </w><w> गंभीरता </w><w> से </w><w> नहीं </w><w> लिया। </w><w> यह </w><w> इस </w><w> बात </w><w> का </w><w> स्पष्ट </w><w> संकेत </w><w> है </w><w> कि </w><w> पश्चिमी </w><w> देशों </w><w> की </w><w> सहानुभूति </w><w> पाकिस्तान </w><w> के </w><w> साथ </w><w> है। </w><w> इस </w><w> सहानुभूति </w><w> की </w><w> असली </w><w> वजह </w><w> यह </w><w> है </w><w> कि </w><w> पाकिस्तान </w><w> ने </w><w> रूस </w><w> के </w><w> खिलाफ </w><w> तालिबान </w><w> और </w><w> अल </w><w> कायदा </w><w> के </w><w> गठन </w><w> में </w><w> अमेरिका </w><w> की </w><w> भरपूर </w><w> मदद </w><w> की </w><w> थी </w><w> और </w><w> अब </w><w> अमेरिका </w><w> उसका </w><w> अहसान </w><w> चुका </w><w> रहा </w><w> है। </w><w> इन </w><w> विषम </w><w> हालात </w><w> में </w><w> आतंकवाद </w><w> को </w><w> खत्म </w><w> करने </w><w> का </w><w> एक </w><w> तरीका </w><w> तो </w><w> यह </w><w> है </w><w> कि </w><w> आतंकवादियों </w><w> को </w><w> खत्म </w><w> किया </w><w> जाए। </w><w> दूसरा </w><w> तरीका </w><w> यह </w><w> है </w><w> कि </w><w> उनके </w><w> स्रोतों </w><w> और </w><w> ठिकानों </w><w> को </w><w> नष्ट </w><w> कर </w><w> दिया </w><w> जाए </w><w> तथा </w><w> यह </w><w> सुनिश्चित </w><w> किया </w><w> जाए </w><w> कि </w><w> आतंकवादियों </w><w> को </w><w> शह </w><w> देने </w><w> वालों </w><w> को </w><w> भी </w><w> वही </w><w> दंड </w><w> दिया </w><w> जाएगा </w><w> जो </w><w> कि </w><w> आतंकवादियों </w><w> को </w><w> दिया </w><w> जाता </w><w> है। </w><w> लेकिन </w><w> कश्मीर </w><w> सरकार </w><w> की </w><w> मौजूदा </w><w> नीतियों </w><w> को </w><w> देखकर </w><w> ऐसा </w><w> नहीं </w><w> लगता </w><w> कि </w><w> फिलहाल </w><w> यह </w><w> संभव </w><w> होगा। </w><w> वह </w><w> आतंकवाद </w><w> से </w><w> पीडि़त </w><w> लोगों </w><w> के </w><w> जख्मों </w><w> पर </w><w> मरहम </w><w> लगाने </w><w> की </w><w> बजाय </w><w> आतंकवादियों </w><w> के </w><w> प्रति </w><w> नरमी </w><w> बरत </w><w> रही </w><w> है। </w><w> मुफ्ती </w><w> सरकार </w><w> की </w><w> यह </w><w> नीति </w><w> खतरनाक </w><w> हो </w><w> सकती </w><w> है। </w><w> इसके </w><w> कारण </w><w> आतंकवादी </w><w> और </w><w> भी </w><w> घातक </w><w> हमले </w><w> करने </w><w> के </w><w> लिए </w><w> प्रेरित </w><w> हो </w><w> सकते </w><w> हैं। </w><w> इस </w><w> बीच </w><w> पाकिस्तान </w><w> में </w><w> नई </w><w> सरकार </w><w> का </w><w> गठन </w><w> होते </w><w> ही </w><w> जम्मू-कश्मीर </w><w> में </w><w> आतंकवादी </w><w> घटनाएं </w><w> बढ़ </w><w> गई </w><w> हैं। </w><w> आतंकवादी </w><w> हमारे </w><w> देश </w><w> में </w><w> सांप्रदायिक </w><w> वैमनस्य </w><w> बढ़ाने </w><w> के </w><w> लिए </w><w> अब </w><w> चुन-चुन </w><w> कर </w><w> धर्मस्थलों </w><w> को </w><w> निशाना </w><w> बना </w><w> रहे </w><w> हैं। </w><w> पाकिस्तान </w><w> कश्मीर </w><w> में </w><w> क्या </w><w> कर </w><w> रहा </w><w> है </w><w> , </w><w> अमेरिका </w><w> इस </w><w> बात </w><w> से </w><w> अच्छी </w><w> तरह </w><w> वाकिफ </w><w> है </w><w> , </w><w> लेकिन </w><w> पाकिस्तानी </w><w> शासक </w><w> जब </w><w> तक </w><w> दूसरे </w><w> मामलों </w><w> में </w><w> उसकी </w><w> बात </w><w> मान </w><w> रहे </w><w> हैं </w><w> , </w><w> वह </w><w> उन्हें </w><w> नाराज </w><w> नहीं </w><w> करना </w><w> चाहता </w><w> है। </w><w> पाकिस्तानी </w><w> खुफिया </w><w> एजेंसी </w><w> आई </w><w> एस </w><w> आई </w><w> आतंकवाद </w><w> का </w><w> बहुत </w><w> बड़ा </w><w> स्त्रोत </w><w> है </w><w> , </w><w> लेकिन </w><w> अमेरिका </w><w> उसे </w><w> रोकने </w><w> में </w><w> कोई </w><w> खास </w><w> रुचि </w><w> नहीं </w><w> दिखा </w><w> रहा </w><w> है। </w><w> आतंकवाद </w><w> पर </w><w> काबू </w><w> पाना </w><w> निश्चित </w><w> रूप </w><w> से </w><w> एक </w><w> बेहद </w><w> कठिन </w><w> कार्य </w><w> है। </w><w> इस </w><w> काम </w><w> में </w><w> अगर </w><w> खुफिया </w><w> एजेंसियां </w><w> पूरी </w><w> कुशलता </w><w> के </w><w> साथ </w><w> जुटें </w><w> और </w><w> आतंकवादियों </w><w> के </w><w> ठिकानों </w><w> तथा </w><w> उनके </w><w> समर्थकों </w><w> के </w><w> बारे </w><w> में </w><w> सुरक्षाबलों </w><w> को </w><w> सटीक </w><w> सूचनाएं </w><w> दें </w><w> , </w><w> तो </w><w> काफी </w><w> हद </w><w> तक </w><w> कामयाबी </w><w> मिल </w><w> सकती </w><w> है। </w><w> अमेरिका </w><w> तमाम </w><w> संसाधनों </w><w> और </w><w> व्यापक </w><w> खुफिया </w><w> नेटवर्क </w><w> के </w><w> बावजूद </w><w> 11 </w><w> सितंबर </w><w> को </w><w> हुए </w><w> हमले </w><w> की </w><w> भनक </w><w> तक </w><w> नहीं </w><w> पा </w><w> सका </w><w> था। </w><w> खुफिया </w><w> तंत्र </w><w> को </w><w> तभी </w><w> मजबूत </w><w> बनाया </w><w> जा </w><w> सकता </w><w> है </w><w> जब </w><w> सभी </w><w> खुफिया </w><w> एजेंसियां </w><w> पूरे </w><w> तालमेल </w><w> के </w><w> साथ </w><w> काम </w><w> करें। </w><w> किसी </w><w> भी </w><w> बड़े </w><w> आतंकवादी </w><w> हमले </w><w> के </w><w> लिए </w><w> व्यापक </w><w> सूचनाओं </w><w> और </w><w> संसाधनों </w><w> की </w><w> जरूरत </w><w> होती </w><w> है </w><w> और </w><w> जाहिर </w><w> है </w><w> इसके </w><w> लिए </w><w> बहुत </w><w> से </w><w> लोग </w><w> एक </w><w> नेटवर्क </w><w> के </w><w> तहत </w><w> काम </w><w> करते </w><w> हैं। </w><w> ऐसे </w><w> किसी </w><w> भी </w><w> नेटवर्क </w><w> में </w><w> सेंध </w><w> लगाने </w><w> के </w><w> लिए </w><w> संजीदा </w><w> प्रयासों </w><w> की </w><w> जरूरत </w><w> होती </w><w> है। </w><w> अगर </w><w> हम </w><w> आतंकवाद </w><w> से </w><w> सचमुच </w><w> लड़ना </w><w> चाहते </w><w> हैं </w><w> , </w><w> तो </w><w> ऐसे </w><w> प्रयास </w><w> हमें </w><w> करने </w><w> ही </w><w> होंगे। </w><w> जम्मू </w><w> कश्मीर </w><w> में </w><w> इस </w><w> साल </w><w> 1 </w><w> जनवरी </w><w> से </w><w> 15 </w><w> नवंबर </w><w> तक </w><w> 907 </w><w> आम </w><w> लोग </w><w> आतंकवाद </w><w> की </w><w> बलि </w><w> चढ़ </w><w> गए। </w><w> सन् </w><w> 2000 </w><w> में </w><w> यह </w><w> संख्या </w><w> 847 </w><w> और </w><w> 2001 </w><w> में </w><w> 996 </w><w> थी। </w><w> आतंकवाद </w><w> पर </w><w> काबू </w><w> पाने </w><w> में </w><w> नाकाम </w><w> राज्य </w><w> सरकार </w><w> ऐसी </w><w> घटनाओं </w><w> में </w><w> मारे </w><w> गए </w><w> लोगों </w><w> के </w><w> परिजनों </w><w> को </w><w> एक </w><w> लाख </w><w> रुपये </w><w> , </w><w> स्थायी </w><w> रूप </w><w> से </w><w> विकलांग </w><w> हुए </w><w> लोगों </w><w> को </w><w> 75 </w><w> हजार </w><w> रुपये </w><w> और </w><w> गंभीर </w><w> रूप </w><w> से </w><w> घायल </w><w> लोगों </w><w> को </w><w> पाँच </w><w> हजार </w><w> रुपये </w><w> दे </w><w> रही </w><w> है। </w><w> यह </w><w> अपनी </w><w> अक्षमता </w><w> को </w><w> छिपाने </w><w> के </w><w> लिए </w><w> किसी </w><w> की </w><w> जान </w><w> या </w><w> किसी </w><w> के </w><w> घायल </w><w> होने </w><w> की </w><w> कीमत </w><w> चुकाने </w><w> की </w><w> अफसोसनाक </w><w> कोशिश </w><w> है। </w><w> सरकार </w><w> यह </w><w> भूल </w><w> रही </w><w> है </w><w> कि </w><w> उसके </w><w> वजूद </w><w> का </w><w> मकसद </w><w> जनता </w><w> के </w><w> जानमाल </w><w> की </w><w> रक्षा </w><w> करना </w><w> है। </w><w> बहरहाल </w><w> , </w><w> दुश्मन </w><w> को </w><w> शिकस्त </w><w> देने </w><w> का </w><w> एक </w><w> सिद्धांत </w><w> यह </w><w> है </w><w> कि </w><w> आप </w><w> उसकी </w><w> पसंद </w><w> की </w><w> रणभूमि </w><w> में </w><w> न </w><w> लड़ें। </w><w> आप </w><w> ऐसी </w><w> युद्धभूमि </w><w> का </w><w> चयन </w><w> कीजिए </w><w> , </w><w> जो </w><w> आपके </w><w> अनुकूल </w><w> हो। </w><w> इस </w><w> सिलसिले </w><w> में </w><w> हमें </w><w> विदेशी </w><w> आतंकवादियों </w><w> के </w><w> प्रवेश </w><w> द्वार </w><w> पर </w><w> ही </w><w> अपनी </w><w> जंग </w><w> छेड़नी </w><w> होगी। </w><w> यहाँ </w><w> हमें </w><w> अपने </w><w> क्षेत्र </w><w> से </w><w> परिचित </w><w> होने </w><w> का </w><w> फायदा </w><w> तो </w><w> मिलेगा </w><w> ही </w><w> , </w><w> पाकिस्तान </w><w> से </w><w> युद्ध </w><w> छिड़ने </w><w> की </w><w> आशंका </w><w> भी </w><w> नहीं </w><w> रहेगी। </w><w> पाकिस्तान </w><w> इन </w><w> आतंकवादियों </w><w> का </w><w> सबसे </w><w> बड़ा </w><w> हमदर्द </w><w> है। </w><w> आतंकवाद </w><w> उसके </w><w> लिए </w><w> एक </w><w> ऐसी </w><w> बीमा </w><w> पॉलिसी </w><w> है </w><w> , </w><w> जो </w><w> उसके </w><w> अस्तित्व </w><w> के </w><w> लिए </w><w> जरूरी </w><w> है। </w><w> इसलिए </w><w> अपने </w><w> आधे </w><w> अधूरे </w><w> प्रयासों </w><w> पर </w><w> मुग्ध </w><w> होने </w><w> की </w><w> बजाय </w><w> अब </w><w> हमें </w><w> आतंकवाद </w><w> के </w><w> खिलाफ </w><w> निर्णायक </w><w> जंग </w><w> छेड़ </w><w> देनी </w><w> चाहिए। </w><w> वरना </w><w> एक </w><w> साल </w><w> बाद </w><w> भी </w><w> हम </w><w> इसी </w><w> मुकाम </w><w> पर </w><w> खड़े </w><w> होंगे </w><w> , </w><w> जहां </w><w> आज </w><w> खड़े </w><w> हैं। </w><w> ( </w><w> लेखक </w><w> सीबीआई </w><w> के </w><w> पूर्व </w><w> निदेशक </w><w> हैं) </w></p></document>