<?xml version="1.0" encoding="UTF-8"?>
<document><p><w> navbharat_2002_11_9_29578395 </w></p><p><w> शेख </w><w> और </w><w> अजहर </w><w> के </w><w> आइएसआई </w><w> के </w><w> साथ </w><w> गहरे </w><w> संबंध </w><w> हैं </w></p><p><w> लंदन </w><w> (भाषा) </w><w> : </w><w> नए </w><w> आतंकवादी </w><w> पैदा </w><w> करने </w><w> के </w><w> लिए </w><w> यूरोप </w><w> और </w><w> ब्रिटेन </w><w> की </w><w> जमीन </w><w> का </w><w> बड़े </w><w> पैमाने </w><w> पर </w><w> इस्तेमाल </w><w> किया </w><w> जा </w><w> रहा </w><w> है </w><w> जबकि </w><w> भारत </w><w> की </w><place-arg id="1"><link event_arg="0" id="2" type_rel="EVENT_ARG"/><w> संसद </w></place-arg><w> पर </w><w> पिछले </w><w> साल </w><w> हुए </w><man_made_event id="0" type="TERRORIST_ATTACK"><w> आतंकवादी </w><w> हमले </w></man_made_event><w> के </w><w> मुख्य </w><w> आरोपी </w><w> अहमद </w><w> उमर </w><w> शेख </w><w> और </w><w> मौलाना </w><w> मसूद </w><w> अजहर </w><w> के </w><w> पाकिस्तानी </w><w> खुफिया </w><w> एजेंसी </w><w> आईएसआई </w><w> के </w><w> साथ </w><w> गहरे </w><w> ताल्लुकात </w><w> हैं। </w><w> आतंकवाद </w><w> के </w><w> खिलाफ </w><w> अमेरिकी </w><w> नेतृत्व </w><w> में </w><w> जारी </w><w> लड़ाई </w><w> को </w><w> ओसामा </w><w> बिन </w><w> लादेन </w><w> और </w><w> अल </w><w> कायदा </w><w> पर </w><w> हद </w><w> से </w><w> ज्यादा </w><w> केन्द्रित </w><w> बताते </w><w> हुए </w><w> एशिया </w><w> प्रशांत </w><w> फाउंडेशन </w><w> के </w><w> मुख्य </w><w> कार्यकारी </w><w> एम.जे. </w><w> गोहेल </w><w> ने </w><w> कहा </w><w> कि </w><w> एक </w><w> ओर </w><w> तो </w><w> हम </w><w> ब्रिटेन </w><w> और </w><w> यूरोप </w><w> में </w><w> आतंकवादियों </w><w> का </w><w> पालन-पोषण </w><w> कर </w><w> रहे </w><w> हैं </w><w> और </w><w> दूसरी </w><w> ओर </w><w> खुफिया </w><w> जानकारी </w><w> की </w><w> सबसे </w><w> बड़ी </w><w> सोत </w><w> जनता </w><w> से </w><w> अपना </w><w> ध्यान </w><w> ओसामा </w><w> बिन </w><w> लादेन </w><w> पर </w><w> केन्द्रित </w><w> करने </w><w> को </w><w> कह </w><w> रहे </w><w> हैं </w><w> जो </w><w> पाकिस्तान </w><w> या </w><w> अफगानिस्तान </w><w> में </w><w> कहीं </w><w> छिपा </w><w> है। </w><w> &amp;apos </w><w> एशिया </w><w> में </w><w> इस्लामी </w><w> आतंकवाद-एक </w><w> बड़ी </w><w> चुनौती </w><w> &amp;apos </w><w> विषय </w><w> पर </w><w> आयोजित </w><w> दो </w><w> दिवसीय </w><w> सम्मेलन </w><w> में </w><w> गोहेल </w><w> ने </w><w> कहा </w><w> कि </w><w> सबसे </w><w> खतरनाक </w><w> और </w><w> चौंकाने </w><w> वाला </w><w> तथ्य </w><w> यह </w><w> है </w><w> कि </w><w> ब्रिटेन </w><w> तथा </w><w> यूरोप </w><w> में </w><w> जन्मे </w><w> लोगों </w><w> को </w><w> आतंकवादी </w><w> नेटवर्क </w><w> में </w><w> भर्ती </w><w> किया </w><w> जा </w><w> रहा </w><w> है। </w><w> उन्होंने </w><w> कहा </w><w> कि </w><w> सबसे </w><w> चिंताजनक </w><w> बात </w><w> तो </w><w> यह </w><w> है </w><w> कि </w><w> शेख </w><w> और </w><w> अजहर </w><w> के </w><w> पाकिस्तानी </w><w> सैन्य </w><w> खुफिया </w><w> संस्थाओं </w><w> और </w><w> आईएसआई </w><w> के </w><w> साथ </w><w> गहरे </w><w> संबंध </w><w> होने </w><w> के </w><w> पुख्ता </w><w> सबूत </w><w> हैं। </w><w> गोहेल </w><w> ने </w><w> ब्रिटेन </w><w> में </w><w> रहने </w><w> वाले </w><w> आतंकवादियों </w><w> की </w><w> एक </w><w> सूची </w><w> तैयार </w><w> की </w><w> है </w><w> जिसमें </w><w> सीरिया </w><w> में </w><w> जन्मे </w><w> अल </w><w> मुजाहिद्दीन </w><w> गुट </w><w> के </w><w> आतंकवादी </w><w> शेख </w><w> उमर </w><w> बाकरी </w><w> मोहम्मद </w><w> का </w><w> भी </w><w> नाम </w><w> है। </w><w> इसके </w><w> अलावा </w><w> प्रतिबंधित </w><w> जैश-ए-मोहम्मद </w><w> का </w><w> नेता </w><w> मसूद </w><w> अजहर </w><w> उन </w><w> तीन </w><w> आतंकवादियों </w><w> में </w><w> से </w><w> एक </w><w> है </w><w> जिन्हें </w><w> 1999 </w><w> में </w><w> इंडियन </w><w> एयरलाइंस </w><w> के </w><w> अपहृत </w><w> यात्रियों </w><w> के </w><w> बदले </w><w> रिहा </w><w> किया </w><w> गया </w><w> था। </w><w> जार्डन </w><w> में </w><w> जन्मा </w><w> फलस्तीनी </w><w> आतंकवादी </w><w> अबु </w><w> कतादा </w><w> भी </w><w> लंदन </w><w> में </w><w> ही </w><w> रहता </w><w> है। </w><w> शेख </w><w> ने </w><w> प्रसिद्ध </w><w> लंदन </w><w> स्कूल </w><w> ऑफ </w><w> इकोनॉमिक्स </w><w> के </w><w> इस्लामी </w><w> सोसाइटी </w><w> में </w><w> 1992 </w><w> में </w><w> बोस्निया </w><w> पर </w><w> बनी </w><w> एक </w><w> फिल्म </w><w> देखकर </w><w> बोस्निया </w><w> जाने </w><w> का </w><w> फैसला </w><w> किया </w><w> तथा </w><w> वहां </w><w> वह </w><w> जिहादी </w><w> गुटों </w><w> के </w><w> संपर्क </w><w> में </w><w> आया। </w><w> 1993 </w><w> या </w><w> 1994 </w><w> में </w><w> वह </w><w> पाकिस्तान </w><w> स्थित </w><w> आतंकवादी </w><w> संगठन </w><w> हरकत </w><w> उल </w><w> मुजाहिद्दीन </w><w> में </w><w> शामिल </w><w> हो </w><w> गया </w><w> जिसे </w><w> हरकत-उल-अंसार </w><w> के </w><w> नाम </w><w> से </w><w> भी </w><w> जाना </w><w> जाता </w><w> है। </w><w> सोमालिया </w><w> में </w><w> 18 </w><w> अमेरिकी </w><w> सैनिकों </w><w> की </w><w> हत्या </w><w> का </w><w> आरोपी </w><w> अजहर </w><w> कश्मीर </w><w> में </w><w> आतंकवादी </w><w> गतिविधियां </w><w> चलाने </w><w> के </w><w> लिए </w><w> 1992 </w><w> में </w><w> अवैध </w><w> रूप </w><w> से </w><w> भारत </w><w> आया </w><w> तथा </w><w> बाद </w><w> में </w><w> पकड़ा </w><w> गया। </w><w> इसके </w><w> बाद </w><w> शेख </w><w> का </w><w> एक </w><w> ही </w><w> मकसद </w><w> था-अजहर </w><w> की </w><w> रिहाई </w><w> । </w><w> इसके </w><w> लिए </w><w> उसने </w><w> पश्चिमी </w><w> देशों </w><w> के </w><w> चार </w><w> पर्यटकों </w><w> के </w><w> साथ </w><w> दोस्ती </w><w> बढ़ाकर </w><w> उनका </w><w> अपहरण </w><w> किया </w><w> लेकिन </w><w> पुलिस </w><w> ने </w><w> उसके </w><w> ठिकाने </w><w> पर </w><w> छापा </w><w> मारकर </w><w> उसे </w><w> गिरफ्तार </w><w> कर </w><w> लिया। </w><w> इसके </w><w> बाद </w><w> शेख </w><w> तथा </w><w> अजहर </w><w> की </w><w> रिहाई </w><w> के </w><w> लिए </w><w> 1995 </w><w> में </w><w> छह </w><w> पश्चिमी </w><w> नागरिकों </w><w> को </w><w> बंधक </w><w> बनाए </w><w> जाने </w><w> तथा </w><w> 1999 </w><w> में </w><w> इंडियन </w><w> एयरलाइंस </w><w> के </w><w> विमान </w><w> के </w><w> अपहरण </w><w> का </w><w> मामला </w><w> सामने </w><w> आया। </w></p></document>