<?xml version="1.0" encoding="UTF-8"?>
<document><p><w> navbharat_2002_1_18_2147439371 </w></p><p><w> भारत </w><w> ने </w><w> ओआईसी </w><w> की </w><w> सदस्यता </w><w> की </w><w> पेशकश </w><w> ठुकराई </w></p><p><w> नई </w><w> दिल्ली: </w><w> इस्लामी </w><w> देशों </w><w> के </w><w> संगठन </w><w> ओआईसी </w><w> ने </w><w> भारत </w><w> को </w><w> सदस्यता </w><w> की </w><w> पेशकश </w><w> की </w><w> है </w><w> लेकिन </w><w> भारत </w><w> ने </w><w> यह </w><w> कर </w><w> इसे </w><w> स्वीकार </w><w> करने </w><w> से </w><w> इनकार </w><w> कर </w><w> दिया </w><w> है </w><w> कि </w><w> भारत </w><w> किसी </w><w> धार्मिक </w><w> संगठन </w><w> की </w><w> सदस्यता </w><w> नहीं </w><w> ले </w><w> सकता। </w><w> भारत </w><w> को </w><w> यह </w><w> पेशकश </w><w> , </w><w> मुसलमानों </w><w> की </w><w> दुनिया </w><w> में </w><w> दूसरी </w><w> सबसे </w><w> अधिक </w><w> आबादी </w><w> वाले </w><w> देश </w><w> के </w><w> नाते </w><w> की </w><w> गई </w><w> थी। </w><w> ओआईसी </w><w> की </w><w> सदस्यता </w><w> की </w><w> पेशकश </w><w> तब </w><w> की </w><w> गयी </w><w> जब </w><w> खाड़ी </w><w> देशों </w><w> को </w><w> भेजे </w><w> गए </w><w> भारतीय </w><w> सांसदों </w><w> के </w><w> शिष्टमंडल </w><w> ने </w><w> ओआईसी </w><w> के </w><w> महासचिव </w><w> मोरक्को </w><w> के </w><w> अबदेलहेद </w><w> बेलकेजीज </w><w> से </w><w> मुलाकात </w><w> की। </w><w> यहां </w><w> विश्वस्त </w><w> सूत्रों </w><w> ने </w><w> बताया </w><w> कि </w><w> सांसदों </w><w> के </w><w> शिष्टमंडल </w><w> ने </w><w> खाड़ी </w><w> के </w><w> देशों </w><w> का </w><w> व्यापक </w><w> दौरा </w><w> किया </w><w> जिसमें </w><w> ओआईसी </w><w> के </w><w> अध्यक्ष </w><w> कतर </w><w> और </w><w> महासचिव </w><w> मोरक्को </w><w> के </w><w> अलावा </w><w> सऊदी </w><w> अरब </w><w> , </w><w> कुवैत </w><w> , </w><w> सूडान </w><w> , </w><w> ओमान </w><w> , </w><w> संयुक्त </w><w> अरब </w><w> अमीरात </w><w> , </w><w> ट्यनीशिया </w><w> , </w><w> मिस्त्र </w><w> , </w><w> जोर्डन </w><w> , </w><w> सीरिया </w><w> , </w><w> इंडोनेशिया </w><w> आदि </w><w> शामिल </w><w> हैं। </w><w> यहां </w><w> विदेश </w><w> मंत्रालय </w><w> के </w><w> सूत्रों </w><w> के </w><w> अनुसार </w><w> गत </w><time-arg id="2"><link event_arg="0" id="4" type_rel="EVENT_ARG"/><w> 13 </w><w> दिसम्बर </w></time-arg><w> को </w><place-arg id="1"><link event_arg="0" id="3" type_rel="EVENT_ARG"/><w> भारतीय </w><w> संसद </w></place-arg><w> पर </w><man_made_event id="0" type="TERRORIST_ATTACK"><w> आतंकवादी </w><w> हमले </w></man_made_event><w> के </w><w> बाद </w><w> भारत </w><w> और </w><w> पाकिस्तान </w><w> के </w><w> बीच </w><w> पैदा </w><w> तनाव </w><w> की </w><w> वास्तविकता </w><w> बताने </w><w> के </w><w> लिए </w><w> जब </w><w> कतर </w><w> के </w><w> अमीर </w><w> से </w><w> सिकंदर </w><w> बख्त </w><w> के </w><w> नेतृत्व </w><w> में </w><w> सांसदों </w><w> के </w><w> शिष्टमंडल </w><w> ने </w><w> मुलाकात </w><w> की </w><w> , </w><w> तब </w><w> यह </w><w> जानकारी </w><w> मिली </w><w> कि </w><w> पाकिस्तान </w><w> ने </w><w> इस्लामी </w><w> देशों </w><w> के </w><w> संगठन </w><w> पर </w><w> इस </w><w> आशय </w><w> का </w><w> बयान </w><w> जारी </w><w> करने </w><w> के </w><w> लिए </w><w> दबाव </w><w> डालने </w><w> की </w><w> कोशिश </w><w> की </w><w> कि </w><w> भारत-पाक </w><w> तनाव </w><w> के </w><w> दौरान </w><w> यदि </w><w> भारत </w><w> पाकिस्तान </w><w> पर </w><w> हमला </w><w> करता </w><w> है </w><w> , </w><w> तब </w><w> इसे </w><w> न </w><w> केवल </w><w> पाकिस्तान </w><w> बल्कि </w><w> पूरी </w><w> इस्लामी </w><w> दुनिया </w><w> पर </w><w> हमला </w><w> माना </w><w> जाए। </w><w> सूत्रों </w><w> के </w><w> अनुसार </w><w> कतर </w><w> ने </w><w> इस </w><w> तरह </w><w> का </w><w> बयान </w><w> जारी </w><w> करने </w><w> से </w><w> पाकिस्तान </w><w> को </w><w> साफ </w><w> इनकार </w><w> कर </w><w> दिया। </w><w> खाड़ी </w><w> सहयोग </w><w> परिषद </w><w> के </w><w> अध्यक्ष </w><w> ओमान </w><w> ने </w><w> कहा </w><w> कि </w><w> वह </w><w> यह </w><w> समझता </w><w> है </w><w> कि </w><w> भारत </w><w> ने </w><w> आत्मरक्षा </w><w> में </w><w> ही </w><w> वर्तमान </w><w> कदम </w><w> उठाए </w><w> हैं। </w><w> भारत </w><w> ने </w><w> इन </w><w> देशों </w><w> से </w><w> स्पष्ट </w><w> किया </w><w> कि </w><w> आतंकवाद </w><w> के </w><w> खिलाफ </w><w> भारत </w><w> की </w><w> लड़ाई </w><w> धर्म </w><w> के </w><w> आधार </w><w> पर </w><w> नहीं </w><w> बल्कि </w><w> मूल्यों </w><w> के </w><w> आधार </w><w> पर </w><w> है। </w><w> सूत्रों </w><w> के </w><w> अनुसार </w><w> भारतीय </w><w> शिष्टमंडल </w><w> इन </w><w> देशों </w><w> से </w><w> ओआईसी </w><w> में </w><w> नेतृत्वकारी </w><w> भूमिका </w><w> के </w><w> कारण </w><w> मिलने </w><w> नहीं </w><w> गया </w><w> था </w><w> क्योंकि </w><w> भारत </w><w> ओआईसी </w><w> को </w><w> महत्व </w><w> नहीं </w><w> देता </w><w> और </w><w> इसीलिए </w><w> इसके </w><w> भारत </w><w> विरोधी </w><w> बयानों </w><w> की </w><w> उपेक्षा </w><w> करता </w><w> है </w><w> क्योंकि </w><w> ऐसे </w><w> बयान </w><w> पाकिस्तान </w><w> की </w><w> जिद </w><w> पर </w><w> जारी </w><w> किए </w><w> जाते </w><w> हैं </w><w> और </w><w> ओआईसी </w><w> के </w><w> सदस्य </w><w> ही </w><w> भारतीय </w><w> राजनयिकों </w><w> से </w><w> कहते </w><w> हैं </w><w> कि </w><w> ये </w><w> बयान </w><w> केवल </w><w> कागजी </w><w> हैं </w><w> और </w><w> इनका </w><w> कोई </w><w> महत्व </w><w> नहीं </w><w> है। </w><w> सूत्रों </w><w> के </w><w> अनुसार </w><w> खाड़ी </w><w> देशों </w><w> के </w><w> शासकों </w><w> से </w><w> मुलाकात </w><w> के </w><w> दौरान </w><w> सभी </w><w> देशों </w><w> ने </w><w> भारत </w><w> के </w><w> साथ </w><w> सुदृढ़ </w><w> द्विपक्षीय </w><w> रिश्तों </w><w> की </w><w> चर्चा </w><w> की </w><w> और </w><w> इसी </w><w> परिप्रेक्ष्य </w><w> में </w><w> शीर्ष </w><w> स्तर </w><w> पर </w><w> भारतीय </w><w> नेताओं </w><w> से </w><w> मिलने </w><w> का </w><w> समय </w><w> निकाला। </w><w> सूत्रों </w><w> ने </w><w> बताया </w><w> कि </w><w> सभी </w><w> मुस्लिम </w><w> देशों </w><w> ने </w><w> 13 </w><w> दिसम्बर </w><w> को </w><w> भारतीय </w><w> संसद </w><w> पर </w><w> हमले </w><w> की </w><w> तीव्र </w><w> निंदा </w><w> की </w><w> और </w><w> सभी </w><w> ने </w><w> कहा </w><w> कि </w><w> भारत </w><w> और </w><w> पाकिस्तान </w><w> के </w><w> बीच </w><w> विवादों </w><w> को </w><w> द्विपक्षीय </w><w> बातचीत </w><w> से </w><w> ही </w><w> हल </w><w> किया </w><w> जा </w><w> सकता </w><w> है। </w><w> इन </w><w> देशों </w><w> ने </w><w> कहा </w><w> कि </w><w> आतंकवाद </w><w> इस्लाम </w><w> के </w><w> खिलाफ </w><w> है </w><w> और </w><w> इन </w><w> देशों </w><w> ने </w><w> भारत </w><w> द्वारा </w><w> आतंकवाद </w><w> के </w><w> खिलाफ </w><w> उठाए </w><w> गए </w><w> कदमों </w><w> की </w><w> सराहना </w><w> की। </w><w> संयुक्त </w><w> अरब </w><w> अमीरात </w><w> के </w><w> राष्ट्रपति </w><w> शेख </w><w> जाईद </w><w> ने </w><w> कहा </w><w> कि </w><w> आतंकवादी </w><w> मुजाहिद </w><w> नहीं </w><w> बल्कि </w><w> मुजरिम </w><w> हैं। </w><w> कतर </w><w> के </w><w> अमीर </w><w> ने </w><w> भरोसा </w><w> दिलाया </w><w> कि </w><w> ओआईसी </w><w> के </w><w> बयानों </w><w> में </w><w> आतंकवाद </w><w> के </w><w> खिलाफ </w><w> इस्लामी </w><w> देशों </w><w> के </w><w> विचार </w><w> अब </w><w> परिलक्षित </w><w> होंगे। </w><w> इस्लामी </w><w> देशों </w><w> ने </w><w> जोर </w><w> देकर </w><w> कहा </w><w> कि </w><w> कश्मीर </w><w> समस्या </w><w> का </w><w> हल </w><w> द्विपक्षीय </w><w> बातचीत </w><w> से </w><w> ही </w><w> निकाला </w><w> जा </w><w> सकता </w><w> है </w><w> हालांकि </w><w> सभी </w><w> देशों </w><w> ने </w><w> यह </w><w> उम्मीद </w><w> जाहिर </w><w> की </w><w> कि </w><w> वर्तमान </w><w> तनावों </w><w> का </w><w> नतीजा </w><w> युद्ध </w><w> के </w><w> रूप </w><w> में </w><w> नहीं </w><w> निकलेगा। </w><w> मिस्त्र </w><w> के </w><w> राष्ट्रपति </w><w> होस्नी </w><w> मुबारक </w><w> ने </w><w> रघुनंदन </w><w> लाल </w><w> भाटिया </w><w> के </w><w> नेतृत्व </w><w> में </w><w> गए </w><w> शिष्टमंडल </w><w> से </w><w> तो </w><w> यहां </w><w> तक </w><w> कह </w><w> दिया </w><w> कि </w><w> भारत </w><w> का </w><w> यह </w><w> कहना </w><w> ठीक </w><w> है </w><w> कि </w><w> केवल </w><w> कथनी </w><w> से </w><w> ही </w><w> काम </w><w> नहीं </w><w> चलेगा </w><w> बल्कि </w><w> इसे </w><w> करनी </w><w> में </w><w> भी </w><w> बदलना </w><w> पडे़गा। </w><w> उन्होंने </w><w> टिप्पणी </w><w> की </w><w> कि </w><w> कहना </w><w> आसान </w><w> होता </w><w> है </w><w> लेकिन </w><w> करना </w><w> काफी </w><w> मुश्किल </w><w> होता </w><w> है। </w><w> भारत </w><w> पाकिस्तान </w><w> तनाव </w><w> के </w><w> मुद्दे </w><w> पर </w><w> भारत </w><w> से </w><w> सांसदों </w><w> के </w><w> सात </w><w> शिष्टमंडल </w><w> खाड़ी </w><w> के </w><w> देशों </w><w> , </w><w> अफ्रीकी </w><w> देशों </w><w> और </w><w> यूरोपीय </w><w> यूनियन </w><w> की </w><w> राजधानी </w><w> बुसेल्स </w><w> के </w><w> लिए </w><w> भेजे </w><w> गए </w><w> थे </w><w> जो </w><w> मंगलवार </w><w> तक </w><w> लौट </w><w> आए </w><w> हैं। </w><w> ब्रसेल्स </w><w> में </w><w> यूरोपीय </w><w> यूनियन </w><w> के </w><w> अध्यक्ष </w><w> रोमानो </w><w> प्रादी </w><w> ने </w><w> पी. </w><w> ए. </w><w> संगमा </w><w> के </w><w> नेतृत्व </w><w> में </w><w> गए </w><w> शिष्टमंडल </w><w> से </w><w> कहा </w><w> कि </w><w> यूरोपीय </w><w> यूनियन </w><w> द्वारा </w><w> तैयार </w><w> की </w><w> जा </w><w> रही </w><w> विश्व </w><w> भर </w><w> के </w><w> आतंकवादी </w><w> संगठनों </w><w> की </w><w> सूची </w><w> में </w><w> भारत </w><w> में </w><w> सक्रिय </w><w> पाक </w><w> स्थित </w><w> आतंकवादी </w><w> संगठनों </w><w> को </w><w> भी </w><w> शामिल </w><w> करने </w><w> पर </w><w> विचार </w><w> कि </w><w> या </w><w> जाएगा। </w><w> उल्लेखनीय </w><w> है </w><w> कि </w><w> यूरोपीय </w><w> यूनियन </w><w> के </w><w> प्रमुख </w><w> देश </w><w> ब्रिटेन </w><w> ने </w><w> पहले </w><w> ही </w><w> इन </w><w> आतंकवादी </w><w> संगठनों </w><w> को </w><w> काली </w><w> सूची </w><w> में </w><w> डाल </w><w> दिया </w><w> है। </w></p></document>