<?xml version="1.0" encoding="UTF-8"?>
<document><p><w> navbharat_2002_1_1_770668289 </w></p><p><w> संयुक्त </w><w> राष्ट्र </w><w> में </w><w> भारत-पाक </w><w> भिड़े </w></p><p><w> संयुक्त </w><w> राष्ट्र </w><w> (एएफपी): </w><w> संयुक्त </w><w> राष्ट्र </w><w> सुरक्षा </w><w> परिषद </w><w> में </w><w> शुक्रवार </w><w> को </w><w> कश्मीर </w><w> में </w><w> जारी </w><w> आतंकवाद </w><w> के </w><w> मसले </w><w> पर </w><w> खुली </w><w> बहस </w><w> के </w><w> दौरान </w><w> भारत </w><w> और </w><w> पाकिस्तान </w><w> दोनों </w><w> के </w><w> बीच </w><w> तीखी </w><w> झड़प </w><w> हुई </w><w> और </w><w> दोनों </w><w> ने </w><w> एक </w><w> दूसरे </w><w> पर </w><w> आतंकवाद </w><w> को </w><w> शह </w><w> देने </w><w> का </w><w> आरोप </w><w> लगाया। </w><w> संयुक्त </w><w> राष्ट्र </w><w> स्थित </w><w> भारतीय </w><w> दूत </w><w> कमलेश </w><w> शर्मा </w><w> ने </w><w> परिषद </w><w> से </w><w> कहा </w><w> कि </w><w> वह </w><w> ऐसा </w><w> एक </w><w> भी </w><w> उदाहरण </w><w> बताए </w><w> जब </w><w> किसी </w><w> सदस्य </w><w> देश </w><w> ने </w><w> आतंकवाद </w><w> को </w><w> न्यायोचित </w><w> ठहराने </w><w> का </w><w> प्रयास </w><w> किया </w><w> हो। </w><w> पाकिस्तान </w><w> का </w><w> नाम </w><w> लिए </w><w> बिना </w><w> शर्मा </w><w> ने </w><w> कहा </w><w> कि </w><w> कश्मीर </w><w> में </w><w> भारत </w><w> के </w><w> खिलाफ </w><w> संघर्ष </w><w> का </w><w> बिगुल </w><w> बजाने </w><w> वाले </w><w> दो </w><w> इस्लामिक </w><w> आतंकवादी </w><w> गुट </w><w> लश्कर-ए-तैयबा </w><w> और </w><w> जैश-ए-मोहम्मद </w><w> दरअसल </w><w> अंतरराष्ट्रीय </w><w> समुदाय </w><w> की </w><w> इच्छाशक्ति </w><w> और </w><w> दृढ़ता </w><w> की </w><w> परीक्षा </w><w> ले </w><w> रहे </w><w> हैं। </w><w> भारत </w><w> ने </w><w> इन </w><w> दोनों </w><w> गुटों </w><w> को </w><time-arg id="2"><link event_arg="0" id="4" type_rel="EVENT_ARG"/><w> 13 </w><w> दिसंबर </w></time-arg><w> को </w><place-arg id="1"><link event_arg="0" id="3" type_rel="EVENT_ARG"/><w> भारतीय </w><w> संसद </w></place-arg><w> पर </w><w> हुए </w><man_made_event id="0" type="TERRORIST_ATTACK"><w> हमले </w></man_made_event><w> के </w><w> लिए </w><w> दोषी </w><w> ठहराया </w><w> है। </w><w> जिसके </w><w> परिणामस्वरूप </w><w> भारत </w><w> और </w><w> पाकिस्तान </w><w> युद्ध </w><w> के </w><w> कगार </w><w> पर </w><w> आ </w><w> खड़े </w><w> हुए </w><w> हैं। </w><w> पाकिस्तान </w><w> के </w><w> दूत </w><w> शमशाद </w><w> अहमद </w><w> ने </w><w> इसके </w><w> जवाब </w><w> में </w><w> कहा </w><w> कि </w><w> उनकी </w><w> सरकार </w><w> ने </w><w> आतंकवाद </w><w> के </w><w> खिलाफ </w><w> निर्णायक </w><w> और </w><w> दृढ़ </w><w> कदम </w><w> उठाए </w><w> हैं </w><w> और </w><w> वह </w><w> हिंसा </w><w> तथा </w><w> दहशतगर्दी </w><w> के </w><w> समूल </w><w> नाश </w><w> के </w><w> लिए </w><w> प्रतिबद्ध </w><w> है। </w><w> उन्होंने </w><w> कहा </w><w> , </w><w> लेकिन </w><w> भारत </w><w> इस </w><w> पूरे </w><w> मामले </w><w> पर </w><w> भ्रम </w><w> और </w><w> गफलत </w><w> का </w><w> शिकार </w><w> है </w><w> और </w><w> वह </w><w> खुद </w><w> इस </w><w> क्षेत्र </w><w> पर </w><w> अपनी </w><w> दादागिरी </w><w> कायम </w><w> करने </w><w> का </w><w> इच्छुक </w><w> है। </w><w> अहमद </w><w> ने </w><w> कहा </w><w> कि </w><w> भारत </w><w> के </w><w> एक </w><w> करोड़ </w><w> तीस </w><w> लाख </w><w> लोग </w><w> यह </w><w> जानते </w><w> हैं </w><w> कि </w><w> कश्मीरी </w><w> विदेशी </w><w> आधिपत्य </w><w> के </w><w> खिलाफ </w><w> आजादी </w><w> के </w><w> लिए </w><w> संघर्ष </w><w> कर </w><w> रहे </w><w> हैं। </w><w> सुरक्षा </w><w> परिषद </w><w> द्वारा </w><w> गत </w><w> 28 </w><w> सितंबर </w><w> को </w><w> पारित </w><w> एक </w><w> प्रस्ताव </w><w> के </w><w> अनुसार </w><w> हर </w><w> सदस्य </w><w> देश </w><w> के </w><w> लिए </w><w> यह </w><w> जरूरी </w><w> है </w><w> कि </w><w> वह </w><w> आतंकवादी </w><w> संगठनों </w><w> को </w><w> सुरक्षित </w><w> आश्रय </w><w> और </w><w> समर्थन </w><w> देने </w><w> तथा </w><w> धन </w><w> से </w><w> मदद </w><w> करने </w><w> पर </w><w> पाबंदी </w><w> लगाने </w><w> वाले </w><w> कानूनों </w><w> को </w><w> पारित </w><w> करे। </w><w> हालांकि </w><w> भारत </w><w> और </w><w> पाकिस्तान </w><w> में </w><w> से </w><w> कोई </w><w> भी </w><w> देश </w><w> सुरक्षा </w><w> परिषद </w><w> का </w><w> सदस्य </w><w> नहीं </w><w> है </w><w> लेकिन </w><w> दोनों </w><w> को </w><w> ही </w><w> इस </w><w> खुली </w><w> बहस </w><w> में </w><w> भाग </w><w> लेने </w><w> के </w><w> लिए </w><w> आमंत्रित </w><w> किया </w><w> गया </w><w> था। </w><w> बहस </w><w> का </w><w> आयोजन </w><w> प्रस्ताव </w><w> 1373 </w><w> के </w><w> तहत </w><w> गठित </w><w> संयुक्त </w><w> राष्ट्र </w><w> आतंकवाद </w><w> निरोधक </w><w> समिति </w><w> के </w><w> इस </w><w> दिशा </w><w> में </w><w> किए </w><w> गए </w><w> कामकाज </w><w> की </w><w> समीक्षा </w><w> करना </w><w> था। </w></p></document>