<?xml version="1.0" encoding="UTF-8"?>
<document><p><w> navbharat_2002_1_21_383910 </w></p><p><w> पाकिस्तान </w><w> में </w><w> 10 </w><w> हजार </w><w> मदरसों </w><w> के </w><w> खिलाफ </w><w> कार्रवाई </w><w> होगी </w></p><p><w> इस्लामाबाद </w><w> (रायटर): </w><w> पाकिस्तान </w><w> ने </w><w> कहा </w><w> है </w><w> कि </w><w> इस्लामी </w><w> आतंकवाद </w><w> को </w><w> खत्म </w><w> करने </w><w> का </w><w> उसका </w><w> दृढ़ </w><w> संकल्प </w><w> है </w><w> तथा </w><w> कट्टरपंथ </w><w> को </w><w> प्रोत्साहित </w><w> करने </w><w> वाले </w><w> मदरसों </w><w> की </w><w> पहचान </w><w> कर </w><w> उनके </w><w> खिलाफ </w><w> कार्रवाई </w><w> की </w><w> जाएगी। </w><w> धार्मिक </w><w> मामलों </w><w> के </w><w> मंत्री </w><w> महमूद </w><w> अहमद </w><w> गाजी </w><w> ने </w><w> गुरुवार </w><w> को </w><w> टेलीविजन </w><w> पर </w><w> एक </w><w> साक्षात्कार </w><w> में </w><w> बताया </w><w> कि </w><w> सरकार </w><w> हिंसा </w><w> की </w><w> गतिविधियों </w><w> को </w><w> अंजाम </w><w> देने </w><w> या </w><w> बढ़ावा </w><w> देने </w><w> में </w><w> शामिल </w><w> लगभग </w><w> 10 </w><w> हजार </w><w> मदरसों </w><w> की </w><w> पहचान </w><w> करने </w><w> की </w><w> कोशिश </w><w> कर </w><w> रही </w><w> है। </w><w> श्री </w><w> गाजी </w><w> ने </w><w> कहा </w><w> कि </w><w> आतंकवादी </w><w> गतिविधियों </w><w> में </w><w> शामिल </w><w> मदरसों </w><w> पर </w><w> कड़ी </w><w> नजर </w><w> रखी </w><w> जाएगी </w><w> और </w><w> उनके </w><w> खिलाफ </w><w> अभियान </w><w> चलाया </w><w> जाएगा। </w><w> लंबे </w><w> समय </w><w> से </w><w> अनियमित </w><w> रूप </w><w> से </w><w> चल </w><w> रहे </w><w> मदरसे </w><w> इस्लामी </w><w> आतंकवाद </w><w> की </w><w> जड़ </w><w> जमाने </w><w> में </w><w> मशगूल </w><w> रहे </w><w> हैं। </w><w> इन </w><w> मदरसों </w><w> में </w><w> से </w><w> कुछ </w><w> तो </w><w> तालिबान </w><w> को </w><w> पूरा </w><w> सहयोग </w><w> देने </w><w> में </w><w> लगे </w><w> हैं </w><w> जबकि </w><w> कुछ </w><w> मदरसे </w><w> पाकिस्तान </w><w> में </w><w> शिया </w><w> और </w><w> सुन्नी </w><w> समुदायों </w><w> के </w><w> बीच </w><w> नफरत </w><w> पैदा </w><w> करने </w><w> तथा </w><w> संप्रदायिकता </w><w> फैलाने </w><w> में </w><w> लिप्त </w><w> हैं। </w><w> गत </w><w> वर्ष </w><time-arg id="2"><link event_arg="0" id="3" type_rel="EVENT_ARG"/><w> 13 </w><w> दिसंबर </w></time-arg><w> को </w><place-arg id="1"><link event_arg="0" id="4" type_rel="EVENT_ARG"/><w> भारतीय </w><w> संसद </w></place-arg><w> पर </w><man_made_event id="0" type="TERRORIST_ATTACK"><w> आतंकवादी </w><w> हमलों </w></man_made_event><w> के </w><w> बाद </w><w> उत्पन्न </w><w> स्थिति </w><w> के </w><w> मद्देनजर </w><w> पाकिस्तान </w><w> में </w><w> दो </w><w> हजार </w><w> से </w><w> अधिक </w><w> कट्टरपंथियों </w><w> को </w><w> हिरासत </w><w> में </w><w> लिया </w><w> गया </w><w> है। </w><w> पाकिस्तानी </w><w> राष्ट्रपति </w><w> परवेज </w><w> मुशर्रफ </w><w> ने </w><w> कहा </w><w> कि </w><w> भविष्य </w><w> में </w><w> मदरसों </w><w> को </w><w> नियमित </w><w> किया </w><w> जाएगा </w><w> तथा </w><w> उन्हें </w><w> कुरान </w><w> की </w><w> सीमित </w><w> शिक्षा </w><w> से </w><w> ऊपर </w><w> उठकर </w><w> अन्य </w><w> विषयों </w><w> की </w><w> शिक्षा </w><w> भी </w><w> देनी </w><w> होगी। </w><w> श्री </w><w> गाजी </w><w> ने </w><w> कहा- </w><w> हमने </w><w> एक </w><w> व्यापक </w><w> नीति </w><w> तैयार </w><w> की </w><w> है </w><w> ताकि </w><w> मदरसों </w><w> को </w><w> नियमों </w><w> से </w><w> संचालित </w><w> कर </w><w> उन्हें </w><w> मुख्य </w><w> धारा </w><w> में </w><w> लाया </w><w> जा </w><w> सके। </w><w> उन्होंने </w><w> कहा </w><w> कि </w><w> भविष्य </w><w> में </w><w> मदरसों </w><w> में </w><w> अंग्रेजी </w><w> , </w><w> गणित </w><w> , </w><w> सामाजिक </w><w> विज्ञान </w><w> के </w><w> विषयों </w><w> को </w><w> शामिल </w><w> करना </w><w> होगा। </w><w> श्री </w><w> गाजी </w><w> ने </w><w> कहा- </w><w> हम </w><w> कुछ </w><w> आदर्श </w><w> मदरसे </w><w> स्थापित </w><w> कर </w><w> रहे </w><w> हैं </w><w> ताकि </w><w> दूसरे </w><w> मदरसे </w><w> इनका </w><w> अनुकरण </w><w> कर </w><w> सकें। </w><w> उन्होंने </w><w> बताया </w><w> कि </w><w> पाकिस्तान </w><w> तंगी </w><w> के </w><w> दौर </w><w> से </w><w> गुजर </w><w> रहा </w><w> है </w><w> और </w><w> प्राथमिक </w><w> शिक्षा </w><w> मुहैया </w><w> कराने </w><w> के </w><w> लिए </w><w> भी </w><w> 70 </w><w> करोड़ </w><w> रुपयों </w><w> की </w><w> जरूरत </w><w> है। </w><w> श्री </w><w> गाजी </w><w> ने </w><w> आतंकवाद </w><w> विरोधी </w><w> अमेरिकी </w><w> गठबंधन </w><w> में </w><w> जनरल </w><w> मुशर्रफ </w><w> के </w><w> शामिल </w><w> होने </w><w> के </w><w> खिलाफ </w><w> कट्टरपंथी </w><w> गुटों </w><w> द्वारा </w><w> हिंसक </w><w> प्रतिक्रिया </w><w> की </w><w> सम्भावना </w><w> से </w><w> इनकार </w><w> किया। </w><w> उन्होंने </w><w> कहा </w><w> कि </w><w> इन </w><w> गुटों </w><w> का </w><w> छात्रों </w><w> पर </w><w> राजनीतिक </w><w> प्रभाव </w><w> हो </w><w> सकता </w><w> है </w><w> लेकिन </w><w> वे </w><w> मदरसे </w><w> नहीं </w><w> चला </w><w> रहे </w><w> हैं। </w><w> सैनिक </w><w> तानाशाह </w><w> जनरल </w><w> जिया </w><w> उल </w><w> हक </w><w> के </w><w> जमाने </w><w> में </w><w> 1977 </w><w> से </w><w> 1988 </w><w> के </w><w> बीच </w><w> पाकिस्तान </w><w> में </w><w> सैंकड़ों </w><w> मदरसे </w><w> खुले </w><w> थे। </w><w> फिर </w><w> जब </w><w> अमेरिका </w><w> ने </w><w> अफगानिस्तान </w><w> में </w><w> सोवियत </w><w> अतिक्रमण </w><w> के </w><w> खिलाफ </w><w> जेहादी </w><w> गुटों </w><w> को </w><w> पनपाने </w><w> में </w><w> पाकिस्तान </w><w> का </w><w> साथ </w><w> दिया </w><w> तो </w><w> मदरसों </w><w> की </w><w> पौ </w><w> बारह </w><w> हो </w><w> गई। </w><w> गाजी </w><w> ने </w><w> बताया </w><w> कि </w><w> पाकिस्तान </w><w> में </w><w> ऐसे </w><w> करीब </w><w> 10 </w><w> हजार </w><w> मदरसे </w><w> हैं </w><w> जहां </w><w> नि:शुल्क </w><w> भोजन </w><w> , </w><w> रहने </w><w> की </w><w> व्यवस्था </w><w> और </w><w> शिक्षा </w><w> दी </w><w> जाती </w><w> है। </w><w> इनमें </w><w> 15 </w><w> लाख </w><w> से </w><w> ज्यादा </w><w> छात्र </w><w> पढ़ते </w><w> हैं। </w><w> इनमें </w><w> से </w><w> 19 </w><w> हजार </w><w> विदेशी </w><w> छात्र </w><w> हैं। </w><w> इन </w><w> विदेशियों </w><w> में </w><w> भी </w><w> अफगानियों </w><w> की </w><w> संख्या </w><w> 17 </w><w> हजार </w><w> है। </w></p></document>