<?xml version="1.0" encoding="UTF-8"?>
<document><p><w> navbharat_2002_1_28_1084111 </w></p><p><w> अमेरिका </w><w> ने </w><w> मध्यस्थता </w><w> से </w><w> इनकार </w><w> किया </w></p><p><w> वाशिंगटन </w><w> (भाषा </w><w> , </w><w> वार्ता): </w><w> अमेरिका </w><w> ने </w><w> भारत </w><w> के </w><w> साथ </w><w> मध्यस्थता </w><w> के </w><w> पाकिस्तान </w><w> के </w><w> आग्रह </w><w> को </w><w> ठुकरा </w><w> दिया </w><w> है </w><w> और </w><w> साथ </w><w> ही </w><w> यह </w><w> मानने </w><w> से </w><w> भी </w><w> इनकार </w><w> किया </w><w> है </w><w> कि </w><time-arg id="2"><link event_arg="0" id="4" type_rel="EVENT_ARG"/><w> 13 </w><w> दिसंबर </w></time-arg><w> को </w><place-arg id="1"><link event_arg="0" id="3" type_rel="EVENT_ARG"/><w> भारतीय </w><w> संसद </w></place-arg><w> पर </w><w> हुआ </w><man_made_event id="0" type="TERRORIST_ATTACK"><w> हमला </w></man_made_event><w> आतंकवादी </w><w> कार्रवाई </w><w> नहीं </w><w> थी। </w><w> पाकिस्तानी </w><w> राष्ट्रपति </w><w> परवेज </w><w> मुशर्रफ </w><w> की </w><w> अमेरिका </w><w> यात्रा </w><w> की </w><w> समाप्ति </w><w> पर </w><w> राष्ट्रीय </w><w> सुरक्षा </w><w> सलाहकार </w><w> कोंडलीजा </w><w> राइस </w><w> ने </w><w> यहां </w><w> संवाददाताओं </w><w> से </w><w> कहा </w><w> कि </w><w> अमेरिका </w><w> हरसंभव </w><w> मदद </w><w> करने </w><w> के </w><w> लिए </w><w> तैयार </w><w> है </w><w> , </w><w> लेकिन </w><w> हमारे </w><w> विचार </w><w> में </w><w> यह </w><w> एक </w><w> ऐसा </w><w> मामला </w><w> है </w><w> जिसमें </w><w> मध्यस्थता </w><w> का </w><w> कोई </w><w> फायदा </w><w> नहीं </w><w> है। </w><w> वह </w><w> संवाददाताओं </w><w> को </w><w> राष्ट्रपति </w><w> जॉर्ज </w><w> बुश </w><w> की </w><w> जापान </w><w> , </w><w> दक्षिण </w><w> कोरिया </w><w> और </w><w> चीन </w><w> की </w><w> शीघ्र </w><w> शुरू </w><w> होने </w><w> वाली </w><w> यात्रा </w><w> संबंधित </w><w> कार्यक्रम </w><w> की </w><w> जानकारी </w><w> दे </w><w> रही </w><w> थीं। </w><w> उन्होंने </w><w> कहा </w><w> कि </w><w> वास्तव </w><w> में </w><w> इस </w><w> समय </w><w> भारत </w><w> और </w><w> पाकिस्तान </w><w> के </w><w> बीच </w><w> वार्ता </w><w> बहाल </w><w> करने </w><w> की </w><w> जरूरत </w><w> है </w><w> और </w><w> इसके </w><w> लिए </w><w> हम </w><w> प्रयास </w><w> कर </w><w> रहे </w><w> हैं। </w><w> राइस </w><w> ने </w><w> मुशर्रफ </w><w> द्वारा </w><w> दिए </w><w> गए </w><w> इस </w><w> बयान </w><w> को </w><w> भी </w><w> ठुकरा </w><w> दिया </w><w> कि </w><w> इस </w><w> बात </w><w> का </w><w> कोई </w><w> सबूत </w><w> नहीं </w><w> है </w><w> कि </w><place-arg id="6"><link event_arg="5" id="14" type_rel="EVENT_ARG"/><w> भारतीय </w><w> संसद </w></place-arg><w> पर </w><w> हुआ </w><man_made_event id="5" type="TERRORIST_ATTACK"><event-coref-link event_id="0" id="19" type_rel="EVENT_COREF"></event-coref-link><w> हमला </w></man_made_event><w> एक </w><w> आतंकवादी </w><w> कार्रवाई </w><w> थी। </w><w> राइस </w><w> ने </w><w> कहा </w><w> कि </w><time-arg id="12"><link event_arg="7" id="15" type_rel="EVENT_ARG"/><w> 11 </w><w> सितंबर </w></time-arg><w> को </w><w> लोकतंत्र </w><w> पर </w><w> एक </w><man_made_event id="7" type="TERRORIST_ATTACK"><w> हमला </w></man_made_event><w> हुआ </w><w> था </w><w> और </w><time-arg id="11"><link event_arg="13" id="16" type_rel="EVENT_ARG"/><w> 13 </w><w> दिसंबर </w></time-arg><w> को </w><place-arg id="13"><event-coref-link event_id="0" id="20" type_rel="EVENT_COREF"></event-coref-link><w> भारतीय </w><w> संसद </w></place-arg><w> पर </w><w> किया </w><w> गया </w><man_made_event id="8" type="TERRORIST_ATTACK"><w> हमला </w></man_made_event><w> एक </w><w> अन्य </w><w> लोकतंत्र </w><w> पर </w><man_made_event id="9" type="TERRORIST_ATTACK"><w> हमला </w></man_made_event><w> था। </w><w> इस </w><w> हमले </w><w> ने </w><w> सभी </w><w> को </w><w> यह </w><w> संदेश </w><w> दिया </w><w> कि </w><w> आतंकवाद </w><w> एक </w><w> स्थिर </w><w> और </w><w> धर्मनिरपेक्ष </w><w> पाकिस्तान </w><w> के </w><w> लिए </w><w> भी </w><w> खतरा </w><w> हो </w><w> सकता </w><w> है। </w><w> मुशर्रफ </w><w> के </w><w> बयान </w><w> पर </w><w> टिप्पणी </w><w> करते </w><w> हुए </w><w> विदेश </w><w> विभाग </w><w> के </w><w> प्रवक्ता </w><w> फिल </w><w> रीकर </w><w> ने </w><w> कहा </w><w> कि </w><place-arg id="17"><link event_arg="10" id="18" type_rel="EVENT_ARG"/><w> भारतीय </w><w> संसद </w></place-arg><w> पर </w><w> हुआ </w><man_made_event id="10" type="TERRORIST_ATTACK"><event-coref-link event_id="0" id="21" type_rel="EVENT_COREF"></event-coref-link><w> हमला </w></man_made_event><w> आतंकवादी </w><w> कार्रवाई </w><w> थी </w><w> और </w><w> इस </w><w> घटना </w><w> ने </w><w> विश्व </w><w> भर </w><w> में </w><w> आतंकवाद </w><w> के </w><w> खिलाफ </w><w> संघर्ष </w><w> की </w><w> जरूरत </w><w> को </w><w> और </w><w> बढ़ा </w><w> दिया </w><w> है। </w><w> उधर </w><w> , </w><w> मुशर्रफ </w><w> ने </w><w> अमेरिका </w><w> की </w><w> तीन </w><w> दिनों </w><w> की </w><w> अपनी </w><w> यात्रा </w><w> को </w><w> बहुत </w><w> सकारात्मक </w><w> बताया </w><w> है। </w><w> जनरल </w><w> मुशर्रफ </w><w> ने </w><w> अमेरिकी </w><w> प्रतिनिधि </w><w> सभा </w><w> की </w><w> अंतरराष्ट्रीय </w><w> संबंध </w><w> समिति </w><w> के </w><w> सदस्यों </w><w> से </w><w> मुलाकात </w><w> के </w><w> दौरान </w><w> गुरुवार </w><w> को </w><w> यहां </w><w> कहा </w><w> कि </w><w> हमें </w><w> वह </w><w> सब </w><w> मिला </w><w> , </w><w> जिसकी </w><w> हम </w><w> कामना </w><w> करते </w><w> रहे </w><w> हैं। </w><w> अमेरिका </w><w> ने </w><w> पाकिस्तान </w><w> को </w><w> तीन </w><w> अरब </w><w> डॉलर </w><w> के </w><w> कर्ज </w><w> में </w><w> से </w><w> एक </w><w> अरब </w><w> डॉलर </w><w> माफ </w><w> करने </w><w> का </w><w> आश्वासन </w><w> दिया </w><w> है। </w><w> लेकिन </w><w> जनरल </w><w> मुशर्रफ </w><w> कश्मीर </w><w> में </w><w> अमेरिकी </w><w> हस्तक्षेप </w><w> , </w><w> उच्च </w><w> तकनीक </w><w> वाले </w><w> विमानों </w><w> की </w><w> बिक्री </w><w> और </w><w> अमेरिका </w><w> के </w><w> बाजार </w><w> को </w><w> पाकिस्तानी </w><w> वस्त्र </w><w> निर्यात </w><w> के </w><w> लिए </w><w> खोलने </w><w> के </w><w> बारे </w><w> में </w><w> कोई </w><w> आश्वासन </w><w> हासिल </w><w> नहीं </w><w> कर </w><w> सके। </w><w> पाकिस्तानी </w><w> राष्ट्रपति </w><w> ने </w><w> कहा </w><w> कि </w><w> मुझे </w><w> अपने </w><w> देश </w><w> से </w><w> संबंधित </w><w> सभी </w><w> मसलों </w><w> पर </w><w> अमेरिकी </w><w> कांग्रेस </w><w> से </w><w> समर्थन </w><w> की </w><w> उम्मीद </w><w> है। </w><w> जनरल </w><w> मुशर्रफ </w><w> ने </w><w> कहा </w><w> कि </w><w> पाकिस्तान </w><w> और </w><w> समूचा </w><w> क्षेत्र </w><w> अमेरिका </w><w> से </w><w> मिलने </w><w> वाले </w><w> सहयोग </w><w> की </w><w> ओर </w><w> देखता </w><w> है। </w><w> उन्होंने </w><w> कहा </w><w> कि </w><w> अमेरिका </w><w> से </w><w> मुझे </w><w> और </w><w> मेरी </w><w> सरकार </w><w> को </w><w> जितना </w><w> सहयोग </w><w> मिलेगा </w><w> , </w><w> उग्रवाद </w><w> का </w><w> हौसला </w><w> उतना </w><w> ही </w><w> पस्त </w><w> होगा। </w><w> पाकिस्तान </w><w> के </w><w> राष्ट्रपति </w><w> ने </w><w> कहा </w><w> कि </w><w> उनकी </w><w> सरकार </w><w> उग्रवादियों </w><w> के </w><w> खिलाफ </w><w> अभियान </w><w> और </w><w> आथिर्क </w><w> तथा </w><w> धार्मिक </w><w> सुधार </w><w> मुस्तैदी </w><w> से </w><w> जारी </w><w> रखेगी। </w></p></document>