<?xml version="1.0" encoding="UTF-8"?>
<document><p><w> navbharat_2002_1_29_1173607 </w></p><p><w> जिहाद </w><w> के </w><w> ठेकेदार </w><w> बन </w><w> रहे </w><w> हैं </w><w> लश्कर </w><w> व </w><w> जैश </w><w> : </w><w> मुशर्रफ </w></p><p><w> इस्लामाबाद </w><w> (भाषा): </w><w> पाकिस्तान </w><w> के </w><w> राष्ट्रपति </w><w> परवेज </w><w> मुशर्रफ </w><w> ने </w><w> माना </w><w> कि </w><w> लश्करे </w><w> तैयबा </w><w> और </w><w> जैशे </w><w> मोहम्मद </w><w> जैसे </w><w> चरमपंथी </w><w> संगठन </w><w> अनेक </w><w> देशों </w><w> में </w><w> जिहाद </w><w> के </w><w> ठेकेदार </w><w> बन </w><w> गए </w><w> हैं </w><w> जिससे </w><w> देश </w><w> पर </w><w> आतंकवाद </w><w> को </w><w> बढ़ावा </w><w> देने </w><w> का </w><w> आरोप </w><w> लगने </w><w> लगा </w><w> है </w><w> , </w><w> लेकिन </w><w> उन्होंने </w><w> 20 </w><w> वांछित </w><w> अपराधियों </w><w> और </w><w> उग्रवादियों </w><w> को </w><w> भारत </w><w> को </w><w> सौंपने </w><w> की </w><w> संभावना </w><w> से </w><w> इनकार </w><w> किया। </w><w> मुशर्रफ </w><w> ने </w><w> इस </w><w> बात </w><w> से </w><w> इनकार </w><w> किया </w><w> है </w><w> कि </w><w> पाकिस्तानी </w><w> खुफिया </w><w> एजेंसी </w><w> आईएसआई </w><w> पाकिस्तान </w><w> की </w><w> सियासत </w><w> में </w><w> कोई </w><w> अस्थिरता </w><w> पैदा </w><w> कर </w><w> रही </w><w> है। </w><w> उन्होंने </w><w> एक </w><w> हफ्ते </w><w> की </w><w> अपनी </w><w> अमेरिका </w><w> यात्रा </w><w> की </w><w> समाप्ति </w><w> पर </w><w> पाकिस्तानी </w><w> मीडिया </w><w> को </w><w> संबोधित </w><w> करते </w><w> हुए </w><w> कहा </w><w> कि </w><w> लश्कर </w><w> और </w><w> जैश </w><w> जैसे </w><w> संगठनों </w><w> ने </w><w> अनेक </w><w> देशों </w><w> में </w><w> जिहाद </w><w> की </w><w> ठेकेदारी </w><w> शुरू </w><w> कर </w><w> दी </w><w> है </w><w> और </w><w> अंतरराष्ट्रीय </w><w> राजनीति </w><w> में </w><w> सक्रिय </w><w> भागीदारी </w><w> निभाने </w><w> लगे </w><w> हैं। </w><w> पाकिस्तानी </w><w> मीडिया </w><w> की </w><w> रिपोर्टों </w><w> के </w><w> अनुसार </w><w> मुशर्रफ </w><w> ने </w><w> कहा </w><w> कि </w><w> इस </w><w> तरह </w><w> की </w><w> दखलंदाजी </w><w> गलत </w><w> है </w><w> और </w><w> इसी </w><w> के </w><w> कारण </w><w> पूरी </w><w> दुनिया </w><w> में </w><w> पाकिस्तान </w><w> पर </w><w> आतंकवाद </w><w> को </w><w> बढ़ावा </w><w> देने </w><w> का </w><w> आरोप </w><w> लगने </w><w> लगा </w><w> है। </w><w> उन्होंने </w><w> कहा </w><w> कि </w><w> पाकिस्तान </w><w> में </w><w> स्थापित </w><w> संगठनों </w><w> ने </w><w> अफगानिस्तान </w><w> और </w><w> चेचेन्या </w><w> में </w><w> अपनी </w><w> गतिविधियां </w><w> चलाने </w><w> का </w><w> दावा </w><w> करना </w><w> शुरू </w><w> कर </w><w> दिया </w><w> है </w><w> , </w><w> इसकी </w><w> इजाजत </w><w> नहीं </w><w> दी </w><w> जा </w><w> सकती </w><w> है। </w><w> उन्होंने </w><w> इसके </w><w> खिलाफ </w><w> जरूरी </w><w> कदम </w><w> उठाए </w><w> हैं। </w><w> मुशर्रफ </w><w> ने </w><w> सरहद </w><w> पार </w><w> से </w><w> भारत </w><w> में </w><w> फैलाए </w><w> जा </w><w> रहे </w><w> आतंकवाद </w><w> में </w><w> दोनों </w><w> संगठनों </w><w> का </w><w> हाथ </w><w> होने </w><w> का </w><w> कोई </w><w> जिक्र </w><w> नहीं </w><w> किया। </w><w> पाकिस्तान </w><w> ने </w><w> पहले </w><w> दावा </w><w> किया </w><w> था </w><w> कि </w><w> देश </w><w> में </w><w> गड़बडि़यां </w><w> फैलाने </w><w> के </w><w> कारण </w><w> सांप्रदायिक </w><w> संगठनों </w><w> के </w><w> साथ </w><w> लश्कर </w><w> और </w><w> जैश </w><w> पर </w><w> भी </w><w> प्रतिबंध </w><w> लगा </w><w> दिया </w><w> गया </w><w> है। </w><w> लेकिन </w><w> कार्रवाई </w><w> तभी </w><w> हुई </w><w> जब </w><w> भारत </w><w> ने </w><place-arg id="1"><link event_arg="0" id="2" type_rel="EVENT_ARG"/><w> संसद </w></place-arg><w> पर </w><w> हुए </w><man_made_event id="0" type="TERRORIST_ATTACK"><w> हमले </w></man_made_event><w> के </w><w> लिए </w><w> इन </w><w> दोनों </w><w> आतंकवादी </w><w> संगठनों </w><w> को </w><w> जिम्मेदार </w><w> ठहराया। </w><w> मुशर्रफ </w><w> ने </w><w> कहा </w><w> कि </w><w> लश्कर </w><w> और </w><w> जैश </w><w> दोनों </w><w> को </w><w> पाकिस्तान </w><w> के </w><w> राष्ट्रीय </w><w> हित </w><w> में </w><w> प्रतिबंधित </w><w> किया </w><w> गया </w><w> है। </w><w> उनका </w><w> कहना </w><w> था </w><w> कि </w><w> उनके </w><w> 12 </w><w> जनवरी </w><w> के </w><w> संबोधन </w><w> के </w><w> बाद </w><w> भारत </w><w> को </w><w> सरहद </w><w> पर </w><w> से </w><w> अपनी </w><w> सेना </w><w> हटा </w><w> लेनी </w><w> चाहिए </w><w> थी </w><w> , </w><w> लेकिन </w><w> भारत </w><w> ने </w><w> सेना </w><w> नहीं </w><w> हटाई। </w><w> उनका </w><w> कहना </w><w> था </w><w> कि </w><w> भारत </w><w> ने </w><w> ऐसा </w><w> आंतरिक </w><w> राजनीतिक </w><w> कारणों </w><w> से </w><w> किया। </w><w> पाकिस्तानी </w><w> राष्ट्रपति </w><w> ने </w><w> फिर </w><w> दोहराया </w><w> कि </w><w> स्वतंत्रता </w><w> संग्राम </w><w> और </w><w> आतंकवाद </w><w> के </w><w> बीच </w><w> फर्क </w><w> होता </w><w> है। </w><w> उन्होंने </w><w> कहा </w><w> कि </w><w> कश्मीर </w><w> में </w><w> आंदोलन </w><w> स्वतंत्रता </w><w> संग्राम </w><w> है </w><w> न </w><w> कि </w><w> आतंकवाद </w><w> । </w><w> उन्होंने </w><w> पाकिस्तानी </w><w> पत्रकारों </w><w> से </w><w> कहा </w><w> कि </w><w> वे </w><w> यह </w><w> बात </w><w> उनके </w><w> हवाले </w><w> से </w><w> लिख </w><w> सकते </w><w> हैं। </w><w> मुशर्रफ </w><w> ने </w><w> कहा </w><w> कि </w><w> वह </w><w> 20 </w><w> अपराधियों </w><w> और </w><w> उग्रवादियों </w><w> के </w><w> प्रत्यर्पण </w><w> की </w><w> भारत </w><w> की </w><w> मांग </w><w> पर </w><w> अमल </w><w> नहीं </w><w> करने </w><w> जा </w><w> रहे </w><w> हैं। </w><w> उन्होंने </w><w> आईएसआई </w><w> की </w><w> विवादास्पद </w><w> छवि </w><w> के </w><w> संबंध </w><w> में </w><w> कहा </w><w> कि </w><w> पाकिस्तान </w><w> के </w><w> राजनीतिक </w><w> नेतृत्व </w><w> ने </w><w> अतीत </w><w> में </w><w> उसका </w><w> दुरुपयोग </w><w> किया </w><w> था </w><w> , </w><w> लेकिन </w><w> उन्होंने </w><w> इस </w><w> बात </w><w> से </w><w> इनकार </w><w> किया </w><w> कि </w><w> देश </w><w> में </w><w> सरकारों </w><w> को </w><w> गिराने </w><w> या </w><w> अस्थिर </w><w> करने </w><w> में </w><w> उसकी </w><w> कोई </w><w> भूमिका </w><w> थी। </w></p></document>