<?xml version="1.0" encoding="UTF-8"?>
<document><p><w> navbharat_2002_1_4_1927955312 </w></p><p><w> दिल्ली </w><w> के </w><w> बाहर </w><w> आतंकी </w><w> हमलों </w><w> की </w><w> सूचना </w><w> आईबी </w><w> ने </w><w> दी </w><w> थी </w></p><p><w> नई </w><w> दिल्ली </w><w> (नभाटा): </w><place-arg id="2"><link event_arg="0" id="10" type_rel="EVENT_ARG"/><w> कोलकाता </w><w> में </w><w> अमेरिकी </w><w> सेंटर </w></place-arg><w> पर </w><w> हुए </w><man_made_event id="0" type="TERRORIST_ATTACK"><w> हमले </w></man_made_event><w> के </w><w> पूर्व </w><w> खुफिया </w><w> ब्यूरो </w><w> ने </w><w> चेतावनी </w><w> दी </w><w> थी </w><w> कि </w><w> आतंकवादी </w><w> अब </w><w> संभवत: </w><w> दिल्ली </w><w> से </w><w> बाहर </w><w> अपना </w><w> ध्यान </w><w> केन्द्रित </w><w> करेंगे। </w><w> ब्यूरो </w><w> ने </w><w> यह </w><w> भी </w><w> चेतावनी </w><w> दी </w><w> थी </w><w> कि </w><w> आतंकवादी </w><w> मशहूर </w><w> लोगों </w><w> , </w><w> जैसे </w><w> फिल्मी </w><w> सितारों </w><w> और </w><w> क्रिकेटरों </w><w> को </w><w> अपना </w><w> निशाना </w><w> बना </w><w> सकते </w><w> हैं </w><w> क्योंकि </w><w> इन्हें </w><w> मंत्रियों </w><w> , </w><w> राजनेताओं </w><w> या </w><w> सरकारी </w><w> अधिकारियों </w><w> की </w><w> तरह </w><w> सुरक्षा </w><w> मुहैया </w><w> नहीं </w><w> होती। </w><w> खुफिया </w><w> ब्यूरो </w><w> के </w><w> एक </w><w> अधिकारी </w><w> ने </w><w> कहा </w><w> कि </w><w> विभिन्न </w><w> सुरक्षा </w><w> एजेंसियों </w><w> ने </w><w> राजधानी </w><w> दिल्ली </w><w> में </w><w> अभूतपूर्व </w><w> सुरक्षा </w><w> इंतजाम </w><w> किए </w><w> हुए </w><w> हैं। </w><w> इसलिए </w><w> आतंकवादी </w><w> दूसरी </w><w> जगहों </w><w> पर </w><w> अपना </w><w> ध्यान </w><w> लगा </w><w> सकते </w><w> हैं। </w><w> गत </w><w> सप्ताह </w><w> खुफिया </w><w> ब्यूरो </w><w> ने </w><w> गृह </w><w> मंत्रालय </w><w> को </w><w> जो </w><w> रिपोर्ट </w><w> सौंपी </w><w> थी </w><w> , </w><w> उसके </w><w> अनुसार </w><w> आतंकवादी </w><w> दिल्ली </w><w> के </w><w> बाहर </w><w> जिन </w><w> स्थानों </w><w> पर </w><w> हमले </w><w> कर </w><w> सकते </w><w> हैं </w><w> , </w><w> उनमें </w><w> आगरा </w><w> में </w><w> ताजमहल </w><w> , </w><w> बेंगलूर </w><w> में </w><w> इन्फोसिस </w><w> और </w><w> मुंबई </w><w> में </w><w> एयर </w><w> इंडिया </w><w> व </w><w> शेयर </w><w> बाजार </w><w> शामिल </w><w> हैं। </w><w> ताजमहल </w><w> को </w><w> संभावित </w><w> खतरे </w><w> को </w><w> देखते </w><w> हुए </w><w> खुफिया </w><w> ब्यूरो </w><w> ने </w><w> पुरातत्व </w><w> सर्वेक्षण </w><w> विभाग </w><w> ने </w><w> ताजमहल </w><w> के </w><w> इर्द-गिर्द </w><w> सुरक्षा </w><w> व्यवस्था </w><w> मजबूत </w><w> कर </w><w> ली </w><w> है। </w><place-arg id="7"><link event_arg="1" id="11" type_rel="EVENT_ARG"/><w> स्मारक </w></place-arg><w> पर </w><w> हवाई </w><man_made_event id="1" type="TERRORIST_ATTACK"><event-coref-link event_id="0" id="16" type_rel="EVENT_COREF"></event-coref-link><w> हमले </w></man_made_event><w> रोकने </w><w> के </w><w> लिए </w><w> वायु </w><w> सेना </w><w> के </w><w> जवान </w><w> भी </w><w> तैनात </w><w> किए </w><w> गए </w><w> हैं। </w><w> पिछले </w><w> वर्षों </w><w> में </w><w> देखा </w><w> गया </w><w> है </w><w> कि </w><w> गणतंत्र </w><w> दिवस </w><w> के </w><w> आसपास </w><w> आतंकवादी </w><w> हमले </w><w> बढ़ </w><w> जाते </w><w> हैं। </w><w> हाल </w><w> में </w><w> , </w><w> दिल्ली </w><w> पुलिस </w><w> ने </w><w> लश्कर-ए-तैयबा </w><w> के </w><w> चार </w><w> आतंकवादियों </w><w> को </w><w> गिरफ्तार </w><w> किया </w><w> है। </w><w> इन </w><w> आतंकवादियों </w><w> की </w><w> दिल्ली </w><w> में </w><w> हमले </w><w> की </w><w> योजना </w><w> थी। </w><w> इसे </w><w> देखते </w><w> हुए </w><w> लाल </w><w> किला </w><w> और </w><w> कुतुब </w><w> मीनार </w><w> जैसे </w><w> महत्वपूर्ण </w><w> स्मारकों </w><w> पर </w><w> भी </w><w> सुरक्षाकर्मी </w><w> कड़ी </w><w> नजर </w><w> रख </w><w> रहे </w><w> हैं। </w><w> मगर </w><w> एक </w><w> खुफिया </w><w> अधिकारी </w><w> ने </w><w> कहा </w><w> , </w><w> &amp;apos </w><w> काम </w><w> इतना </w><w> गंभीर </w><w> है </w><w> कि </w><w> सुरक्षा </w><w> एजेंसियों </w><w> के </w><w> लिए </w><w> बहुत </w><w> मुश्किले </w><w> आ </w><w> रही </w><w> हैं। </w><w> &amp;apos </w><w> गौरतलब </w><w> है </w><w> कि </w><time-arg id="8"><link event_arg="3" id="12" type_rel="EVENT_ARG"/><w> दिसम्बर </w><w> , </w><w> 2000 </w></time-arg><w> में </w><w> लश्कर </w><w> के </w><w> आतंकवादियों </w><w> ने </w><place-arg id="5"><link event_arg="3" id="13" type_rel="EVENT_ARG"/><w> लाल </w><w> किला </w></place-arg><w> पर </w><man_made_event id="3" type="TERRORIST_ATTACK"><w> हमला </w></man_made_event><w> किया </w><w> था </w><w> और </w><w> गत </w><w> वर्ष </w><time-arg id="9"><link event_arg="4" id="14" type_rel="EVENT_ARG"/><w> 13 </w><w> दिसम्बर </w></time-arg><w> को </w><w> आतंकवादियों </w><w> ने </w><place-arg id="6"><link event_arg="4" id="15" type_rel="EVENT_ARG"/><w> संसद </w></place-arg><w> पर </w><w> ही </w><man_made_event id="4" type="TERRORIST_ATTACK"><w> हमला </w></man_made_event><w> बोल </w><w> दिया </w><w> था। </w></p></document>