<?xml version="1.0" encoding="UTF-8"?>
<document><p><w> navbharat_2002_1_5_1535902253 </w></p><p><w> इस्लाम </w><w> को </w><w> बदनाम </w><w> कर </w><w> रहे </w><w> ये </w><w> मुसलमान </w><w> -- </w><w> फिरोज </w><w> बख्त </w><w> अहमद </w></p><p><w> पश्चिमी </w><w> मीडिया </w><w> यों </w><w> तो </w><w> सदा </w><w> से </w><w> ही </w><w> इस्लाम </w><w> को </w><w> बदनाम </w><w> करता </w><w> चला </w><w> आया </w><w> है </w><w> , </w><w> मगर </w><w> मौजूदा </w><w> परिप्रेक्ष्य </w><w> में </w><w> कुछ </w><w> मुसलमान </w><w> ही </w><w> इस्लाम </w><w> के </w><w> सबसे </w><w> बड़े </w><w> दुश्मन </w><w> साबित </w><w> हो </w><w> रहे </w><w> हैं। </w><w> दूसरे </w><w> धर्मों </w><w> की </w><w> तुलना </w><w> में </w><w> इस्लाम </w><w> एक </w><w> आधुनिक </w><w> धर्म </w><w> है </w><w> और </w><w> यह </w><w> धर्म </w><w> से </w><w> अधिक </w><w> जीवन </w><w> व्यतीत </w><w> करने </w><w> की </w><w> शैली </w><w> है। </w><w> लेकिन </w><w> आधुनिक </w><w> विश्व </w><w> में </w><w> इस्लाम </w><w> के </w><w> ही </w><w> कुछ </w><w> अनुयायियों </w><w> ने </w><w> धर्म </w><w> के </w><w> नाम </w><w> पर </w><w> कहर </w><w> ढा </w><w> रखा </w><w> है। </w><w> फिलिस्तीन </w><w> को </w><w> छोड़कर </w><w> विश्व </w><w> के </w><w> ज्यादातर </w><w> मुल्कों </w><w> में </w><w> आतंकवाद </w><w> फैलाने </w><w> वाले </w><w> खुद </w><w> मुसलमान </w><w> ही </w><w> हैं। </w><w> कुरान </w><w> में </w><w> यह </w><w> कहीं </w><w> नहीं </w><w> लिखा </w><w> कि </w><w> जेहाद </w><w> के </w><w> नाम </w><w> पर </w><w> गैर </w><w> मुस्लिम </w><w> लोगों </w><w> के </w><w> गले </w><w> काटे </w><w> जाएं। </w><w> मगर </w><w> जहां-जहां </w><w> आतंकवादी </w><w> घटनाएं </w><w> हुई </w><w> हैं </w><w> , </w><w> वहां-वहां </w><w> मीडिया </w><w> पर </w><w> ज्यादातर </w><w> मुसलमानों </w><w> के </w><w> ही </w><w> नाम </w><w> देखने </w><w> और </w><w> पढ़ने </w><w> को </w><w> मिलते </w><w> हैं। </w><w> हमें </w><w> यह </w><w> कहने </w><w> में </w><w> कोई </w><w> संकोच </w><w> नहीं </w><w> कि </w><time-arg id="1"><link event_arg="0" id="4" type_rel="EVENT_ARG"/><w> 11 </w><w> सितंबर </w></time-arg><w> के </w><man_made_event id="0" type="TERRORIST_ATTACK"><w> हमले </w></man_made_event><w> से </w><place-arg id="2"><link event_arg="0" id="3" type_rel="EVENT_ARG"/><w> अमेरिका </w></place-arg><w> का </w><w> जितना </w><w> नुकसान </w><w> हुआ </w><w> , </w><w> उससे </w><w> कहीं </w><w> ज्यादा </w><w> नुकसान </w><w> दुनिया </w><w> भर </w><w> के </w><w> मुसलमानों </w><w> का </w><w> हुआ </w><w> है। </w><w> किसी </w><w> भी </w><w> आधुनिक </w><w> समाज </w><w> में </w><w> उन्हें </w><w> किस </w><w> तरह </w><w> शक </w><w> की </w><w> नजरों </w><w> से </w><w> देखा </w><w> जाने </w><w> लगा </w><w> है </w><w> , </w><w> इसका </w><w> दर्द </w><w> एक </w><w> सीधा-सादा </w><w> आम </w><w> मुसलमान </w><w> ही </w><w> महसूस </w><w> कर </w><w> सकता </w><w> है। </w><w> पांच </w><w> हजार </w><w> बेगुनाह </w><w> लोगों </w><w> (अमेरिका </w><w> में) </w><w> को </w><w> मौत </w><w> की </w><w> नींद </w><w> सुला </w><w> कर </w><w> इन </w><w> लोगों </w><w> ने </w><w> न </w><w> केवल </w><w> मुसलमानों </w><w> , </w><w> बल्कि </w><w> इस्लाम </w><w> के </w><w> विरुद्ध </w><w> भी </w><w> दूसरे </w><w> धर्मों </w><w> के </w><w> लोगों </w><w> की </w><w> नफरत </w><w> को </w><w> जगाया </w><w> है। </w><w> हालांकि </w><w> आम </w><w> मुसलमानों </w><w> ने </w><w> इन </w><w> हमलों </w><w> की </w><w> कतई </w><w> हिमायत </w><w> नहीं </w><w> की </w><w> , </w><w> मगर </w><w> अब </w><w> उन </w><w> पर </w><w> एतबार </w><w> नहीं </w><w> किया </w><w> जा </w><w> रहा </w><w> है </w><w> और </w><w> यही </w><w> सोचा </w><w> जा </w><w> रहा </w><w> है </w><w> कि </w><w> ये </w><w> सभी </w><w> एक </w><w> जैसे </w><w> होते </w><w> हैं। </w><w> सच </w><w> तो </w><w> यह </w><w> है </w><w> कि </w><w> इस्लाम </w><w> का </w><w> आतंकवाद </w><w> से </w><w> कोई </w><w> रिश्ता </w><w> नहीं </w><w> है। </w><w> इसका </w><w> नाता </w><w> तो </w><w> सूफी </w><w> फलसफे </w><w> से </w><w> जुड़ा </w><w> है। </w><w> तलवार </w><w> के </w><w> नारे </w><w> से </w><w> नहीं </w><w> , </w><w> बल्कि </w><w> सूफियाना </w><w> सोच </w><w> और </w><w> प्यार </w><w> से </w><w> यह </w><w> पूरे </w><w> विश्व </w><w> में </w><w> फैला </w><w> है। </w><w> कुरान </w><w> में </w><w> यह </w><w> कहीं </w><w> नहीं </w><w> लिखा </w><w> है </w><w> कि </w><w> गैर </w><w> मुस्लिमों </w><w> का </w><w> वध </w><w> करो। </w><w> वहां </w><w> भाईचारा </w><w> , </w><w> प्यार </w><w> , </w><w> दया </w><w> व </w><w> सद्भावना </w><w> को </w><w> ही </w><w> महत्व </w><w> दिया </w><w> गया </w><w> है। </w><w> सुलह-सफाई </w><w> पर </w><w> जोर </w><w> दिया </w><w> गया </w><w> है। </w><w> कुरान </w><w> में </w><w> तीसवें </w><w> सिपारे </w><w> (अध्याय) </w><w> की </w><w> सूरा-ए-लहब </w><w> में </w><w> लिखा </w><w> है </w><w> : </w><w> लकुम </w><w> दीनोकुम </w><w> वले </w><w> यदीन </w><w> , </w><w> यानी </w><w> तुम्हें </w><w> तुम्हारा </w><w> धर्म </w><w> मुबारक </w><w> , </w><w> हमें </w><w> हमारा </w><w> धर्म </w><w> मुबारक। </w><w> कुरान </w><w> में </w><w> कहीं </w><w> नहीं </w><w> लिखा </w><w> कि </w><w> खूंरेजी </w><w> करो </w><w> , </w><w> बल्कि </w><w> सचाई </w><w> तो </w><w> यह </w><w> है </w><w> कि </w><w> रहमदिली </w><w> को </w><w> इस्लाम </w><w> का </w><w> जौहर </w><w> माना </w><w> गया </w><w> है। </w><w> दहशत </w><w> फैलाने </w><w> लिए </w><w> मुसलमान </w><w> आतंकवादी </w><w> प्राय: </w><w> तीन </w><w> बातों </w><w> का </w><w> आसरा </w><w> ले </w><w> रहे </w><w> हैं। </w><w> वे </w><w> आत्मघाती </w><w> हमलों </w><w> का </w><w> सहारा </w><w> ले </w><w> रहे </w><w> हैं </w><w> , </w><w> ऐसे </w><w> काम </w><w> कर </w><w> रहे </w><w> हैं </w><w> , </w><w> जिनसे </w><w> बेगुनाह </w><w> लोग </w><w> अपनी </w><w> जानों </w><w> से </w><w> हाथ </w><w> धोते </w><w> हैं </w><w> और </w><w> तीसरा </w><w> यह </w><w> कि </w><w> अल्लाह </w><w> का </w><w> नाम </w><w> लेकर </w><w> वे </w><w> आम </w><w> मुसलमानों </w><w> के </w><w> जज्बे </w><w> को </w><w> भड़काने </w><w> की </w><w> कोशिश </w><w> कर </w><w> रहे </w><w> हैं। </w><w> इस्लाम </w><w> इन </w><w> सभी </w><w> बातों </w><w> के </w><w> खिलाफ </w><w> है </w><w> और </w><w> कुरान </w><w> में </w><w> इनके </w><w> संबंध </w><w> में </w><w> साफ-साफ </w><w> हिदायतें </w><w> दी </w><w> गई </w><w> हैं। </w><w> इस्लाम </w><w> में </w><w> खुदकुशी </w><w> करना </w><w> अथवा </w><w> अपनी </w><w> जान </w><w> लेना </w><w> भी </w><w> हराम </w><w> है। </w><w> जो </w><w> लोग </w><w> आत्मघाती </w><w> हमले </w><w> कर </w><w> रहे </w><w> हैं </w><w> , </w><w> वे </w><w> इस्लाम </w><w> से </w><w> खारिज </w><w> हैं। </w><w> कुरान </w><w> की </w><w> सूरा-ए-माएदा </w><w> में </w><w> लिखा </w><w> है </w><w> कि </w><w> एक </w><w> भी </w><w> बेगुनाह </w><w> की </w><w> जान </w><w> लेना </w><w> उतना </w><w> ही </w><w> बड़ा </w><w> पाप </w><w> है </w><w> , </w><w> जितना </w><w> पूरी </w><w> इन्सानियत </w><w> को </w><w> खत्म </w><w> करना। </w><w> यह </w><w> बात </w><w> 32 </w><w> वीं </w><w> आयत </w><w> में </w><w> साफ-साफ </w><w> लिखी </w><w> है। </w><w> आगे </w><w> सूरा-ए-अलबकर </w><w> में </w><w> लिखा </w><w> है </w><w> (आयत </w><w> 195) </w><w> कि </w><w> खुदा </w><w> ऐसे </w><w> लोगों </w><w> को </w><w> पसंद </w><w> नहीं </w><w> करता </w><w> , </w><w> जो </w><w> लड़ाई-झगड़े </w><w> , </w><w> फसाद </w><w> और </w><w> कत्ल </w><w> करते </w><w> हैं। </w><w> इसी </w><w> आयत </w><w> में </w><w> मुसलमानों </w><w> को </w><w> हिदायत </w><w> दी </w><w> गई </w><w> है </w><w> कि </w><w> यदि </w><w> कभी </w><w> भूल </w><w> से </w><w> भी </w><w> वे </w><w> आतंकवाद </w><w> का </w><w> सहारा </w><w> लेंगे </w><w> या </w><w> उसकी </w><w> किसी </w><w> किस्म </w><w> की </w><w> मदद </w><w> करेंगे </w><w> , </w><w> तो </w><w> वे </w><w> अपने </w><w> लिए </w><w> तबाही </w><w> का </w><w> सामान </w><w> पैदा </w><w> करेंगे। </w><w> इस्लाम </w><w> कोई </w><w> आतंकवादी </w><w> या </w><w> उग्र </w><w> या </w><w> जुनूनी </w><w> धर्म </w><w> नहीं </w><w> है। </w><w> क्या </w><w> उपर्युक्त </w><w> कुरानी </w><w> संदेश </w><w> ओसामा </w><w> बिन </w><w> लादेन </w><w> , </w><w> मुल्ला </w><w> उमर </w><w> , </w><w> मसूद </w><w> अजहर </w><w> आदि </w><w> ने </w><w> नहीं </w><w> पढ़े </w><w> होंगे </w><w> ? </w><w> क्या </w><w> इस्लाम </w><w> के </w><w> असली </w><w> ठेकेदार </w><w> और </w><w> मुल्ला </w><w> यही </w><w> लोग </w><w> हैं </w><w> ? </w><w> एक </w><w> कहावत </w><w> है </w><w> कि </w><w> नीम </w><w> हकीम </w><w> , </w><w> खतरा-ए-जान </w><w> और </w><w> नीम </w><w> मुल्ला </w><w> , </w><w> खतरा-ए-ईमान। </w><w> इसी </w><w> प्रकार </w><w> के </w><w> कठमुल्लाओं </w><w> ने </w><w> अपनी </w><w> करतूत </w><w> से </w><w> पूरी </w><w> दुनिया </w><w> में </w><w> मुसलमानों </w><w> को </w><w> शंका </w><w> का </w><w> पात्र </w><w> बना </w><w> दिया </w><w> है। </w><w> बेगुनाह </w><w> लोगों </w><w> की </w><w> हत्या </w><w> कर </w><w> रहे </w><w> ये </w><w> लोग </w><w> शायद </w><w> नहीं </w><w> जानते </w><w> कि </w><w> जेहाद </w><w> का </w><w> अर्थ </w><w> हजरत </w><w> मुहम्मद </w><w> ने </w><w> अपने </w><w> नफस </w><w> (इन्दियों) </w><w> से </w><w> लड़ना </w><w> बताया </w><w> था। </w><w> जेहाद </w><w> का </w><w> अर्थ </w><w> है </w><w> अपनी </w><w> बुराइयों </w><w> से </w><w> लड़ना </w><w> और </w><w> उन </w><w> पर </w><w> काबू </w><w> पाना। </w><w> इन </w><w> कठमुल्लाओं </w><w> ने </w><w> कुरान </w><w> की </w><w> अपनी </w><w> अलग </w><w> ही </w><w> व्याख्या </w><w> बना </w><w> रखी </w><w> है। </w><w> जेहाद </w><w> का </w><w> भी </w><w> दूर- </w><w> दूर </w><w> तक </w><w> आतंकवाद </w><w> से </w><w> कोई </w><w> नाता </w><w> नहीं </w><w> है। </w><w> जिसको </w><w> ओसामा </w><w> और </w><w> उसके </w><w> जैसे </w><w> लोग </w><w> जेहाद </w><w> कहते </w><w> हैं </w><w> , </w><w> वह </w><w> मात्र </w><w> आतंकवाद </w><w> है </w><w> और </w><w> कुछ </w><w> नहीं </w><w> और </w><w> आतंकवाद </w><w> की </w><w> इस्लाम </w><w> में </w><w> कोई </w><w> जगह </w><w> नहीं। </w><w> ग्यारहवीं </w><w> शताब्दी </w><w> में </w><w> भी </w><w> एक </w><w> समय </w><w> ऐसा </w><w> आया </w><w> था </w><w> , </w><w> जब </w><w> कुछ </w><w> आतंकवादियों </w><w> ने </w><w> खुद </w><w> को </w><w> मुसलमान </w><w> बताकर </w><w> जेहाद </w><w> के </w><w> नाम </w><w> पर </w><w> बेगुनाह </w><w> लोगों </w><w> की </w><w> जानें </w><w> लीं </w><w> और </w><w> चारों </w><w> ओर </w><w> दहशत </w><w> फैलाई। </w><w> एक </w><w> बदनाम </w><w> व्यक्ति </w><w> हसन </w><w> अल </w><w> सबाह </w><w> ने </w><w> जब </w><w> इस </w><w> प्रकार </w><w> की </w><w> गतिविधियां </w><w> शुरू </w><w> कर </w><w> दीं </w><w> , </w><w> तो </w><w> उस </w><w> समय </w><w> इमाम </w><w> गजाली </w><w> के </w><w> साथ </w><w> अन्य </w><w> इमामों </w><w> ने </w><w> उसका </w><w> कड़ा </w><w> विरोध </w><w> किया </w><w> और </w><w> मुफ्तियो </w><w> ने </w><w> फतवे </w><w> दिए </w><w> कि </w><w> जो </w><w> कुछ </w><w> भी </w><w> हसन </w><w> कर </w><w> रहा </w><w> है </w><w> , </w><w> वह </w><w> जेहाद </w><w> नहीं </w><w> फसाद </w><w> है </w><w> और </w><w> ऐसा </w><w> वह </w><w> इस्लाम </w><w> की </w><w> आड़ </w><w> में </w><w> नहीं </w><w> कर </w><w> सकता। </w><w> हसन </w><w> पर </w><w> मुकदमा </w><w> चलाया </w><w> गया </w><w> और </w><w> उसे </w><w> फाँसी </w><w> पर </w><w> लटका </w><w> दिया </w><w> गया। </w><w> उसी </w><w> समय </w><w> इमाम </w><w> गजाली </w><w> ने </w><w> यह </w><w> बात </w><w> कही </w><w> थी </w><w> कि </w><w> यदि </w><w> मुसलमानों </w><w> ने </w><w> आतंकवाद </w><w> का </w><w> अंत </w><w> नहीं </w><w> किया </w><w> तो </w><w> आतंकवाद </w><w> उनका </w><w> अंत </w><w> कर </w><w> देगा। </w><w> इस्लाम </w><w> के </w><w> सच्चे </w><w> अनुयायियो </w><w> को </w><w> यह </w><w> नसीहत </w><w> हमेशा </w><w> याद </w><w> रखनी </w><w> चाहिए। </w><w> आज </w><w> के </w><w> दौर </w><w> के </w><w> इमामों </w><w> और </w><w> वाइजों </w><w> द्वारा </w><w> जनता </w><w> में </w><w> इसका </w><w> प्रचार </w><w> भी </w><w> किया </w><w> जाना </w><w> चाहिए </w><w> था </w><w> , </w><w> मगर </w><w> हुआ </w><w> इसका </w><w> उल्टा </w><w> ही। </w><w> असल </w><w> में </w><w> ओसामा </w><w> ने </w><w> इस्लाम </w><w> का </w><w> रास्ता </w><w> अपनाने </w><w> की </w><w> बजाए </w><w> मजहब </w><w> के </w><w> नाम </w><w> पर </w><w> दहशतगदीर् </w><w> का </w><w> रास्ता </w><w> अपनाया। </w><w> अल </w><w> कायदा </w><w> तंजीम </w><w> बनाकर </w><w> उसने </w><w> वास्तव </w><w> में </w><w> दस </w><w> हजार </w><w> हलाकू </w><w> और </w><w> चंगेज </w><w> पैदा </w><w> किए। </w><w> भोले-भाले </w><w> , </w><w> बेरोजगार </w><w> मुस्लिम </w><w> युवाओं </w><w> को </w><w> अंधे </w><w> कुएं </w><w> में </w><w> धकेला </w><w> और </w><w> उसकी </w><w> फौज </w><w> हलाकू </w><w> और </w><w> चंगेज </w><w> खाँ </w><w> से </w><w> भी </w><w> अधिक </w><w> सनकी </w><w> और </w><w> भयावह </w><w> हो </w><w> गई। </w><w> उसके </w><w> अनुयायी </w><w> कोई </w><w> भी </w><w> रास्ता </w><w> अख्तियार </w><w> कर </w><w> लोगों </w><w> की </w><w> जानें </w><w> ले </w><w> सकते </w><w> हैं। </w><w> कभी </w><w> ये </w><w> लोग </w><w> हवाई </w><w> जहाजों </w><w> को </w><w> बर्बादी </w><w> का </w><w> हथियार </w><w> बना </w><w> कर </w><w> महत्वपूर्ण </w><w> भवनों </w><w> पर </w><w> हमला </w><w> करते </w><w> हैं </w><w> , </w><w> कभी </w><w> बहरूपिए </w><w> बन </w><w> कर </w><w> संसद </w><w> पर </w><w> हमला </w><w> बोलते </w><w> हैं </w><w> , </w><w> तो </w><w> कभी </w><w> किसी </w><w> और </w><w> रूप </w><w> से </w><w> मासूम </w><w> लोगों </w><w> की </w><w> जान </w><w> लेते </w><w> हैं। </w><w> इनके </w><w> मस्तिष्क </w><w> की </w><w> एक </w><w> कोशिका </w><w> भी </w><w> जहरीली </w><w> होने </w><w> से </w><w> नहीं </w><w> बची </w><w> है। </w><w> इन्हें </w><w> सिखाया </w><w> गया </w><w> है </w><w> कि </w><w> गैर </w><w> मुस्लिमों </w><w> से </w><w> नफरत </w><w> करना </w><w> ही </w><w> जेहाद </w><w> है। </w><w> ऐसे </w><w> लोग </w><w> मानवता </w><w> या </w><w> मुसलमानों </w><w> के </w><w> मित्र </w><w> कै </w><w> से </w><w> हो </w><w> सकते </w><w> हैं </w><w> ? </w><w> ये </w><w> स्वयं </w><w> को </w><w> फिदाईन </w><w> कहते </w><w> हैं </w><w> , </w><w> क्योंकि </w><w> इनका </w><w> विचार </w><w> है </w><w> कि </w><w> वे </w><w> मरने </w><w> के </w><w> बाद </w><w> या </w><w> तो </w><w> शहादत </w><w> का </w><w> दर्जा </w><w> पा </w><w> लेंगे </w><w> या </w><w> गाजी </w><w> (शूरवीर) </w><w> बन </w><w> जाएंगे </w><w> , </w><w> जिनको </w><w> जन्नत </w><w> में </w><w> सब </w><w> से </w><w> अच्छी </w><w> जगह </w><w> दी </w><w> जाती </w><w> है। </w><w> ऐसा </w><w> रुतबा </w><w> वास्तव </w><w> में </w><w> उसी </w><w> को </w><w> प्रदान </w><w> किया </w><w> जाता </w><w> है </w><w> , </w><w> जो </w><w> इस्लाम </w><w> की </w><w> आबरू </w><w> के </w><w> लिए </w><w> शहीद </w><w> होता </w><w> है </w><w> , </w><w> न </w><w> कि </w><w> उस </w><w> आतंकवादी </w><w> को </w><w> , </w><w> जो </w><w> खुद </w><w> को </w><w> मुसलमान </w><w> कहता </w><w> है </w><w> और </w><w> बेगुनाहों </w><w> की </w><w> जान </w><w> लेकर </w><w> अपने </w><w> मजहब </w><w> पर </w><w> धब्बा </w><w> लगाता </w><w> है। </w><w> ओसामा </w><w> और </w><w> हसन </w><w> अल </w><w> सबाह </w><w> की </w><w> भाँति </w><w> दाउद </w><w> इब्राहिम </w><w> भी </w><w> सरजमीन-ए-हिंद </w><w> का </w><w> एक </w><w> भयानक </w><w> गिद्ध </w><w> है </w><w> , </w><w> जिसकी </w><w> शह </w><w> पर </w><w> मुंबई </w><w> में </w><w> 1992 </w><w> के </w><w> दौरान </w><w> किए </w><w> गए </w><w> बम </w><w> धमाकों </w><w> से </w><w> सैकड़ों </w><w> बेगुनाहों </w><w> ने </w><w> दम </w><w> तोड़ </w><w> दिया </w><w> था। </w><w> इस </w><w> बदनाम </w><w> आतंकवादी </w><w> को </w><w> क्या </w><w> पता </w><w> कि </w><w> इसके </w><w> मुस्लिम </w><w> नाम </w><w> से </w><w> मुसलमानों </w><w> को </w><w> कितनी </w><w> हानि </w><w> हुई </w><w> है। </w><w> मुसलमानों </w><w> को </w><w> आतंकवादी </w><w> और </w><w> यहाँ </w><w> तक </w><w> कि </w><w> गद्दार </w><w> तक </w><w> कहा </w><w> गया। </w><w> आज </w><w> इतने </w><w> वर्ष </w><w> बीत </w><w> गए </w><w> , </w><w> मगर </w><w> इन </w><w> धमाकों </w><w> के </w><w> शक </w><w> में </w><w> पकड़े </w><w> गए </w><w> बहुत </w><w> से </w><w> बेगुनाह </w><w> मुस्लिम </w><w> नौजवान </w><w> आज </w><w> तक </w><w> टाडा </w><w> के </w><w> तहत </w><w> जेलों </w><w> में </w><w> एडि़यां </w><w> रगड़ </w><w> रहे </w><w> हैं। </w><w> उनके </w><w> घरवालों </w><w> की </w><w> आज </w><w> क्या </w><w> हालत </w><w> होगी </w><w> ? </w><w> आखिर </w><w> संसद </w><w> भवन </w><w> पर </w><w> हमले </w><w> में </w><w> जो </w><w> जानें </w><w> गईं </w><w> , </w><w> उनसे </w><w> क्या </w><w> सिद्ध </w><w> हुआ </w><w> ? </w><w> अमेरिका </w><w> , </w><w> अफगानिस्तान </w><w> या </w><w> भारत </w><w> में </w><w> होने </w><w> वाले </w><w> धमाके </w><w> अपने </w><w> आप </w><w> में </w><w> तो </w><w> भयानक </w><w> थे </w><w> ही </w><w> , </w><w> मगर </w><w> उससे </w><w> कहीं </w><w> भयानक </w><w> वे </w><w> नतीजे </w><w> हैं </w><w> , </w><w> जो </w><w> इस </w><w> आतंक </w><w> के </w><w> बाद </w><w> अब </w><w> दिखाई </w><w> दे </w><w> रहे </w><w> हैं। </w><w> अगर </w><w> भारत </w><w> और </w><w> पाक </w><w> के </w><w> बीच </w><w> युद्ध </w><w> छिड़ </w><w> गया </w><w> , </w><w> तो </w><w> उससे </w><w> एक </w><w> सामान्य </w><w> शहरी </w><w> की </w><w> क्या </w><w> हालत </w><w> होगी </w><w> , </w><w> इसका </w><w> अंदाजा </w><w> नहीं </w><w> लगाया </w><w> जा </w><w> सकता </w><w> ? </w><w> आज </w><w> यह </w><w> स्थिति </w><w> सिर्फ </w><w> इस्लाम </w><w> के </w><w> नाम </w><w> पर </w><w> फैलाई </w><w> जाने </w><w> वाली </w><w> आतंकवादी </w><w> गतिविधियो </w><w> के </w><w> कारण </w><w> है। </w><w> आज </w><w> मुस्लिम </w><w> समुदाय </w><w> के </w><w> लिए </w><w> यह </w><w> आत्म </w><w> मंथन </w><w> का </w><w> समय </w><w> है </w><w> कि </w><w> सारी </w><w> दुनिया </w><w> आखिर </w><w> क्यों </w><w> उन्हें </w><w> इस </w><w> संदेह </w><w> की </w><w> नजर </w><w> से </w><w> देख </w><w> रही </w><w> है </w><w> और </w><w> उनमें </w><w> से </w><w> कुछ </w><w> लोग </w><w> आखिर </w><w> क्यों </w><w> इस्लाम </w><w> के </w><w> नाम </w><w> पर </w><w> बट्टा </w><w> लगाने </w><w> पर </w><w> तुले </w><w> हैं। </w><w> एक </w><w> बार </w><w> हजरत </w><w> मुहम्मद </w><w> साहब </w><w> को </w><w> पता </w><w> चला </w><w> कि </w><w> कुछ </w><w> जोशीले </w><w> मुसलमानों </w><w> ने </w><w> एक </w><w> गैर </w><w> मुस्लिम </w><w> व्यक्ति </w><w> की </w><w> जमीन </w><w> पर </w><w> मस्जिद </w><w> बनाई </w><w> है। </w><w> वे </w><w> तुरंत </w><w> उस </w><w> जगह </w><w> पर </w><w> गए </w><w> और </w><w> अपने </w><w> हाथ </w><w> में </w><w> कुदाल </w><w> लेकर </w><w> यह </w><w> कहते </w><w> हुए </w><w> उस </w><w> मस्जिद </w><w> को </w><w> गिराया </w><w> कि </w><w> खुदा </w><w> को </w><w> ऐसा </w><w> काम </w><w> पसंद </w><w> नहीं </w><w> , </w><w> जिससे </w><w> किसी </w><w> का </w><w> दिल </w><w> दुखे। </w><w> हजरत </w><w> मुहम्मद </w><w> का </w><w> मिजाज </w><w> सूफियाना </w><w> था </w><w> और </w><w> इस्लाम </w><w> सूफी </w><w> संतों </w><w> के </w><w> द्वारा </w><w> ही </w><w> भारत </w><w> में </w><w> लाया </w><w> गया </w><w> था। </w><w> इन </w><w> बातों </w><w> को </w><w> आज </w><w> हर </w><w> भारतीय </w><w> को </w><w> समझना </w><w> होगा। </w><w> जब </w><w> तक </w><w> हिन्दू </w><w> और </w><w> मुसलमान </w><w> के </w><w> बीच </w><w> संदेह </w><w> भाव </w><w> बना </w><w> रहेगा </w><w> , </w><w> तब </w><w> तक </w><w> देश </w><w> की </w><w> खुशहाली </w><w> मुमकिन </w><w> नहीं </w><w> है। </w><w> देशभक्ति </w><w> के </w><w> मामले </w><w> में </w><w> मुसलमानों </w><w> ने </w><w> कई </w><w> मिसालें </w><w> कायम </w><w> की </w><w> हैं। </w><w> इसलिए </w><w> हर </w><w> मुसलमान </w><w> को </w><w> ओसामा </w><w> के </w><w> रूप </w><w> में </w><w> देखना </w><w> एक </w><w> भारी </w><w> भूल </w><w> है। </w><w> उसी </w><w> तरह </w><w> आम </w><w> मुसलमानों </w><w> को </w><w> भी </w><w> चाहिए </w><w> कि </w><w> वे </w><w> आतंकवादियों </w><w> का </w><w> खुल </w><w> कर </w><w> विरोध </w><w> करें। </w></p></document>