<?xml version="1.0" encoding="UTF-8"?>
<document><p><w> navbharat_2002_1_8_32496060 </w></p><p><w> मत-सम्मत </w></p><p><w> क्या </w><w> मुशर्रफ </w><w> बदल </w><w> गए </w><w> हैं: </w><w> पाठकों </w><w> की </w><w> राय </w><w> नहीं </w><w> बदले </w><w> परवेज </w><w> मुशर्रफ </w><w> बिलकुल </w><w> नहीं </w><w> बदले। </w><w> हां </w><w> , </w><w> भारतीय </w><w> दबाव </w><w> के </w><w> चलते </w><w> उनके </w><w> सामने </w><w> के </w><w> हालात </w><w> बदल </w><w> गए </w><w> हैं। </w><w> इससे </w><w> सिर्फ </w><w> उनकी </w><w> बोली </w><w> बदल </w><w> गई </w><w> है। </w><w> सच </w><w> यह </w><w> है </w><w> कि </w><w> आतंकवादियों </w><w> को </w><w> छिपाए </w><w> रखने </w><w> में </w><w> ही </w><w> उनकी </w><w> सत्ता </w><w> बची </w><w> रहेगी। </w><w> यही </w><w> तो </w><w> चाल </w><w> है </w><w> कि </w><w> कट्टरपंथी </w><w> भी </w><w> खुश </w><w> और </w><w> भारत </w><w> भी </w><w> परेशान </w><w> और </w><w> अमेरिका </w><w> कहे </w><w> पाकिस्तान </w><w> ही </w><w> पाकिस्तान। </w><w> हम </w><w> यह </w><w> न </w><w> भूलें </w><w> कि </w><w> कश्मीर </w><w> पर </w><w> शिमला </w><w> समझौते </w><w> को </w><w> अंजाम </w><w> देने </w><w> वाले </w><w> लोकतांत्रिक </w><w> नेता </w><w> जुल्फिकार </w><w> अली </w><w> भुट्टो </w><w> को </w><w> जिया </w><w> उल </w><w> हक </w><w> जैसे </w><w> कट्टर </w><w> पंथी </w><w> ने </w><w> उनका </w><w> तख्ता </w><w> पलट </w><w> कर </w><w> फांसी </w><w> तक </w><w> दे </w><w> डाली। </w><w> ऐसा </w><w> पाकिस्तान </w><w> कैसे </w><w> बदलेगा </w><w> और </w><w> मुशर्रफ </w><w> कैसे </w><w> बदलेंगे </w><w> ? </w><w> सतीश </w><w> कुमार </w><w> , </w><w> महरौली </w><w> , </w><w> नई </w><w> दिल्ली </w><w> शब्दों </w><w> की </w><w> बाजीगरी </w><w> मुशर्रफ </w><w> का </w><w> भाषण </w><w> शब्दों </w><w> की </w><w> बाजीगरी </w><w> के </w><w> अतिरिक्त </w><w> और </w><w> कुछ </w><w> नहीं </w><w> है। </w><w> बिना </w><w> किसी </w><w> भ्रम </w><w> में </w><w> पड़े </w><w> भारत </w><w> को </w><w> अपनी </w><w> शक्ति </w><w> और </w><w> सतर्कता </w><w> बढ़ानी </w><w> चाहिए </w><w> क्योंकि </w><w> अमेरिका </w><w> और </w><w> उसका </w><w> लेफ्टिनेंट </w><w> ब्रिटेन </w><w> अभी </w><w> भी </w><w> अपनी </w><w> पुरानी </w><w> कुटिल </w><w> नीतियों </w><w> से </w><w> बाज </w><w> नहीं </w><w> आए </w><w> हैं </w><w> और </w><w> कश्मीर </w><w> में </w><w> हस्तक्षेप </w><w> का </w><w> बहाना </w><w> ढूंढ़ </w><w> रहे </w><w> हैं। </w><w> शायद </w><w> मुशर्रफ </w><w> से </w><w> उन्होंने </w><w> इसका </w><w> वादा </w><w> भी </w><w> किया </w><w> है। </w><w> यह </w><w> सारा </w><w> खेल </w><w> एक </w><w> गहरी </w><w> साजिश </w><w> जान </w><w> पड़ता </w><w> है। </w><w> जिसका </w><w> शिकार </w><w> बनने </w><w> से </w><w> हमें </w><w> न </w><w> केवल </w><w> अपने </w><w> आपको </w><w> बचाना </w><w> है </w><w> बल्कि </w><w> अपने </w><w> राष्ट्रीय </w><w> हितों </w><w> के </w><w> अनुरूप </w><w> स्वयं </w><w> कोई </w><w> भी </w><w> निर्णय </w><w> लेने </w><w> का </w><w> साहस </w><w> दिखाना </w><w> होगा। </w><w> बात-बेबात </w><w> अमेरिका </w><w> का </w><w> मुंह </w><w> ताकना </w><w> बन्द </w><w> करना </w><w> होगा। </w><w> पाकिस्तान </w><w> कभी </w><w> भी </w><w> बाज </w><w> आने </w><w> वाला </w><w> नहीं </w><w> क्योंकि </w><w> उसकी </w><w> भारत </w><w> विरोध </w><w> की </w><w> ग्रंथि </w><w> ही </w><w> उसके </w><w> अस्तित्च </w><w> को </w><w> खाद </w><w> पानी </w><w> देती </w><w> हैं। </w><w> विनोद </w><w> बब्बर </w><w> , </w><w> हस्तसाल </w><w> रोड </w><w> , </w><w> उत्तम </w><w> नगर </w><w> ढोंग </w><w> की </w><w> मुद्रा </w><w> पाकिस्तान </w><w> के </w><w> राष्ट्रपति </w><w> परवेज </w><w> मुशर्रफ </w><w> ने </w><w> राष्ट्र </w><w> के </w><w> नाम </w><w> सन्देश </w><w> में </w><w> जो </w><w> सफाई </w><w> पेश </w><w> की </w><w> है </w><w> , </w><w> उससे </w><w> हमारी </w><w> भारत </w><w> सरकार </w><w> को </w><w> और </w><w> ज्यादा </w><w> सतर्क </w><w> रहने </w><w> की </w><w> जरूरत </w><w> है। </w><w> देश </w><w> की </w><w> आजादी </w><w> के </w><w> समय </w><w> से </w><w> लेकर </w><w> आज </w><w> तक </w><w> बार-बार </w><w> पैंतरे </w><w> बदलने </w><w> वाले </w><w> और </w><w> कश्मीर </w><w> का </w><w> राग </w><w> गाने </w><w> वाले </w><w> पाकिस्तान </w><w> की </w><w> नीयत </w><w> पर </w><w> विश्वास </w><w> नहीं </w><w> किया </w><w> जा </w><w> सकता! </w><w> जब </w><w> तक </w><w> पाकिस्तान </w><w> अपने </w><w> देश </w><w> में </w><w> कट्टरपंथी </w><w> उग्रवादी </w><w> संगठनों </w><w> को </w><w> सख्ती </w><w> से </w><w> कुचलकर </w><w> उनका </w><w> अन्त </w><w> हमेशा </w><w> के </w><w> लिए </w><w> नहीं </w><w> करता </w><w> तथा </w><w> कश्मीर </w><w> का </w><w> राग </w><w> गाना </w><w> नहीं </w><w> छोड़ता </w><w> तब </w><w> तक </w><w> उस </w><w> पर </w><w> विश्वास </w><w> नहीं </w><w> किया </w><w> जा </w><w> सकता। </w><w> ये </w><w> सब </w><w> मुशर्रफ </w><w> के </w><w> दिखाने </w><w> के </w><w> दांत </w><w> हैं। </w><w> उनके </w><w> खाने </w><w> के </w><w> दांत </w><w> कुछ </w><w> और </w><w> हैं। </w><w> देशबन्धु </w><w> , </w><w> राजापुरी </w><w> , </w><w> उत्तर </w><w> नगर </w><w> , </w><w> नई </w><w> दिल्ली। </w><w> अविश्वसनीय </w><w> व्यक्ति </w><w> राष्ट्रपति </w><w> परवेज </w><w> मुशर्रफ </w><w> ने </w><w> रातोंरात </w><w> जो </w><w> गिरगिट </w><w> की </w><w> तरह </w><w> रंग </w><w> बदला </w><w> है </w><w> , </w><w> उसका </w><w> कारण </w><w> केवल </w><w> अन्तरराष्ट्रीय </w><w> दबाव </w><w> है। </w><w> &amp;apos </w><w> बढ़ता </w><w> दबाव </w><w> , </w><w> घटती </w><w> साख </w><w> व </w><w> दूसरे </w><w> देशों </w><w> का </w><w> मदद </w><w> करने </w><w> से </w><w> पीछे </w><w> हटना </w><w> इत्यादि </w><w> कारणों </w><w> को </w><w> देखते </w><w> हुए </w><w> उन्होंने </w><w> एक </w><w> चाल </w><w> चली </w><w> है। </w><w> उन्होंने </w><w> अपने </w><w> भाषण </w><w> में </w><w> कट्टरपंथियों </w><w> को </w><w> जो </w><w> लताड़ </w><w> लगाई </w><w> है </w><w> या </w><w> आतंकवादियों </w><w> को </w><w> आड़े </w><w> हाथों </w><w> लिया </w><w> है-ये </w><w> सब </w><w> तो </w><w> खोखली </w><w> बातें </w><w> नजर </w><w> आ </w><w> रही </w><w> हैं। </w><w> बाकी </w><w> तो </w><w> समय </w><w> ही </w><w> बताएगा। </w><w> हमें </w><w> उनकी </w><w> घोषणाओं </w><w> पर </w><w> कतई </w><w> विश्वास </w><w> नहीं </w><w> करना </w><w> चाहिए </w><w> तथा </w><w> भारत </w><w> को </w><w> पाक </w><w> पर </w><w> दबाव </w><w> बढ़ाने </w><w> के </w><w> लिए </w><w> कड़े </w><w> फैसले </w><w> लेने </w><w> में </w><w> जरा </w><w> भी </w><w> परहेज </w><w> नहीं </w><w> करना </w><w> चाहिए। </w><w> रितु </w><w> गोयल </w><w> , </w><w> हरियाणा। </w><w> स्वांगपूर्ण </w><w> भाषण </w><w> दोमुंहे </w><w> चरित्र </w><w> वाले </w><w> राष्ट्रपति </w><w> परवेज </w><w> मुशर्रफ </w><w> पर </w><w> विश्वास </w><w> करने </w><w> का </w><w> प्रश्न </w><w> ही </w><w> नहीं </w><w> उठता। </w><w> एक </w><w> ओर </w><w> विश्व </w><w> को </w><w> बरगलाने </w><w> के </w><w> लिए </w><w> वे </w><w> कट्टरपंथियों </w><w> को </w><w> लताड़ने </w><w> का </w><w> स्वांग </w><w> करते </w><w> हैं। </w><w> दूसरी </w><w> ओर </w><w> कहते </w><w> हैं </w><w> कि </w><w> कश्मीर </w><w> हमारे </w><w> खून </w><w> में </w><w> हैं। </w><w> मतलब </w><w> कि </w><w> वे </w><w> अब </w><w> भी </w><w> नैतिक </w><w> समर्थन </w><w> की </w><w> आड़ </w><w> में </w><w> कश्मीरी </w><w> फिजां </w><w> में </w><w> जहर </w><w> घोलने </w><w> से </w><w> बाज </w><w> नहीं </w><w> आएंगे। </w><w> तस्वीर </w><w> तब </w><w> स्पष्ट </w><w> हो </w><w> जाती </w><w> है </w><w> जब </w><w> उनका </w><w> सरकारी </w><w> भोंपू </w><w> पी.टी.वी. </w><w> आई </w><w> सी </w><w> 814 </w><w> विमान </w><w> अपहरण </w><w> व </w><place-arg id="1"><link event_arg="0" id="2" type_rel="EVENT_ARG"/><w> भारतीय </w><w> संसद </w></place-arg><w> पर </w><man_made_event id="0" type="TERRORIST_ATTACK"><w> हमले </w></man_made_event><w> सरीखी </w><w> घटनाओं </w><w> को </w><w> भारत </w><w> सरकार </w><w> द्वारा </w><w> प्रायोजित </w><w> बताता </w><w> है। </w><w> आज </w><w> आवश्यकता </w><w> है </w><w> कि </w><w> भारत </w><w> आतंकवाद </w><w> के </w><w> विरुद्ध </w><w> आक्रामक </w><w> रूख </w><w> बनाए </w><w> रखे। </w><w> साथ </w><w> ही </w><w> विश्व </w><w> बिरादरी </w><w> का </w><w> सहयोग </w><w> लेकर </w><w> पाकिस्तान </w><w> पर </w><w> कूटनीतिक </w><w> दबाव </w><w> भी </w><w> बनाए। </w><w> यह </w><w> नाटकबाजी </w><w> है </w><w> आज </w><w> राष्ट्रपति </w><w> मुशर्रफ </w><w> जो </w><w> भी </w><w> कह </w><w> रहे </w><w> हैं </w><w> वह </w><w> विश्व </w><w> मंच </w><w> पर </w><w> अपनी </w><w> छवि </w><w> सुधारने </w><w> के </w><w> लिए </w><w> कह </w><w> रहे </w><w> हैं। </w><w> कश्मीर </w><w> में </w><w> सक्रिय </w><w> आतंकवादी </w><w> संगठनों </w><w> पर </w><w> पाबंदी </w><w> लगाकर </w><w> राष्ट्रपति </w><w> मुशर्रफ </w><w> दुनिया </w><w> को </w><w> यह </w><w> बताना </w><w> चाहते </w><w> हैं </w><w> कि </w><w> वे </w><w> आतंकवाद </w><w> के </w><w> खिलाफ </w><w> विश्व </w><w> के </w><w> साथ </w><w> हैं। </w><w> पाकिस्तान </w><w> में </w><w> ऐसा </w><w> कोई </w><w> विशेष </w><w> कानून </w><w> नहीं </w><w> है </w><w> जिससे </w><w> इन </w><w> पर </w><w> मुकदमा </w><w> चल </w><w> सके। </w><w> अगर </w><w> मुकदमा </w><w> चला </w><w> तो </w><w> इन्हें </w><w> तीन </w><w> या </w><w> पांच </w><w> साल </w><w> से </w><w> ज्यादा </w><w> की </w><w> सजा </w><w> नहीं </w><w> होगी। </w><w> इस </w><w> तरह </w><w> भारत </w><w> में </w><w> आतंक </w><w> फैलाने </w><w> की </w><w> गतिविधियां </w><w> हमेशा </w><w> जारी </w><w> रहेंगीं। </w><w> इस </w><w> तरह </w><w> देखें </w><w> तो </w><w> इन </w><w> आतंकवादी </w><w> गुटों </w><w> पर </w><w> पाबंदी </w><w> लगाकर </w><w> राष्ट्रपति </w><w> मुशर्रफ </w><w> ने </w><w> कोई </w><w> बहुत </w><w> बड़ा </w><w> तीर </w><w> नहीं </w><w> मारा </w><w> है। </w><w> अगर </w><w> राष्ट्रपति </w><w> मुशर्रफ </w><w> सच </w><w> में </w><w> दक्षिण </w><w> एशिया </w><w> में </w><w> शांति </w><w> चाहते </w><w> हैं </w><w> तो </w><w> भारत </w><w> द्वारा </w><w> मांगे </w><w> गए </w><w> 20 </w><w> आतंकवादियों </w><w> को </w><w> वे </w><w> तुरंत </w><w> भारत </w><w> को </w><w> सौंपे। </w><w> शकील </w><w> खान </w><w> , </w><w> संगम </w><w> विहार </w><w> , </w><w> नई </w><w> दिल्ली </w><w> मुशर्रफ </w><w> का </w><w> पाखंड </w><w> अगर </w><w> सूरज </w><w> पश्चिम </w><w> से </w><w> उग </w><w> सकता </w><w> है </w><w> तो </w><w> पाकिस्तान </w><w> भी </w><w> बदल </w><w> सकता </w><w> है। </w><w> राष्ट्रपति </w><w> मुशर्रफ </w><w> ने </w><w> राष्ट्र </w><w> के </w><w> नाम </w><w> जो </w><w> संदेश </w><w> दिया </w><w> था </w><w> , </w><w> वह </w><w> केवल </w><w> अमेरिका </w><w> व </w><w> दूसरे </w><w> देशों </w><w> के </w><w> बढ़ते </w><w> दबाव </w><w> और </w><w> अपनी </w><w> सत्ता </w><w> छिनने </w><w> के </w><w> भय </w><w> से </w><w> दिया </w><w> था। </w><w> अगर </w><w> वे </w><w> वाकई </w><w> आतंकवाद </w><w> को </w><w> खत्म </w><w> करना </w><w> चाहते </w><w> तो </w><w> पाकिस्तान </w><w> में </w><w> स्थित </w><w> आतंकवादियों </w><w> को </w><w> सजा </w><w> देते। </w><w> लेकिन </w><w> उन्होंने </w><w> अपने </w><w> संदेश </w><w> में </w><w> केवल </w><w> लुभावने </w><w> आश्वासन </w><w> ही </w><w> दिए </w><w> हैं। </w><w> लेकिन </w><w> मुशर्रफ </w><w> के </w><w> वादे </w><w> कितने </w><w> सच्चे </w><w> होते </w><w> हैं </w><w> यह </w><w> तो </w><w> पाकिस्तान </w><w> सहित </w><w> सारा </w><w> विश्व </w><w> जानता </w><w> है। </w><w> मुशर्रफ </w><w> ने </w><w> राष्ट्र </w><w> के </w><w> नाम </w><w> संदेश </w><w> देकर </w><w> केवल </w><w> देश </w><w> की </w><w> जनता </w><w> और </w><w> भारत </w><w> व </w><w> अमेरिका </w><w> सहित </w><w> विश्व </w><w> जनमत </w><w> को </w><w> भरमाया </w><w> है। </w><w> सुरजीत </w><w> सिंह </w><w> &amp;apos </w><w> टोनी </w><w> &amp;apos, </w><w> सुभाष </w><w> नगर </w><w> , </w><w> नई </w><w> दिल्ली। </w></p></document>