<?xml version="1.0" encoding="UTF-8"?>
<document><p><w> navbharat_2002_1_9_2032534741 </w></p><p><w> अफगान </w><w> सुरक्षा </w><w> बलों </w><w> ने </w><w> लश्कर </w><w> का </w><w> जखीरा </w><w> जब्त </w><w> किया </w></p><p><w> काबुल </w><w> (रायटर): </w><w> अफगानिस्तान </w><w> में </w><w> सुरक्षाकर्मियों </w><w> ने </w><w> पाकिस्तान </w><w> की </w><w> सीमा </w><w> से </w><w> लगे </w><w> एक </w><w> गांव </w><w> में </w><w> एक </w><w> कश्मीरी </w><w> संगठन </w><w> के </w><w> हथियारों </w><w> का </w><w> जखीरा </w><w> जब्त </w><w> किया </w><w> है। </w><w> यह </w><w> जानकारी </w><w> रविवार </w><w> को </w><w> रेडियो </w><w> अफगानिस्तान </w><w> ने </w><w> दी। </w><w> रेडियो </w><w> के </w><w> अनुसार </w><w> कुनार </w><w> प्रांत </w><w> के </w><w> जरकानो </w><w> जिले </w><w> में </w><w> लश्करे </w><w> तैयबा </w><w> संगठन </w><w> से </w><w> संबंधित </w><w> हथगोले </w><w> , </w><w> बारूदी </w><w> सुरंगे </w><w> , </w><w> मोर्टार </w><w> के </w><w> गोले </w><w> और </w><w> कई </w><w> कारतूसों </w><w> का </w><w> जखीरा </w><w> बरामद </w><w> किए </w><w> गए। </w><w> लश्कर </w><w> उन </w><w> दो </w><w> कश्मीरी </w><w> आतंकवादी </w><w> संगठनों </w><w> में </w><w> से </w><w> एक </w><w> है </w><w> , </w><w> जिस </w><w> पर </w><place-arg id="1"><link event_arg="0" id="2" type_rel="EVENT_ARG"/><w> भारतीय </w><w> संसद </w></place-arg><w> पर </w><man_made_event id="0" type="TERRORIST_ATTACK"><w> हमले </w></man_made_event><w> के </w><w> बाद </w><w> पाकिस्तान </w><w> ने </w><w> प्रतिबंध </w><w> लगा </w><w> दिया </w><w> था। </w><w> अमेरिका </w><w> ने </w><w> भी </w><w> लश्कर </w><w> पर </w><w> प्रतिबंध </w><w> लगा </w><w> रखा </w><w> है </w><w> और </w><w> उसके </w><w> पूर्व </w><w> सुप्रीमो </w><w> हफीज </w><w> मोहम्मद </w><w> सईद </w><w> का </w><w> नाम </w><w> भारत </w><w> द्वारा </w><w> पाकिस्तान </w><w> को </w><w> सौंपी </w><w> गई </w><w> 20 </w><w> आतंकवादियों </w><w> की </w><w> सूची </w><w> में </w><w> भी </w><w> शामिल </w><w> है। </w></p></document>