<?xml version="1.0" encoding="UTF-8"?>
<document><p><w> navbharat_2002_1_9_673673875 </w></p><p><w> अमीरात </w><w> का </w><w> भारत-पाक </w><w> से </w><w> शांति </w><w> बनाए </w><w> रखने </w><w> का </w><w> अनुरोध </w></p><p><w> दुबई </w><w> (वार्ता): </w><w> संयुक्त </w><w> अरब </w><w> अमीरात </w><w> ने </w><w> भारत </w><w> और </w><w> पाकिस्तान </w><w> से </w><w> तनाव </w><w> कम </w><w> करने </w><w> और </w><w> शांति </w><w> बनाए </w><w> रखने </w><w> का </w><w> अनुरोध </w><w> किया </w><w> है। </w><w> संयुक्त </w><w> अरब </w><w> अमीरात </w><w> के </w><w> राष्ट्रपति </w><w> शेख </w><w> जायेद </w><w> बिन </w><w> सुल्तान </w><w> अल </w><w> नहयन </w><w> ने </w><w> यहां </w><w> प्रधानमंत्री </w><w> अटल </w><w> बिहारी </w><w> वाजपेयी </w><w> के </w><w> विशेष </w><w> दूत </w><w> सिकन्दर </w><w> बख्त </w><w> से </w><w> मुलाकात </w><w> के </w><w> दौरान </w><w> कहा </w><w> कि </w><w> भारत </w><w> और </w><w> पाकिस्तान </w><w> - </w><w> दोनों </w><w> को </w><w> समझदारी </w><w> और </w><w> संयम </w><w> का </w><w> परिचय </w><w> देते </w><w> हुए </w><w> दोनों </w><w> देशों </w><w> के </w><w> बीच </w><w> स्थायी </w><w> शांति </w><w> और </w><w> सुरक्षा </w><w> के </w><w> लिए </w><w> रचनात्मक </w><w> बातचीत </w><w> करनी </w><w> चाहिए। </w><w> शेख </w><w> जायेद </w><w> ने </w><w> प्रधानमंत्री </w><w> वाजपेयी </w><w> का </w><w> लिखित </w><w> संदेश </w><w> मिलने </w><w> के </w><w> बाद </w><w> कहा </w><w> कि </w><w> युद्ध </w><w> को </w><w> टाला </w><w> जाना </w><w> चाहिए </w><w> क्योंकि </w><w> इससे </w><w> कोई </w><w> फायदा </w><w> नहीं </w><w> होता </w><w> और </w><w> युद्ध </w><w> से </w><w> किसी </w><w> समस्या </w><w> का </w><w> समाधान </w><w> नहीं </w><w> होता। </w><place-arg id="1"><link event_arg="0" id="5" type_rel="EVENT_ARG"/><w> भारतीय </w><w> संसद </w></place-arg><w> पर </w><time-arg id="2"><link event_arg="0" id="4" type_rel="EVENT_ARG"/><w> 13 </w><w> दिसम्बर </w></time-arg><w> के </w><man_made_event id="0" type="TERRORIST_ATTACK"><w> आतंकवादी </w><w> हमले </w></man_made_event><w> के </w><w> बाद </w><w> आतंकवाद </w><w> से </w><w> निपटने </w><w> की </w><w> दिशा </w><w> में </w><w> भारतीय </w><w> स्थिति </w><w> को </w><w> स्पष्ट </w><w> करने </w><w> और </w><w> इसके </w><w> लिए </w><w> समर्थन </w><w> जुटाने </w><w> के </w><w> लिए </w><w> खाड़ी </w><w> देशों </w><w> की </w><w> यात्रा </w><w> पर </w><w> आए </w><w> संसदीय </w><w> प्रतिनिधिमंडल </w><w> के </w><w> नेता </w><w> बख्त </w><w> को </w><w> बताया </w><w> कि </w><w> संयुक्त </w><w> अरब </w><w> अमीरात </w><w> दोनों </w><w> देशों </w><w> की </w><w> शांति </w><w> स्थापना </w><w> की </w><w> दिशा </w><w> में </w><w> यथासंभव </w><w> सहायता </w><w> के </w><w> लिए </w><w> तैयार </w><w> है। </w><w> बख्त </w><w> के </w><w> साथ </w><w> सांसद </w><w> ई. </w><w> अहमद </w><w> , </w><w> पलानी </w><w> मनिएकम </w><w> और </w><w> चंद </w><w> विजय </w><w> सिंह </w><w> तथा </w><w> हमदर्द </w><w> विश्वविद्यालय </w><w> के </w><w> उप </w><w> कुलपति </w><w> सिराज </w><w> हुसैन </w><w> गए </w><w> हैं। </w><w> प्रतिनिधिमंडल </w><w> ने </w><w> अबू </w><w> धाबी </w><w> में </w><w> गणतंत्र </w><w> दिवस </w><w> समारोह </w><w> में </w><w> भी </w><w> भाग </w><w> लिया। </w><w> बख्त </w><w> ने </w><w> भारतीय </w><w> समुदाय </w><w> के </w><w> लोगों </w><w> को </w><w> संबोधित </w><w> करते </w><w> हुए </w><w> कहा </w><w> कि </w><w> भारत </w><w> आतंकवाद </w><w> की </w><w> कठिनाइयों </w><w> से </w><w> जूझते </w><w> हुए </w><w> भी </w><w> लोकतांत्रिक </w><w> और </w><w> धर्मनिरपेक्ष </w><w> मूल्यों </w><w> को </w><w> नहीं </w><w> छोड़ेगा। </w><w> उन्होंने </w><w> कहा </w><w> कि </w><w> प्रतिनिधिमंडल </w><w> दुनिया </w><w> को </w><w> बताना </w><w> चाहता </w><w> है </w><w> कि </w><w> भारत </w><w> शांति </w><w> के </w><w> प्रति </w><w> वचनबद्ध </w><w> है। </w><w> बख्त </w><w> ने </w><w> कहा </w><w> कि </w><w> पाकिस्तान </w><w> 1947 </w><w> से </w><w> पहले </w><w> हिन्दुस्तान </w><w> का </w><w> ही </w><w> हिस्सा </w><w> था </w><w> और </w><w> दोनों </w><w> देशों </w><w> के </w><w> लोगों </w><w> के </w><w> बीच </w><w> संबंध </w><w> अभी </w><w> भी </w><w> बरकरार </w><w> है </w><w> और </w><w> यह </w><w> कायम </w><w> रहना </w><w> भी </w><w> चाहिए </w><w> , </w><w> लेकिन </w><w> लोकतंत्र </w><w> पर </w><man_made_event id="3" type="NORMAL_BOMBING"><w> हमला </w></man_made_event><w> अच्छी </w><w> बात </w><w> नहीं </w><w> है। </w><w> उन्होंने </w><w> आशा </w><w> प्रकट </w><w> की </w><w> कि </w><w> दोनों </w><w> देशों </w><w> के </w><w> संबंध </w><w> बेहतर </w><w> होंगे। </w></p></document>