<?xml version="1.0" encoding="UTF-8"?>
<document><p><w> navbharat_2002_2_11_2470179 </w></p><p><w> अमेरिकी </w><w> भारतीयों </w><w> ने </w><w> गुजरात </w><w> दंगों </w><w> पर </w><w> दुख </w><w> जताया </w></p><p><w> न्यूयार्क </w><w> (भाषा) </w><w> : </w><w> अमेरिका </w><w> में </w><w> रह </w><w> रहे </w><w> भारतीयों </w><w> ने </w><place-arg id="1"><link event_arg="0" id="10" type_rel="EVENT_ARG"/><w> गुजरात </w></place-arg><w> में </w><casualties-arg id="9"><link event_arg="0" id="11" type_rel="EVENT_ARG"/><w> 57 </w><w> कारसेवकों </w><w> को </w><w> जिंदा </w><w> जलाए </w></casualties-arg><w> जाने </w><w> की </w><w> घटना </w><w> के </w><w> बाद </w><w> फैली </w><man_made_event id="0" type="RIOTS"><w> सांप्रदायिक </w><w> हिंसा </w></man_made_event><w> को </w><w> लेकर </w><w> गहरी </w><w> संवेदना </w><w> और </w><w> दुख </w><w> प्रकट </w><w> करते </w><w> हुए </w><w> तुरंत </w><w> कानूनी </w><w> कार्रवाई </w><w> की </w><w> मांग </w><w> की </w><w> है। </w><w> भारतीय </w><w> मूल </w><w> के </w><w> लोगों </w><w> के </w><w> लिए </w><w> भारतीय </w><w> राजदूत </w><w> बी. </w><w> के. </w><w> अग्निहोत्री </w><w> ने </w><w> कहा </w><w> कि </w><w> किसी </w><w> भी </w><w> हालत </w><w> में </w><man_made_event id="3" type="ARMED_CONFLICTS"><link event_arg="0" id="12" type_rel="EVENT_ARG"/><w> हिंसा </w></man_made_event><w> को </w><w> सही </w><w> नहीं </w><w> ठहराया </w><w> जा </w><w> सकता। </w><w> उन्होंने </w><w> कहा </w><w> कि </w><w> साबरमती </w><w> ट्रेन </w><w> कांड </w><w> में </w><w> निर्दोष </w><w> लोगों </w><w> , </w><w> खासतौर </w><w> पर </w><w> महिलाओं </w><w> और </w><w> बच्चों </w><w> की </w><w> जानें </w><w> गई </w><w> हैं </w><w> , </w><w> जो </w><w> कि </w><w> बेहद </w><w> दुखदायी </w><w> और </w><w> शर्मनाक </w><w> है। </w><w> गुजरात </w><w> प्रकरण </w><w> को </w><w> लेकर </w><w> यहां </w><w> के </w><w> लोगों </w><w> की </w><w> चिंता </w><w> खासकर </w><w> न्यूयार्क </w><w> मेट्रोपोलिटन </w><w> क्षेत्र </w><w> के </w><w> व्यापारिक </w><w> जिलों </w><w> और </w><w> समीपवर्ती </w><w> राज्यों </w><w> में </w><w> देखी </w><w> जा </w><w> सकती </w><w> है </w><w> , </w><w> जहां </w><w> काफी </w><w> तादाद </w><w> में </w><w> गुजराती </w><w> समुदाय </w><w> के </w><w> लोग </w><w> रहते </w><w> हैं। </w><w> इस </w><w> हमले </w><w> की </w><w> निंदा </w><w> करते </w><w> हुए </w><w> ओवरसीज </w><w> फ्रेंडस </w><w> ऑफ </w><w> बीजेपी </w><w> और </w><w> इंडियन </w><w> नेशनल </w><w> ओवरसीज </w><w> कांग्रेस </w><w> दोनों </w><w> ने </w><w> ही </w><w> दोषियों </w><w> को </w><w> सजा </w><w> देने </w><w> की </w><w> मांग </w><w> की </w><w> है। </w><w> अग्निहोत्री </w><w> ने </w><w> आशा </w><w> जताई </w><w> कि </w><w> केन्द्र </w><w> और </w><w> राज्य </w><w> सरकार </w><w> हालात </w><w> को </w><w> काबू </w><w> में </w><w> लाने </w><w> के </w><w> लिए </w><w> हर </w><w> संभव </w><w> प्रयास </w><w> करेगी। </w><w> अमेरिका </w><w> की </w><w> विश्व </w><w> हिंदू </w><w> परिषद </w><w> ने </w><w> साबरमती </w><w> कांड </w><w> की </w><w> घोर </w><w> निंदा </w><w> करते </w><w> हुए </w><w> कहा </w><w> कि </w><w> यह </w><time-arg id="5"><link event_arg="4" id="13" type_rel="EVENT_ARG"/><w> 11 </w><w> सितंबर </w></time-arg><w> को </w><place-arg id="6"><link event_arg="4" id="14" type_rel="EVENT_ARG"/><w> विश्व </w><w> व्यापार </w><w> केन्द्र </w></place-arg><w> और </w><time-arg id="7"><link event_arg="4" id="15" type_rel="EVENT_ARG"/><w> 13 </w><w> दिसंबर </w></time-arg><w> को </w><place-arg id="8"><link event_arg="4" id="16" type_rel="EVENT_ARG"/><w> भारतीय </w><w> संसद </w></place-arg><w> पर </w><w> हुए </w><man_made_event id="4" type="TERRORIST_ATTACK"><w> आतंकवादी </w><w> हमलों </w></man_made_event><w> की </w><w> तरह </w><w> ही </w><w> एक </w><w> आतंकवादी </w><w> कार्रवाई </w><w> है। </w></p></document>