<?xml version="1.0" encoding="UTF-8"?>
<document><p><w> navbharat_2002_2_14_2775609 </w></p><p><w> उपयुक्त </w><w> समय- </w><w> सहीराम </w></p><p><w> यही </w><w> उपयुक्त </w><w> समय </w><w> है। </w><w> जब </w><place-arg id="1"><link event_arg="0" id="11" type_rel="EVENT_ARG"/><w> संसद </w></place-arg><w> पर </w><man_made_event id="0" type="TERRORIST_ATTACK"><w> हमला </w></man_made_event><w> हो </w><w> गया </w><w> तो </w><w> भाजपा </w><w> नेताओं </w><w> ने </w><w> कहा </w><w> कि </w><w> पाकिस्तान </w><w> पर </w><man_made_event id="3" type="NORMAL_BOMBING"><w> हमला </w></man_made_event><w> बोलने </w><w> का </w><w> यही </w><w> उपयुक्त </w><w> समय </w><w> है। </w><w> आरएसएस </w><w> के </w><w> प्रचारकों </w><w> ने </w><w> कहा </w><w> कि </w><w> यही </w><w> उपयुक्त </w><w> समय </w><w> है </w><w> पाकिस्तान </w><w> को </w><w> सबक </w><w> सिखाने </w><w> का। </w><w> उसे </w><w> दंड </w><w> देने </w><w> का। </w><w> आतंकवादियों </w><w> ने </w><w> हमारी </w><w> संसद </w><w> पर </w><man_made_event id="5" type="TERRORIST_ATTACK"><w> हमला </w></man_made_event><w> करके </w><w> हमें </w><w> ललकारा </w><w> है। </w><w> हमें </w><w> चुनौती </w><w> दी </w><w> है। </w><w> सरकार </w><w> को </w><w> उनके </w><w> प्रशिक्षण </w><w> शिविरों </w><w> पर </w><man_made_event id="6" type="TERRORIST_ATTACK"><w> हमला </w></man_made_event><w> करके </w><w> उन्हें </w><w> तहस-नहस </w><w> कर </w><w> देना </w><w> चाहिए। </w><w> भारत </w><w> को </w><w> अब </w><w> नरम </w><w> राष्ट्र </w><w> नहीं </w><w> रहना </w><w> चाहिए। </w><w> उसे </w><w> इस्त्राइल </w><w> की </w><w> तरह </w><w> से </w><w> कड़क-कठोर </w><w> राष्ट्र </w><w> बनकर </w><w> दिखाना </w><w> चाहिए। </w><w> अब </w><w> तो </w><w> अमेरिका </w><w> भी </w><w> हमारा </w><w> साथ </w><w> देगा। </w><w> वह </w><w> खुद </w><w> भी </w><w> तो </w><w> आतंकवाद </w><w> के </w><w> खिलाफ </w><w> युद्ध </w><w> छेड़े </w><w> हुए </w><w> है। </w><w> हमें </w><w> भी </w><w> छेड़ </w><w> देना </w><w> चाहिए। </w><w> यही </w><w> उपयुक्त </w><w> समय </w><w> है। </w><w> हमने </w><w> उसके </w><w> युद्ध </w><w> में </w><w> साथ </w><w> दिया। </w><w> वह </w><w> भी </w><w> हमारे </w><w> युद्ध </w><w> में </w><w> साथ </w><w> देगा। </w><w> जैसे </w><w> इस्त्राइल </w><w> का </w><w> साथ </w><w> दे </w><w> रहा </w><w> है। </w><w> अब </w><w> अमेरिका </w><w> भारत </w><w> को </w><w> बेहतर </w><w> ढंग </w><w> से </w><w> समझने </w><w> लगा </w><w> है। </w><w> इसलिए </w><w> यही </w><w> उपयुक्त </w><w> समय </w><w> है। </w><w> फिर </w><w> जनता </w><w> की </w><w> भी </w><w> तो </w><w> यही </w><w> आवाज </w><w> है। </w><w> पार्टी </w><w> के </w><w> सांसदों </w><w> ने </w><w> सरकार </w><w> तक </w><w> और </w><w> आरएसएस </w><w> के </w><w> प्रचारकों </w><w> ने </w><w> जनता </w><w> तक </w><w> , </w><w> जनता </w><w> की </w><w> यह </w><w> आवाज </w><w> पहंचाई। </w><w> अमेरिकी </w><w> राजदूत </w><w> को </w><w> भी </w><w> इन </w><w> भावनाओं </w><w> से </w><w> अवगत </w><w> कराया </w><w> गया। </w><w> राष्ट्रपति </w><w> जॉर्ज </w><w> बुश </w><w> को </w><w> जानकारी </w><w> दी </w><w> गई </w><w> कि </w><w> अब </w><w> समय </w><w> आ </w><w> गया </w><w> है </w><w> कि </w><w> आतंकवाद </w><w> को </w><w> जड़-मूल </w><w> से </w><w> नष्ट </w><w> कर </w><w> देना </w><w> चाहिए। </w><w> अखबारों </w><w> के </w><w> कॉलमनिगारों </w><w> ने </w><w> , </w><w> रक्षा </w><w> विशेषज्ञों </w><w> ने </w><w> , </w><w> टी </w><w> वी </w><w> के </w><w> एक्सपर्टों </w><w> ने </w><w> सबने </w><w> यही </w><w> कहा </w><w> कि </w><w> पाकिस्तान </w><w> पर </w><man_made_event id="7" type="NORMAL_BOMBING"><w> हमला </w></man_made_event><w> बोलने </w><w> का </w><w> यही </w><w> उपयुक्त </w><w> समय </w><w> है। </w><w> सरकार </w><w> के </w><w> मंत्रियों </w><w> ने </w><w> , </w><w> शासक </w><w> गठजोड़ </w><w> के </w><w> प्रवक्ताओं </w><w> ने </w><w> इस </w><w> बात </w><w> की </w><w> पुष्टि </w><w> की </w><w> कि </w><w> पाकिस्तान </w><w> पर </w><man_made_event id="8" type="NORMAL_BOMBING"><w> हमला </w></man_made_event><w> बोलने </w><w> का </w><w> यही </w><w> उपयुक्त </w><w> समय </w><w> है। </w><w> लेकिन </w><w> अमेरिका </w><w> ने </w><w> कहा </w><w> कि </w><w> यह </w><w> आपस </w><w> में </w><w> बातचीत </w><w> कर </w><w> युद्ध </w><w> टालनेका </w><w> समय </w><w> है। </w><w> ब्रिटेन </w><w> ने </w><w> भी </w><w> यही </w><w> कहा। </w><w> दुनियावालों </w><w> ने </w><w> सबने </w><w> यही </w><w> कहा। </w><w> हमने </w><w> कहा </w><w> कि </w><w> यह </w><w> बातचीत </w><w> के </w><w> लिए </w><w> उपयुक्त </w><w> समय </w><w> नहीं </w><w> है। </w><w> जब </w><w> मुशर्रफ </w><w> साहब </w><w> ने </w><w> अपना </w><w> इतिहास </w><w> बदलने </w><w> वाला </w><w> भाषण </w><w> दे </w><w> दिया </w><w> तो </w><w> एक </w><w> बार </w><w> फिर </w><w> सबने </w><w> कहा </w><w> कि </w><w> संवाद </w><w> का </w><w> यही </w><w> उपयुक्त </w><w> समय </w><w> है। </w><w> हमने </w><w> कहा </w><w> कि </w><w> संवाद </w><w> का </w><w> उपयुक्त </w><w> समय </w><w> अभी </w><w> नहीं </w><w> आया </w><w> है। </w><w> अभी </w><w> भी </w><w> उपयुक्त </w><w> समय </w><w> तो </w><w> पाकिस्तान </w><w> पर </w><man_made_event id="9" type="NORMAL_BOMBING"><w> हमला </w></man_made_event><w> बोलने </w><w> का </w><w> ही </w><w> है। </w><w> सरकार </w><w> ने </w><w> कहा </w><w> कि </w><w> पोटो </w><w> पास </w><w> कराने </w><w> का </w><w> यही </w><w> उपयुक्त </w><w> समय </w><w> है। </w><w> आतंकवादी </w><w> हमारी </w><w> संसद </w><w> तक </w><w> पहुंच </w><w> गए </w><w> हैं। </w><w> अगर </w><w> पहले </w><w> पास </w><w> करा </w><w> देते </w><w> तो </w><w> यह </w><w> नौबत </w><w> ही </w><w> नहीं </w><w> आती। </w><w> पोटो </w><w> का </w><w> विरोध </w><w> करने </w><w> का </w><w> फल </w><w> हमने </w><w> भुगत </w><w> लिया </w><w> है। </w><w> पर </w><w> अब </w><w> बहुत </w><w> हुआ। </w><w> अब </w><w> इसे </w><w> पास </w><w> करा </w><w> देना </w><w> चाहिए। </w><w> इससे </w><w> आतंकवाद </w><w> पर </w><w> रोक </w><w> लगेगी। </w><w> उन्होंने </w><w> यह </w><w> नहीं </w><w> बताया </w><w> कि </w><w> पोटो </w><w> लागू </w><w> रहने </w><w> के </w><w> बावजूद </w><w> आतंकवादी </w><w> संसद </w><w> तक </w><w> कैसे </w><w> पहुंच </w><w> गए। </w><w> अब </w><w> तो </w><w> आडवाणी </w><w> ने </w><w> यह </w><w> कहना </w><w> भी </w><w> छोड़ </w><w> दिया </w><w> है </w><w> कि </w><w> पोटो </w><w> का </w><w> विरोध </w><w> करने </w><w> वाले </w><w> आतंकवादियों </w><w> के </w><w> साथी </w><w> हैं। </w><w> अब </w><w> तो </w><w> पत्रकारों </w><w> पर </w><w> भी </w><w> पोटो </w><w> लागू </w><w> नहीं </w><w> होगा। </w><w> इस </w><w> पर </w><w> बड़ा </w><w> हल्ला </w><w> हो </w><w> गया </w><w> था। </w><w> लेकिन </w><w> पोटो </w><w> पास </w><w> कराने </w><w> का </w><w> यही </w><w> उपयुक्त </w><w> समय </w><w> है। </w><w> अगर </w><w> आतंकवादियों </w><w> का </w><w> हमला </w><w> न </w><w> होता </w><w> तो </w><w> सरकार </w><w> संसद </w><w> का </w><w> संयुक्त </w><w> अधिवेशन </w><w> करा </w><w> कर </w><w> पोटो </w><w> पास </w><w> करा </w><w> लेती। </w><w> लेकिन </w><man_made_event id="10" type="NORMAL_BOMBING"><w> हमला </w></man_made_event><w> हो </w><w> जाने </w><w> के </w><w> बाद </w><w> विपक्ष </w><w> को </w><w> साथ </w><w> रखना </w><w> भी </w><w> जरूरी </w><w> था। </w><w> इसलिए </w><w> उसे </w><w> पेश </w><w> नहीं </w><w> किया </w><w> गया। </w><w> लेकिन </w><w> आरएसएस </w><w> कह </w><w> रहा </w><w> है </w><w> , </w><w> भाजपा </w><w> नेता </w><w> कह </w><w> रहे </w><w> हैं </w><w> , </w><w> कड़क </w><w> पुलिस </w><w> अधिकारी </w><w> कह </w><w> रहे </w><w> हैं </w><w> , </w><w> कानून </w><w> के </w><w> रखवाले </w><w> कह </w><w> रहे </w><w> हैं </w><w> कि </w><w> पोटो </w><w> पास </w><w> कराने </w><w> का </w><w> यही </w><w> उपयुक्त </w><w> समय </w><w> है। </w><w> उपयुक्त </w><w> समय </w><w> को </w><w> भांप </w><w> कर </w><w> मकोका </w><w> को </w><w> मुंबई </w><w> से </w><w> दिल्ली </w><w> तक </w><w> फैला </w><w> दिया </w><w> गया </w><w> है। </w><w> फिर </w><w> भी </w><w> पोटो </w><w> का </w><w> अपना </w><w> महत्व </w><w> है। </w><w> अल्पसंख्यकों </w><w> में </w><w> इसका </w><w> खौफ </w><w> है </w><w> तो </w><w> भी </w><w> इसका </w><w> महत्व </w><w> है। </w><w> विपक्ष </w><w> में </w><w> इसका </w><w> डर </w><w> है </w><w> तो </w><w> भी </w><w> इसका </w><w> महत्व </w><w> है। </w><w> सहयोगियों </w><w> में </w><w> इसको </w><w> लेकर </w><w> आशंकाएं </w><w> हैं </w><w> तो </w><w> भी </w><w> इसका </w><w> महत्व </w><w> है। </w><w> इसीलिए </w><w> तो </w><w> इसे </w><w> दोबारा </w><w> लाया </w><w> गया </w><w> है। </w><w> अब </w><w> पोटो </w><w> पास </w><w> कराने </w><w> का </w><w> यही </w><w> उपयुक्त </w><w> समय </w><w> है। </w><w> विश्व </w><w> हिंदू </w><w> परिषद </w><w> ने </w><w> कहा </w><w> कि </w><w> मंदिर </w><w> बनाने </w><w> का </w><w> यही </w><w> उपयुक्त </w><w> समय </w><w> है। </w><w> जब </w><w> देश </w><w> आतंकवाद </w><w> की </w><w> समस्या </w><w> से </w><w> जूझ </w><w> रहा </w><w> है </w><w> , </w><w> सीमा </w><w> पर </w><w> युद्ध </w><w> के </w><w> बादल </w><w> मंडरा </w><w> रहे </w><w> हैं </w><w> , </w><w> मंदिर </w><w> बनाने </w><w> का </w><w> यही </w><w> उपयुक्त </w><w> समय </w><w> है। </w><w> संकट </w><w> की </w><w> इस </w><w> घड़ी </w><w> में </w><w> जब </w><w> देश </w><w> एकजुट </w><w> हो </w><w> रहा </w><w> है </w><w> , </w><w> जब </w><w> अल्पसंख्यकों </w><w> के </w><w> मन </w><w> से </w><w> बेगानेपन </w><w> की </w><w> भावना </w><w> को </w><w> खत्म </w><w> कर </w><w> जनता </w><w> को </w><w> एकजुट </w><w> करने </w><w> की </w><w> फौरन </w><w> जरूरत </w><w> है </w><w> , </w><w> मंदिर </w><w> बनाने </w><w> का </w><w> यही </w><w> उपयुक्त </w><w> समय </w><w> है। </w><w> ऐसे </w><w> में </w><w> विपक्ष </w><w> विरोध </w><w> नहीं </w><w> कर </w><w> पाएगा </w><w> , </w><w> सहयोगी </w><w> चुप </w><w> रहेंगे। </w><w> अल्पसंख्यक </w><w> डर </w><w> के </w><w> मारे </w><w> अपना </w><w> मुंह </w><w> बंद </w><w> रखेंगे। </w><w> इसलिए </w><w> मंदिर </w><w> बनाने </w><w> का </w><w> यही </w><w> उपयुक्त </w><w> समय </w><w> है। </w><w> मुरली </w><w> मनोहर </w><w> जोशी </w><w> ने </w><w> कहा </w><w> कि </w><w> इतिहास </w><w> बदलने </w><w> का </w><w> यही </w><w> उपयुक्त </w><w> समय </w><w> है। </w><w> वामपंथी </w><w> इतिहासकारों </w><w> को </w><w> बौद्धिक </w><w> आतंकवादी </w><w> ठहराकर </w><w> इतिहास </w><w> बदलने </w><w> का </w><w> यही </w><w> उपयुक्त </w><w> समय </w><w> है। </w><w> आतंकवाद </w><w> से </w><w> नफरत </w><w> का </w><w> इससे </w><w> ज्यादा </w><w> अच्छा </w><w> इस्तेमाल </w><w> और </w><w> क्या </w><w> हो </w><w> सकता </w><w> है। </w><w> इतिहासकारों </w><w> को </w><w> सीमा </w><w> पार </w><w> के </w><w> आतंकवादियों </w><w> से </w><w> भी </w><w> बड़ा </w><w> आतंकवादी </w><w> घोषित </w><w> कर </w><w> दो </w><w> और </w><w> इतिहास </w><w> बदल </w><w> दो। </w><w> यही </w><w> उपयुक्त </w><w> समय </w><w> है। </w><w> वामपंथियों </w><w> को </w><w> देश </w><w> के </w><w> बंटवारे </w><w> के </w><w> लिए </w><w> , </w><w> पाकिस्तान </w><w> बनने </w><w> के </w><w> लिए </w><w> जिम्मेदार </w><w> ठहरा </w><w> दो। </w><w> पाकिस्तान </w><w> से </w><w> नाराजगी </w><w> का </w><w> इससे </w><w> अच्छा </w><w> इस्तेमाल </w><w> और </w><w> क्या </w><w> हो </w><w> सकता </w><w> है। </w><w> इतिहास </w><w> बदलने </w><w> का </w><w> यही </w><w> सबसे </w><w> ज्यादा </w><w> विरोध </w><w> करते </w><w> हैं। </w><w> इसलिए </w><w> इन्हें </w><w> पाकिस्तान </w><w> का </w><w> जनक </w><w> कह </w><w> कर </w><w> इतिहास </w><w> बदल </w><w> दो। </w><w> यही </w><w> उपयुक्त </w><w> समय </w><w> है। </w><w> जॉर्ज </w><w> फर्नांडिस </w><w> ने </w><w> कहा </w><w> कि </w><w> हथियारों </w><w> की </w><w> खरीद </w><w> करने </w><w> का </w><w> यही </w><w> उपयुक्त </w><w> समय </w><w> है। </w><w> तहलका </w><w> के </w><w> बाद </w><w> से </w><w> सारी </w><w> खरीद </w><w> रुकी </w><w> पड़ी </w><w> है। </w><w> देशभक्ति </w><w> के </w><w> इस </w><w> माहौल </w><w> में </w><w> दलाली </w><w> की </w><w> तरफ </w><w> किसी </w><w> का </w><w> ध्यान </w><w> भी </w><w> नहीं </w><w> जाएगा। </w><w> इसीलिए </w><w> वे </w><w> शॉपिंग </w><w> लिस्ट </w><w> के </w><w> साथ </w><w> अमेरिका </w><w> हो </w><w> आए </w><w> हैं। </w><w> क्योंकि </w><w> शॉपिंग </w><w> का </w><w> यही </w><w> उपयुक्त </w><w> समय </w><w> है। </w><w> यशवंत </w><w> सिन्हा </w><w> ने </w><w> कहा </w><w> कि </w><w> नए </w><w> कर </w><w> लगाने </w><w> का </w><w> यही </w><w> उपयुक्त </w><w> समय </w><w> है। </w><w> युद्ध </w><w> का </w><w> माहौल </w><w> है </w><w> , </w><w> देशभक्ति </w><w> का </w><w> जज्बा </w><w> है </w><w> , </w><w> सुरक्षा </w><w> की </w><w> जरूरत </w><w> है। </w><w> इससे </w><w> अच्छा </w><w> मौका </w><w> फिर </w><w> नहीं </w><w> मिलेगा। </w><w> नए </w><w> कर </w><w> लगाने </w><w> का </w><w> यही </w><w> उपयुक्त </w><w> समय </w><w> है। </w></p></document>