<?xml version="1.0" encoding="UTF-8"?>
<document><p><w> navbharat_2002_2_1_1487106 </w></p><p><w> भारत </w><w> ने </w><w> उमर </w><w> के </w><w> बारे </w><w> में </w><w> पाक </w><w> से </w><w> जानकारी </w><w> मांगी </w></p><p><w> नई </w><w> दिल्ली: </w><w> भारत </w><w> ने </w><w> पाकिस्तान </w><w> पर </w><w> राजनयिक </w><w> दबाव </w><w> बढ़ाते </w><w> हुए </w><w> एक </w><w> बार </w><w> फिर </w><w> पाकिस्तानी </w><w> उप </w><w> उच्चायुक्त </w><w> को </w><w> बुलाकर </w><w> कहा </w><w> कि </w><place-arg id="1"><link event_arg="0" id="7" type_rel="EVENT_ARG"/><w> भारतीय </w><w> संसद </w></place-arg><w> पर </w><man_made_event id="0" type="TERRORIST_ATTACK"><w> हमले </w></man_made_event><w> में </w><w> उमर </w><w> शेख </w><w> की </w><w> भूमिका </w><w> के </w><w> बारे </w><w> में </w><w> जानकारी </w><w> दे। </w><w> यहां </w><w> विदेश </w><w> मंत्रालय </w><w> की </w><w> प्रवक्ता </w><w> ने </w><w> यह </w><w> जानकारी </w><w> देते </w><w> हुए </w><w> कहा </w><w> कि </w><w> इस्लामाबाद </w><w> को </w><w> आतंकवाद </w><w> विरोधी </w><w> अंतरराष्ट्रीय </w><w> कानूनों </w><w> और </w><w> संधियों </w><w> तथा </w><w> प्रस्तावों </w><w> के </w><w> अनुरूप </w><w> भारत </w><w> के </w><w> आग्रहों </w><w> को </w><w> मानना </w><w> होगा। </w><w> उल्लेखनीय </w><w> है </w><w> कि </w><w> उमर </w><w> शेख </w><w> ने </w><time-arg id="5"><link event_arg="4" id="8" type_rel="EVENT_ARG"/><w> 13 </w><w> दिसम्बर </w></time-arg><w> को </w><place-arg id="4"><link event_arg="2" id="10" type_rel="EVENT_ARG"/><w> भारतीय </w><w> संसद </w></place-arg><w> पर </w><w> तथा </w><time-arg id="6"><link event_arg="3" id="9" type_rel="EVENT_ARG"/><w> एक </w><w> अक्टूबर </w></time-arg><w> को </w><place-arg id="3"><link event_arg="2" id="11" type_rel="EVENT_ARG"/><w> श्रीनगर </w><w> में </w><w> विधानसभा </w><w> भवन </w></place-arg><w> पर </w><man_made_event id="2" type="TERRORIST_ATTACK"><w> आतंकवादी </w><w> हमले </w></man_made_event><w> में </w><w> अपना </w><w> हाथ </w><w> होने </w><w> की </w><w> बात </w><w> कबूल </w><w> की </w><w> है। </w><w> उमर </w><w> शेख </w><w> को </w><w> अमेरिकी </w><w> पत्रकार </w><w> डेनियल </w><w> पर्ल </w><w> के </w><w> अपहरण </w><w> के </w><w> सिलसिले </w><w> में </w><w> गिरफ्तार </w><w> किया </w><w> गया </w><w> है। </w><w> विदेश </w><w> मंत्रालय </w><w> की </w><w> प्रवक्ता </w><w> के </w><w> अनुसार </w><w> यहां </w><w> नियुक्त </w><w> पाकिस्तानी </w><w> उप </w><w> उच्चायुक्त </w><w> जलील </w><w> अब्बास </w><w> जिलानी </w><w> से </w><w> कहा </w><w> गया </w><w> है </w><w> कि </w><time-arg id="14"><link event_arg="12" id="16" type_rel="EVENT_ARG"/><w> 11 </w><w> सितम्बर </w></time-arg><w> को </w><place-arg id="13"><link event_arg="12" id="15" type_rel="EVENT_ARG"/><w> अमेरिका </w></place-arg><w> में </w><man_made_event id="12" type="TERRORIST_ATTACK"><w> आतंकवादी </w><w> हमले </w></man_made_event><w> के </w><w> बाद </w><w> संयुक्त </w><w> राष्ट्र </w><w> संघ </w><w> द्वारा </w><w> पारित </w><w> प्रस्ताव- </w><w> 1373 </w><w> के </w><w> अनुरूप </w><w> पाकिस्तान </w><w> भारत </w><w> का </w><w> आग्रह </w><w> माने। </w><w> सवालों </w><w> के </w><w> जवाब </w><w> में </w><w> प्रवक्ता </w><w> ने </w><w> कहा </w><w> कि </w><w> पाकिस्तानी </w><w> राजनयिक </w><w> ने </w><w> भारत </w><w> की </w><w> इस </w><w> मांग </w><w> से </w><w> पाकिस्तान </w><w> सरकार </w><w> को </w><w> अवगत </w><w> कराने </w><w> का </w><w> आश्वासन </w><w> दिया </w><w> है। </w><w> उनसे </w><w> कहा </w><w> गया </w><w> कि </w><w> अब </w><w> तक </w><w> मिली </w><w> जानकारियों </w><w> तथा </w><w> समाचार </w><w> रिपोर्टों </w><w> के </w><w> आधार </w><w> पर </w><w> ही </w><w> भारत </w><w> ने </w><w> उमर </w><w> शेख </w><w> के </w><w> बारे </w><w> में </w><w> जानकारी </w><w> मांगी </w><w> है। </w><w> हालांकि </w><w> भारत </w><w> ने </w><w> उमर </w><w> शेख </w><w> को </w><w> भारत </w><w> वापस </w><w> भेजने </w><w> की </w><w> मांग </w><w> नहीं </w><w> की </w><w> है </w><w> , </w><w> लेकिन </w><w> भारत </w><w> ने </w><w> कहा </w><w> है </w><w> कि </w><w> आतंकवादी </w><w> हरकतें </w><w> करने </w><w> वालों </w><w> को </w><w> समुचित </w><w> दंड </w><w> मिलना </w><w> ही </w><w> चाहिए। </w><w> दिसम्बर </w><w> ,1999 </w><w> में </w><w> कंधार </w><w> में </w><w> भारतीय </w><w> विमान </w><w> के </w><w> अपहृत </w><w> यात्रियों </w><w> की </w><w> रिहाई </w><w> के </w><w> बदले </w><w> उमर </w><w> शेख </w><w> तथा </w><w> इसके </w><w> दो </w><w> अन्य </w><w> साथियों </w><w> को </w><w> छोड़ </w><w> दिए </w><w> जाने </w><w> के </w><w> संदर्भ </w><w> में </w><w> प्रवक्ता </w><w> ने </w><w> कहा </w><w> कि </w><w> शेख </w><w> पाकिस्तान </w><w> स्थित </w><w> आतंकवादी </w><w> संगठन </w><w> जैशे </w><w> मुहम्मद </w><w> का </w><w> नेता </w><w> है </w><w> और </w><w> इसे </w><w> अफगानिस्तान </w><w> में </w><w> प्रशिक्षित </w><w> किया </w><w> गया </w><w> है। </w><w> इस </w><w> आतंकवादी </w><w> का </w><w> अल </w><w> कायदा </w><w> से </w><w> भी </w><w> गहरा </w><w> सम्पर्क </w><w> हैं। </w><w> भारत </w><w> और </w><w> पाकिस्तान </w><w> के </w><w> बीच </w><w> सिंधु </w><w> नदी </w><w> जल </w><w> समझौता </w><w> के </w><w> नवीनीकरण </w><w> के </w><w> बारे </w><w> में </w><w> पूछे </w><w> जाने </w><w> पर </w><w> उन्होंने </w><w> कहा </w><w> कि </w><w> इसकी </w><w> सालाना </w><w> समीक्षा </w><w> के </w><w> लिए </w><w> बातचीत </w><w> होती </w><w> है </w><w> और </w><w> इसके </w><w> लिए </w><w> तिथियां </w><w> राजनयिक </w><w> माध्यम </w><w> से </w><w> तय </w><w> कर </w><w> ली </w><w> जायेंगी। </w><w> इस </w><w> संधि </w><w> की </w><w> पिछले </w><w> साल </w><w> मई </w><w> में </w><w> समीक्षा </w><w> की </w><w> गई </w><w> थी। </w><w> सवालों </w><w> के </w><w> जवाब </w><w> में </w><w> प्रवक्ता </w><w> ने </w><w> कहा </w><w> कि </w><w> भारत </w><w> ने </w><w> जिन </w><w> बीस </w><w> आतंकवादियों </w><w> की </w><w> सूची </w><w> सौंपी </w><w> थी </w><w> इस </w><w> पर </w><w> भारत </w><w> सार्थक </w><w> कार्रवाई </w><w> की </w><w> प्रतीक्षा </w><w> कर </w><w> रहा </w><w> है। </w></p></document>