<?xml version="1.0" encoding="UTF-8"?>
<document><p><w> navbharat_2002_2_27_4078716 </w></p><p><w> जिहादी </w><w> संगठनों </w><w> के </w><w> 800 </w><w> आतंकवादी </w><w> सशर्त </w><w> रिहा </w></p><p><w> इस्लामाबाद </w><w> (भाषा): </w><w> पाकिस्तान </w><w> के </w><w> राष्ट्रपति </w><w> परवेज </w><w> मुशर्रफ </w><w> द्वारा </w><w> गत </w><w> 12 </w><w> जनवरी </w><w> को </w><w> पाँच </w><w> जिहादी </w><w> संगठनों </w><w> पर </w><w> लगाए </w><w> गए </w><w> प्रतिबन्ध </w><w> के </w><w> तहत </w><w> गिरफ्तार </w><w> किए </w><w> गए </w><w> 800 </w><w> उग्रवादियों </w><w> को </w><w> सशर्त </w><w> माफीनामे </w><w> के </w><w> साथ </w><w> रिहा </w><w> कर </w><w> दिया </w><w> गया। </w><w> उन्हें </w><w> लिखित </w><w> आश्वासन </w><w> देने </w><w> के </w><w> बाद </w><w> रिहा </w><w> किया </w><w> गया </w><w> है। </w><w> इन </w><w> प्रतिबंधित </w><w> संगठनों </w><w> में </w><w> तालिबानी </w><w> मिलिशिया </w><w> समर्थक </w><w> नेता </w><w> मौलाना </w><w> फजलुर्रहमान </w><w> भी </w><w> शामिल </w><w> है। </w><w> पाकिस्तान </w><w> के </w><w> एक </w><w> अधिकारी </w><w> ने </w><w> वहां </w><w> की </w><w> समाचार </w><w> एजेंसी </w><w> एन.एन.आई. </w><w> से </w><w> कहा </w><w> कि </w><w> प्रतिबंधित </w><w> पांच </w><w> जिहादी </w><w> संगठनों </w><w> के </w><w> जेल </w><w> में </w><w> बंद </w><w> उग्रवादियों </w><w> को </w><w> इस </w><w> शर्त </w><w> के </w><w> साथ </w><w> रिहा </w><w> किया </w><w> गया </w><w> है </w><w> कि </w><w> कम </w><w> से </w><w> कम </w><w> कुछ </w><w> वर्षों </w><w> तक </w><w> वह </w><w> किसी </w><w> उग्रवादी </w><w> गतिविधियों </w><w> में </w><w> भागीदारी </w><w> नहीं </w><w> करेंगे। </w><w> उन्होंने </w><w> कहा </w><w> कि </w><w> प्रत्येक </w><w> उग्रवादी </w><w> से </w><w> लिखित </w><w> बांड </w><w> भरवाने </w><w> के </w><w> बाद </w><w> ही </w><w> उन्हें </w><w> रिहा </w><w> किया </w><w> गया </w><w> है। </w><w> अधिकारी </w><w> ने </w><w> बताया </w><w> कि </w><w> रिहा </w><w> किए </w><w> गए </w><w> उग्रवादी </w><w> जैश-ए-मोहम्मद </w><w> , </w><w> लश्कर-ए-तैयबा </w><w> , </w><w> सिपाह-ए </w><w> सहाबा </w><w> , </w><w> सिपाह-ए-मोहम्मद </w><w> तथा </w><w> हरकवुल </w><w> मुजाहिदीन </w><w> संगठनों </w><w> से </w><w> संबद्ध </w><w> है। </w><w> गौरतलब </w><w> है </w><w> कि </w><w> इन </w><w> पांच </w><w> संगठनों </w><w> के </w><w> सदस्यों </w><w> पर </w><time-arg id="3"><link event_arg="0" id="5" type_rel="EVENT_ARG"/><w> 13 </w><w> दिसम्बर </w></time-arg><w> को </w><place-arg id="2"><link event_arg="0" id="4" type_rel="EVENT_ARG"/><w> संसद </w></place-arg><w> पर </w><man_made_event id="0" type="TERRORIST_ATTACK"><w> हमले </w></man_made_event><w> तथा </w><place-arg id="6"><link event_arg="1" id="7" type_rel="EVENT_ARG"/><w> दिल्ली </w></place-arg><w> में </w><w> अनेक </w><man_made_event id="1" type="TERRORIST_ATTACK"><w> आंतकवादी </w><w> हमलों </w></man_made_event><w> में </w><w> शामिल </w><w> होने </w><w> का </w><w> आरोप </w><w> है। </w></p></document>