<?xml version="1.0" encoding="UTF-8"?>
<document><p><w> navbharat_2002_2_2_1583346 </w></p><p><w> अमेरिकी </w><w> प्रयास </w><w> से </w><w> भारत-पाक </w><w> तनाव </w><w> जून </w><w> तक </w><w> घटेगा: </w><w> मुशर्रफ </w></p><p><w> इस्लामाबाद </w><w> (एजेंसियां): </w><w> पाकिस्तान </w><w> के </w><w> राष्ट्रपति </w><w> जनरल </w><w> परवेज </w><w> मुशर्रफ </w><w> ने </w><w> कहा </w><w> है </w><w> कि </w><w> अमेरिका </w><w> द्वारा </w><w> लगातार </w><w> जारी </w><w> प्रयासों </w><w> के </w><w> कारण </w><w> भारत </w><w> और </w><w> पाकिस्तान </w><w> के </w><w> बीच </w><w> वर्तमान </w><w> सैनिक </w><w> तनाव </w><w> इस </w><w> वर्ष </w><w> मई-जून </w><w> तक </w><w> कम </w><w> हो </w><w> सकता </w><w> है। </w><w> लाहौर </w><w> में </w><w> बुद्धिजीवियों </w><w> की </w><w> एक </w><w> बैठक </w><w> को </w><w> संबोधित </w><w> करते </w><w> हुए </w><w> मुशर्रफ </w><w> ने </w><w> दावा </w><w> किया </w><w> कि </w><w> पाकिस्तान </w><w> की </w><w> सैनिक </w><w> क्षमता </w><w> ने </w><w> भारत </w><w> को </w><w> चौतरफा </w><man_made_event id="0" type="TERRORIST_ATTACK"><w> हमला </w></man_made_event><w> करने </w><w> से </w><w> रोक </w><w> रखा </w><w> है। </w><w> मुशर्रफ </w><w> ने </w><w> यह </w><w> भी </w><w> कहा </w><w> कि </w><w> सीमा </w><w> पर </w><w> सेना </w><w> तब </w><w> तक </w><w> जमी </w><w> रहेगी </w><w> जब </w><w> तक </w><w> भारत </w><w> अपनी </w><w> सेना </w><w> वापस </w><w> नहीं </w><w> बुला </w><w> लेता </w><w> है। </w><w> स्थानीय </w><w> समाचारपत्र </w><w> &amp;apos </w><w> द </w><w> न्यूज </w><w> &amp;apos </w><w> के </w><w> अनुसार </w><w> जनरल </w><w> मुशर्रफ </w><w> ने </w><w> मंगलवार </w><w> रात </w><w> लाहौर </w><w> में </w><w> कहा </w><w> कि </w><w> अंतरराष्ट्रीय </w><w> सीमा </w><w> पर </w><w> भारतीय </w><w> सेना </w><w> के </w><w> जमावडे़ </w><w> के </w><w> जवाब </w><w> में </w><w> पाकिस्तानी </w><w> सेना </w><w> को </w><w> सीमा </w><w> पर </w><w> तैनात </w><w> करने </w><w> में </w><w> कोई </w><w> दिक्कत </w><w> नहीं </w><w> है। </w><w> उन्होंने </w><w> कहा </w><w> कि </w><w> जब </w><w> तक </w><w> भारत </w><w> सीमा </w><w> पर </w><w> तनाव </w><w> कम </w><w> करने </w><w> के </w><w> लिए </w><w> कदम </w><w> नहीं </w><w> उठाता </w><w> , </w><w> तब </w><w> तक </w><w> शांति </w><w> स्थापना </w><w> की </w><w> नई </w><w> पहल </w><w> नहीं </w><w> की </w><w> जाएगी। </w><w> जनरल </w><w> मुशर्रफ </w><w> का </w><w> यह </w><w> बयान </w><w> भारत </w><w> के </w><w> रक्षा </w><w> मंत्री </w><w> जॉर्ज </w><w> फर्नांडिस </w><w> के </w><w> उस </w><w> बयान </w><w> के </w><w> बाद </w><w> आया </w><w> है </w><w> जिसमें </w><w> उन्होंने </w><w> कहा </w><w> था </w><w> कि </w><w> सीमा </w><w> से </w><w> सेना </w><w> नहीं </w><w> हटाई </w><w> जाएगी </w><w> क्योंकि </w><w> पाकिस्तान </w><w> ने </w><w> शर्तों </w><w> को </w><w> पूरा </w><w> नहीं </w><w> किया </w><w> है। </w><w> गौरतलब </w><w> है </w><w> कि </w><w> भारत </w><w> ने </w><place-arg id="5"><link event_arg="1" id="7" type_rel="EVENT_ARG"/><w> संसद </w><w> भवन </w></place-arg><w> पर </w><time-arg id="3"><link event_arg="1" id="6" type_rel="EVENT_ARG"/><w> 13 </w><w> दिसंबर </w></time-arg><w> के </w><man_made_event id="1" type="TERRORIST_ATTACK"><w> आतंकवादी </w><w> हमले </w></man_made_event><w> के </w><w> बाद </w><w> पाकिस्तान </w><w> पर </w><w> आतंकवाद </w><w> फैलाने </w><w> का </w><w> आरोप </w><w> लगाते </w><w> हुए </w><w> सीमा </w><w> पर </w><w> सेना </w><w> की </w><w> तैनाती </w><w> कर </w><w> दी </w><w> है। </w><w> भारत </w><w> ने </w><w> पाकिस्तान </w><w> से </w><w> मांग </w><w> की </w><w> है </w><w> कि </w><w> वह </w><w> कश्मीर </w><w> में </w><w> आतंकवादी </w><w> कार्रवाइयों </w><w> का </w><w> समर्थन </w><w> करना </w><w> बंद </w><w> करें </w><w> और </w><w> 20 </w><w> आतंकवादियों </w><w> को </w><w> सौंप </w><w> दे। </w><w> पाकिस्तान </w><w> ने </w><w> कश्मीर </w><w> में </w><w> आतंकवादी </w><w> कार्रवाई </w><w> कर </w><w> रहे </w><w> संगठनों </w><w> को </w><w> राजनीतिक </w><w> , </w><w> कूटनीतिक </w><w> और </w><w> नैतिक </w><w> समर्थन </w><w> देना </w><w> स्वीकार </w><w> किया </w><w> है </w><w> लेकिन </w><w> आतंकवाद </w><w> का </w><w> समर्थन </w><w> करने </w><w> से </w><w> साफ </w><w> इनकार </w><w> किया </w><w> है। </w><w> पाकिस्तान </w><w> ने </w><time-arg id="4"><link event_arg="2" id="8" type_rel="EVENT_ARG"/><w> 13 </w><w> दिसंबर </w></time-arg><w> के </w><man_made_event id="2" type="TERRORIST_ATTACK"><w> आतंकवादी </w><w> हमले </w></man_made_event><w> के </w><w> बाद </w><w> पांच </w><w> आतंकवादी </w><w> संगठनों </w><w> को </w><w> प्रतिबंधित </w><w> किया </w><w> है </w><w> और </w><w> लगभग </w><w> दो </w><w> हजार </w><w> आतंकवादियों </w><w> को </w><w> हिरासत </w><w> में </w><w> लिया </w><w> है। </w></p></document>