<?xml version="1.0" encoding="UTF-8"?>
<document><p><w> navbharat_2002_2_2_1588244 </w></p><p><w> पाकिस्तान </w><w> कुछ </w><w> छिपाना </w><w> चाहता </w><w> है </w><w> :भारत </w></p><p><w> नई </w><w> दिल्ली </w><w> (विस): </w><w> अमेरिकी </w><w> पत्रकार </w><w> डेनियल </w><w> पर्ल </w><w> के </w><w> अपहरण </w><w> के </w><w> सिलसिले </w><w> में </w><w> पाकिस्तान </w><w> में </w><w> गिरफ्तार </w><w> आतंकवादी </w><w> उमर </w><w> शेख </w><w> द्वारा </w><place-arg id="1"><link event_arg="0" id="2" type_rel="EVENT_ARG"/><w> भारतीय </w><w> संसद </w></place-arg><w> पर </w><w> हुए </w><man_made_event id="0" type="TERRORIST_ATTACK"><w> हमले </w></man_made_event><w> में </w><w> भाग </w><w> लेने </w><w> की </w><w> बात </w><w> कबूल </w><w> किये </w><w> जाने </w><w> की </w><w> जानकारी </w><w> देने </w><w> से </w><w> पाकिस्तान </w><w> के </w><w> मना </w><w> किये </w><w> जाने </w><w> पर </w><w> यहां </w><w> भारतीय </w><w> विदेश </w><w> मंत्रालय </w><w> की </w><w> प्रवक्ता </w><w> ने </w><w> कहा </w><w> है </w><w> कि </w><w> इससे </w><w> पता </w><w> चलता </w><w> है </w><w> कि </w><w> पाकिस्तान </w><w> कुछ </w><w> छिपाना </w><w> चाहता </w><w> है। </w><w> यहां </w><w> सवालों </w><w> के </w><w> जवाब </w><w> देते </w><w> हुए </w><w> प्रवक्ता </w><w> ने </w><w> कहा </w><w> कि </w><w> पाकिस्तान </w><w> की </w><w> समस्या </w><w> यह </w><w> है </w><w> कि </w><w> वह </w><w> आतंकवाद </w><w> का </w><w> केन्द्र </w><w> बना </w><w> हुआ </w><w> है। </w><w> प्रवक्ता </w><w> ने </w><w> कहा </w><w> कि </w><w> पाकिस्तान </w><w> को </w><w> भारत </w><w> द्वारा </w><w> रखी </w><w> गयी </w><w> मांगों </w><w> पर </w><w> समुचित </w><w> जवाब </w><w> देना </w><w> होगा </w><w> और </w><w> इस </w><w> पर </w><w> सार्थक </w><w> कार्रवाई </w><w> भी </w><w> करनी </w><w> होगी। </w><w> जब </w><w> तक </w><w> पाकिस्तान </w><w> ऐसा </w><w> कदम </w><w> नहीं </w><w> उठाता </w><w> है </w><w> तब </w><w> तक </w><w> पाकिस्तान </w><w> की </w><w> मंशा </w><w> पर </w><w> भारत </w><w> को </w><w> संदेह </w><w> बना </w><w> रहेगा। </w></p></document>