<?xml version="1.0" encoding="UTF-8"?>
<document><p><w> navbharat_2002_2_8_2167447 </w></p><p><w> आतंकवाद </w><w> के </w><w> खिलाफ </w><w> लड़ाई </w><w> में </w><w> भारत </w><w> को </w><w> बेलारूस </w><w> का </w><w> समर्थन </w></p><p><w> नई </w><w> दिल्ली </w><w> (भाषा): </w><w> बेलारूस </w><w> ने </w><w> मंगलवार </w><w> को </w><w> आतंकवाद </w><w> के </w><w> खिलाफ </w><w> लड़ाई </w><w> में </w><w> भारत </w><w> का </w><w> समर्थन </w><w> करते </w><w> हुए </w><w> जोर </w><w> देकर </w><w> कहा </w><w> कि </w><w> वह </w><w> आतंकवाद </w><w> से </w><w> प्रभावित </w><w> किसी </w><w> भी </w><w> देश </w><w> का </w><w> समर्थन </w><w> करेगा। </w><w> बेलारूस </w><w> गणतंत्र </w><w> की </w><w> नेशनल </w><w> असेम्बली </w><w> में </w><w> प्रतिनिधि </w><w> सभा </w><w> के </w><w> अध्यक्ष </w><w> वादिम </w><w> ए </w><w> पोपोव </w><w> ने </w><w> लोकसभा </w><w> अध्यक्ष </w><w> जी </w><w> एम </w><w> सी </w><w> बालयोगी </w><w> को </w><w> यह </w><w> संदेश </w><w> दिया। </w><w> लोकसभा </w><w> सचिवालय </w><w> द्वारा </w><w> जारी </w><w> विज्ञप्ति </w><w> के </w><w> अनुसार </w><time-arg id="1"><link event_arg="0" id="4" type_rel="EVENT_ARG"/><w> 13 </w><w> दिसंबर </w></time-arg><w> को </w><place-arg id="2"><link event_arg="0" id="3" type_rel="EVENT_ARG"/><w> संसद </w></place-arg><w> पर </w><w> हुए </w><man_made_event id="0" type="TERRORIST_ATTACK"><w> हमले </w></man_made_event><w> की </w><w> निंदा </w><w> करने </w><w> के </w><w> लिए </w><w> बालयोगी </w><w> ने </w><w> बेलारूस </w><w> का </w><w> धन्यवाद </w><w> किया। </w><w> उन्होंने </w><w> संयुक्त </w><w> राष्ट्र </w><w> सुरक्षा </w><w> परिषद </w><w> के </w><w> विस्तार </w><w> में </w><w> भारत </w><w> को </w><w> स्थायी </w><w> सीट </w><w> दिए </w><w> जाने </w><w> के </w><w> समर्थन </w><w> के </w><w> लिए </w><w> भी </w><w> बेलारूस </w><w> की </w><w> सराहना </w><w> की। </w></p></document>