<?xml version="1.0" encoding="UTF-8"?>
<document><p><w> navbharat_2002_3_12_5381533 </w></p><p><w> और </w><w> दूर </w><w> होता </w><w> जा </w><w> रहा </w><w> है </w><w> 8.2% </w><w> की </w><w> औद्योगिक </w><w> विकास </w><w> दर </w><w> का </w><w> लक्ष्य </w></p><p><w> नई </w><w> दिल्ली </w><w> (भाषा): </w><place-arg id="1"><link event_arg="0" id="2" type_rel="EVENT_ARG"/><w> अमेरिका </w></place-arg><w> में </w><man_made_event id="0" type="TERRORIST_ATTACK"><w> आंतकवादी </w><w> हमले </w></man_made_event><w> और </w><w> गुजरात </w><w> भूकंप </w><w> जैसे </w><w> बाहरी </w><w> एवं </w><w> अंदरूनी </w><w> कारणों </w><w> को </w><w> देखते </w><w> हुए </w><w> नौंवी </w><w> पंचवर्षीय </w><w> योजना </w><w> ( </w><w> 1997-2002) </w><w> में </w><w> औद्योगिक </w><w> उत्पादन </w><w> विकास </w><w> दर </w><w> के </w><w> लिए </w><w> निर्धारित </w><w> 8.2 </w><w> प्रतिशत </w><w> का </w><w> लक्ष्य </w><w> हासिल </w><w> करने </w><w> की </w><w> संभावना </w><w> काफी </w><w> कमजोर </w><w> है। </w><w> औद्योगिक </w><w> नीति </w><w> एवं </w><w> संवर्धन </w><w> विभाग </w><w> द्वारा </w><w> वर्ष </w><w> 2001-02 </w><w> के </w><w> लिए </w><w> जारी </w><w> ताजा </w><w> सालाना </w><w> रिपोर्ट </w><w> में </w><w> कहा </w><w> गया </w><w> है </w><w> कि </w><w> 2001 </w><w> में </w><w> कई </w><w> ऐसी </w><w> घटनाएं </w><w> हुईं </w><w> , </w><w> जिनमें </w><w> 26 </w><w> जनवरी </w><w> को </w><w> गुजरात </w><w> में </w><w> आया </w><w> विनाशकारी </w><w> भूकंप </w><w> , </w><place-arg id="5"><link event_arg="3" id="8" type_rel="EVENT_ARG"/><w> अमेरिका </w></place-arg><w> में </w><man_made_event id="3" type="TERRORIST_ATTACK"><w> आतंकवादी </w><w> हमला </w></man_made_event><w> और </w><time-arg id="7"><link event_arg="4" id="9" type_rel="EVENT_ARG"/><w> 13 </w><w> दिसंबर </w></time-arg><w> को </w><place-arg id="6"><link event_arg="4" id="10" type_rel="EVENT_ARG"/><w> भारतीय </w><w> संसद </w><w> भवन </w></place-arg><w> पर </w><man_made_event id="4" type="TERRORIST_ATTACK"><w> हमला </w></man_made_event><w> जैसी </w><w> घटनाएं </w><w> शामिल </w><w> हैं। </w><w> रिपोर्ट </w><w> के </w><w> अनुसार </w><w> औद्योगिक </w><w> विकास </w><w> दर </w><w> 1996-97 </w><w> में </w><w> घटकर </w><w> 6.1 </w><w> प्रतिशत </w><w> रह </w><w> गई। </w><w> 1997-98 </w><w> में </w><w> यह </w><w> 6.7 </w><w> प्रतिशत </w><w> और </w><w> 1998-99 </w><w> में </w><w> 4.1 </w><w> प्रतिशत </w><w> हो </w><w> गई। </w><w> इसके </w><w> बाद </w><w> 1999 </w><w> -2000 </w><w> में </w><w> विकास </w><w> दर </w><w> 6.7 </w><w> प्रतिशत </w><w> रही </w><w> जबकि </w><w> वर्ष </w><w> 2000-01 </w><w> में </w><w> यह </w><w> 5.0 </w><w> प्रतिशत </w><w> रह </w><w> गई। </w><w> इन </w><w> वर्षों </w><w> की </w><w> विकास </w><w> दरें </w><w> निर्धारित </w><w> लक्ष्य </w><w> से </w><w> कम </w><w> रही। </w><w> अपैल </w><w> से </w><w> दिसंबर </w><w> 2001-.02 </w><w> के </w><w> दौरान </w><w> कुल </w><w> औद्योगिक </w><w> विकास </w><w> दर </w><w> 2.3 </w><w> प्रतिशत </w><w> रही </w><w> , </w><w> जो </w><w> पिछले </w><w> वर्ष </w><w> की </w><w> समान </w><w> अवधि </w><w> के </w><w> 5.8 </w><w> प्रतिशत </w><w> की </w><w> तुलना </w><w> में </w><w> आधे </w><w> से </w><w> भी </w><w> कम </w><w> है। </w><w> खदान </w><w> , </w><w> विनिर्माण </w><w> एवं </w><w> विद्युत </w><w> जैसे </w><w> तीन </w><w> महत्वपूर्ण </w><w> बुनियादी </w><w> क्षेत्रों </w><w> में </w><w> चालू </w><w> वित्त </w><w> वर्ष </w><w> के </w><w> प्रथम </w><w> नौ </w><w> माह </w><w> के </w><w> दौरान </w><w> सकारात्मक </w><w> विकास </w><w> दर </w><w> रही </w><w> , </w><w> लेकिन </w><w> यह </w><w> पहले </w><w> वर्ष </w><w> की </w><w> समान </w><w> अवधि </w><w> के </w><w> विकास </w><w> दर </w><w> से </w><w> कम </w><w> है। </w><w> अपैल </w><w> से </w><w> दिसंबर </w><w> 2001-02 </w><w> के </w><w> दौरान </w><w> खदान </w><w> विनिर्माण </w><w> और </w><w> विद्युत </w><w> क्षेत्र </w><w> में </w><w> क्रमश: </w><w> 1.1, </w><w> 2.4 </w><w> और </w><w> 2.7 </w><w> प्रतिशत </w><w> की </w><w> विकास </w><w> दर </w><w> दर्ज </w><w> की </w><w> गई </w><w> , </w><w> जो </w><w> गत </w><w> वर्ष </w><w> की </w><w> समान </w><w> अवधि </w><w> में </w><w> क्रमश: </w><w> 4.4, </w><w> 6.0 </w><w> और </w><w> 4.8 </w><w> प्रतिशत </w><w> थी। </w></p></document>