<?xml version="1.0" encoding="UTF-8"?>
<document><p><w> navbharat_2002_3_14_5572193 </w></p><p><w> लश्कर </w><w> का </w><w> पूर्व </w><w> नेता </w><w> सईद </w><w> तीन </w><w> माह </w><w> की </w><w> कैद </w><w> के </w><w> बाद </w><w> रिहा </w></p><p><w> इस्लामाबाद </w><w> (एपी): </w><w> पाकिस्तान </w><w> ने </w><place-arg id="2"><link event_arg="0" id="6" type_rel="EVENT_ARG"/><w> भारतीय </w><w> संसद </w></place-arg><w> पर </w><time-arg id="1"><link event_arg="0" id="5" type_rel="EVENT_ARG"/><w> 13 </w><w> दिसंबर </w></time-arg><w> के </w><man_made_event id="0" type="TERRORIST_ATTACK"><w> हमले </w></man_made_event><w> के </w><w> आरोपी </w><w> प्रतिबंधित </w><w> उग्रवादी </w><w> संगठन </w><w> लश्कर </w><w> ए </w><w> तैयबा </w><w> के </w><w> पूर्व </w><w> नेता </w><w> हाफिज </w><w> मुहम्मद </w><w> सईद </w><w> को </w><w> तीन </w><w> महीने </w><w> की </w><w> कैद </w><w> के </w><w> बाद </w><w> सोमवार </w><w> को </w><w> रिहा </w><w> कर </w><w> दिया। </w><w> नजदीकी </w><w> सूत्रों </w><w> ने </w><w> बताया </w><w> कि </w><place-arg id="4"><link event_arg="3" id="7" type_rel="EVENT_ARG"/><w> भारतीय </w><w> संसद </w></place-arg><w> पर </w><man_made_event id="3" type="TERRORIST_ATTACK"><event-coref-link event_id="0" id="8" type_rel="EVENT_COREF"></event-coref-link><w> हमले </w></man_made_event><w> के </w><w> बाद </w><w> अमेरिका </w><w> और </w><w> भारत </w><w> के </w><w> भारी </w><w> दबाव </w><w> के </w><w> मद्देनजर </w><w> सईद </w><w> को </w><w> दिसंबर </w><w> में </w><w> गिरफ्तार </w><w> किया </w><w> गया </w><w> था। </w><w> सईद </w><w> के </w><w> खिलाफ </w><w> आरोप </w><w> तय </w><w> करने </w><w> में </w><w> पाकिस्तानी </w><w> सरकार </w><w> की </w><w> नाकामी </w><w> के </w><w> बाद </w><w> एक </w><w> अदालत </w><w> ने </w><w> उसकी </w><w> रिहाई </w><w> के </w><w> आदेश </w><w> दिए। </w><w> सईद </w><w> ने </w><w> जनवरी </w><w> में </w><w> राष्ट्रपति </w><w> परवेज </w><w> मुशर्रफ </w><w> द्वारा </w><w> प्रतिबंध </w><w> लगाए </w><w> जाने </w><w> से </w><w> पहले </w><w> लश्कर </w><w> या </w><w> आमीर् </w><w> ऑफ </w><w> मदीना </w><w> छोड़ </w><w> दी </w><w> थी। </w><w> सईद </w><w> के </w><w> प्रवक्ता </w><w> याह्या </w><w> मुजाहिद </w><w> ने </w><w> कहा </w><w> कि </w><w> उनकी </w><w> रिहाई </w><w> ने </w><w> साबित </w><w> कर </w><w> दिया </w><w> है </w><w> कि </w><w> उनके </w><w> खिलाफ </w><w> कट्टरवाद </w><w> और </w><w> आतंकवाद </w><w> के </w><w> सभी </w><w> आरोप </w><w> झूठे </w><w> हैं। </w><w> उन्होंने </w><w> कहा </w><w> कि </w><w> सरकार </w><w> को </w><w> दूसरे </w><w> देशों </w><w> के </w><w> दबाव </w><w> में </w><w> इस्लाम </w><w> के </w><w> अनुयायियों </w><w> और </w><w> देशभक्त </w><w> पाकिस्तानियों </w><w> को </w><w> गिरफ्तार </w><w> नहीं </w><w> करना </w><w> चाहिए। </w></p></document>