<?xml version="1.0" encoding="UTF-8"?>
<document><p><w> navbharat_2002_4_16_8888502 </w></p><p><w> लश्कर-ए-तैयबा </w><w> को </w><w> यूरोपीय </w><w> संघ </w><w> ने </w><w> काली </w><w> सूची </w><w> में </w><w> डाला </w></p><p><w> लंदन </w><w> (वार्ता): </w><w> यूरोपीय </w><w> संघ </w><w> ने </w><w> आतंकवाद </w><w> के </w><w> खिलाफ </w><w> जारी </w><w> अभियान </w><w> के </w><w> तहत </w><time-arg id="5"><link event_arg="0" id="7" type_rel="EVENT_ARG"/><w> 13 </w><w> दिसंबर </w></time-arg><w> को </w><place-arg id="2"><link event_arg="0" id="6" type_rel="EVENT_ARG"/><w> भारतीय </w><w> संसद </w><w> परिसर </w></place-arg><w> पर </w><man_made_event id="0" type="TERRORIST_ATTACK"><w> हमले </w></man_made_event><w> के </w><w> लिए </w><w> जिम्मेदार </w><w> लश्कर-ए-तैयबा </w><w> तथा </w><w> दो </w><w> सिख </w><w> संगठनों </w><w> बब्बर </w><w> खालसा </w><w> और </w><w> इंटरनेशनल </w><w> सिख </w><w> यूथ </w><w> फेडरेशन </w><w> को </w><w> काली </w><w> सूची </w><w> में </w><w> डाल </w><w> दिया </w><w> है। </w><place-arg id="3"><link event_arg="1" id="9" type_rel="EVENT_ARG"/><w> अमेरिका </w></place-arg><w> पर </w><time-arg id="4"><link event_arg="1" id="8" type_rel="EVENT_ARG"/><w> 11 </w><w> सितंबर </w></time-arg><w> के </w><man_made_event id="1" type="TERRORIST_ATTACK"><w> हमले </w></man_made_event><w> के </w><w> बाद </w><w> आतंकवादी </w><w> संगठनों </w><w> के </w><w> धन </w><w> के </w><w> स्रोतों </w><w> तथा </w><w> उनके </w><w> नेटवर्क </w><w> के </w><w> खिलाफ </w><w> जारी </w><w> अभियान </w><w> के </w><w> तहत </w><w> यूरोपीय </w><w> संघ </w><w> ने </w><w> शुक्रवार </w><w> को </w><w> काली </w><w> सूची </w><w> में </w><w> डाले </w><w> गए </w><w> आतंकवादी </w><w> संगठनों </w><w> के </w><w> नामों </w><w> की </w><w> एक </w><w> और </w><w> सूची </w><w> जारी </w><w> की। </w><w> यूरोपीय </w><w> संघ </w><w> की </w><w> इस </w><w> नई </w><w> सूची </w><w> में </w><w> दुनिया </w><w> भर </w><w> में </w><w> आतंकवादी </w><w> गतिविधियों </w><w> को </w><w> अंजाम </w><w> देने </w><w> अथवा </w><w> उनकी </w><w> साजिश </w><w> रचने </w><w> वाले </w><w> 36 </w><w> व्यक्तियों </w><w> तथा </w><w> 23 </w><w> संगठनों </w><w> को </w><w> शामिल </w><w> किया </w><w> गया </w><w> है। </w><w> इस </w><w> नई </w><w> सूची </w><w> में </w><w> कुदिर्स्तान </w><w> वर्कर्स </w><w> पार्टी </w><w> , </w><w> मिस्र </w><w> का </w><w> सबसे </w><w> बड़ा </w><w> आतंकवादी </w><w> संगठन </w><w> अलगमा </w><w> अल </w><w> इस्लामिया </w><w> , </w><w> तुर्की </w><w> का </w><w> वामपंथी </w><w> छापामार </w><w> संगठन </w><w> डीएचकेपीसी </w><w> और </w><w> ईरान </w><w> का </w><w> मुजाहिद्दीन-ए-खलक </w><w> शामिल </w><w> है। </w><w> यूरोपीय </w><w> देशों </w><w> के </w><w> इस </w><w> 15 </w><w> सदस्यीय </w><w> संगठन </w><w> ने </w><w> 7 </w><w> व्यक्तियों </w><w> के </w><w> साथ-साथ </w><w> स्पेन </w><w> के </w><w> बास्क </w><w> अलगाववादियों </w><w> के </w><w> ईटीए </w><w> संगठन </w><w> का </w><w> साथ </w><w> देने </w><w> वाले </w><w> अस्कातसुना </w><w> संगठन </w><w> को </w><w> भी </w><w> काली </w><w> सूची </w><w> में </w><w> डाल </w><w> दिया </w><w> है। </w></p></document>