<?xml version="1.0" encoding="UTF-8"?>
<document><p><w> navbharat_2002_4_25_9782979 </w></p><p><w> भारत </w><w> के </w><w> खिलाफ </w><w> पाक </w><w> का </w><w> विरोधी </w><w> रवैया </w><w> बरकरार </w></p><p><w> विशेष </w><w> संवाददाता </w><w> नई </w><w> दिल्ली: </w><w> पाकिस्तान </w><w> को </w><w> इस्लामी </w><w> कट्टरपंथ </w><w> का </w><w> ध्रुव </w><w> बताते </w><w> हुए </w><w> भारत </w><w> ने </w><w> कहा </w><w> है </w><w> कि </w><w> पाकिस्तान </w><w> भारत </w><w> के </w><w> खिलाफ </w><w> टकराव </w><w> , </w><w> हिंसा </w><w> और </w><w> छलावा </w><w> का </w><w> रुख </w><w> त्याग </w><w> करने </w><w> को </w><w> तैयार </w><w> नहीं </w><w> है। </w><w> रक्षा </w><w> मंत्रालय </w><w> द्वारा </w><w> सोमवार </w><w> को </w><w> जारी </w><w> वार्षिक </w><w> रिपोर्ट </w><w> में </w><w> पाकिस्तान </w><w> पर </w><w> भारत </w><w> के </w><w> खिलाफ </w><w> आतंकवादी </w><w> गतिविधियों </w><w> को </w><w> समर्थन </w><w> देते </w><w> रहने </w><w> का </w><w> आरोप </w><w> लगाते </w><w> हुए </w><w> कहा </w><w> गया </w><w> है </w><w> कि </w><w> कश्मीरी </w><w> उग्रवादियों </w><w> को </w><w> हथियार </w><w> व </w><w> गोलाबारूद </w><w> की </w><w> आपूर्ति </w><w> का </w><w> पाकिस्तान </w><w> एक </w><w> प्रमुख </w><w> स्त्रोत </w><w> रहा </w><w> है। </w><w> साथ </w><w> ही </w><w> , </w><w> पाक </w><w> भारत </w><w> के </w><w> अन्य </w><w> हिस्सों </w><w> में </w><w> भी </w><w> आतंकवाद </w><w> भड़काने </w><w> की </w><w> नीति </w><w> पर </w><w> चलता </w><w> रहा </w><w> है। </w><w> रिपोर्ट </w><w> के </w><w> अनुसार </w><w> भारत </w><w> को </w><w> जम्मू-कश्मीर </w><w> में </w><w> अंदरूनी </w><w> सुरक्षा </w><w> के </w><w> लिए </w><w> सेना </w><w> तैनात </w><w> करनी </w><w> पड़ी </w><w> है। </w><w> जम्मू-कश्मीर </w><w> में </w><w> लगातार </w><w> जारी </w><w> आतंकवादी </w><w> हिंसा </w><w> इसी </w><w> सचाई </w><w> को </w><w> उजागर </w><w> करती </w><w> है </w><w> कि </w><w> पाकिस्तान </w><w> भारत </w><w> के </w><w> खिलाफ </w><w> टकराव </w><w> की </w><w> रणनीति </w><w> पर </w><w> चल </w><w> रहा </w><w> है। </w><w> हालांकि </w><w> , </w><time-arg id="2"><link event_arg="0" id="7" type_rel="EVENT_ARG"/><w> 11 </w><w> सितंबर </w></time-arg><w> को </w><place-arg id="1"><link event_arg="0" id="6" type_rel="EVENT_ARG"/><w> अमेरिका </w></place-arg><w> में </w><man_made_event id="0" type="TERRORIST_ATTACK"><w> आतंकवादी </w><w> हमलों </w></man_made_event><w> के </w><w> बाद </w><w> भारी </w><w> अंतरराष्ट्रीय </w><w> दबाव </w><w> के </w><w> कारण </w><w> पाकिस्तान </w><w> ने </w><w> आतंकवाद </w><w> के </w><w> खिलाफ </w><w> गठजोड़ </w><w> में </w><w> अपने </w><w> को </w><w> शामिल </w><w> किया </w><w> लेकिन </w><w> भारत </w><w> के </w><w> खिलाफ </w><w> आतंकवाद </w><w> भड़काने </w><w> की </w><w> इसकी </w><w> नीति </w><w> में </w><w> कोई </w><w> बदलाव </w><w> नहीं </w><w> आया </w><w> है। </w><time-arg id="4"><link event_arg="3" id="8" type_rel="EVENT_ARG"/><w> 13 </w><w> दिसम्बर </w></time-arg><w> को </w><place-arg id="5"><link event_arg="3" id="9" type_rel="EVENT_ARG"/><w> भारतीय </w><w> संसद </w></place-arg><w> पर </w><man_made_event id="3" type="TERRORIST_ATTACK"><w> हमला </w></man_made_event><w> के </w><w> बाद </w><w> भारत </w><w> ने </w><w> पाकिस्तान </w><w> को </w><w> साफ </w><w> बता </w><w> दिया </w><w> है </w><w> कि </w><w> भारत </w><w> के </w><w> धैर्य </w><w> की </w><w> सीमा </w><w> है </w><w> और </w><w> अब </w><w> भारत </w><w> अपनी </w><w> सुरक्षा </w><w> और </w><w> प्रादेशिक </w><w> अखंडता </w><w> बनाये </w><w> रखने </w><w> के </w><w> लिए </w><w> प्रतिबद्ध </w><w> है </w><w> और </w><w> जब </w><w> तक </w><w> आतंकवाद </w><w> का </w><w> सफाया </w><w> नहीं </w><w> कर </w><w> दिया </w><w> जाता </w><w> है </w><w> भारत </w><w> इसका </w><w> प्रतिरोध </w><w> जारी </w><w> रखेगा। </w><w> चीन </w><w> के </w><w> साथ </w><w> रिश्तों </w><w> की </w><w> चर्चा </w><w> करते </w><w> हुए </w><w> रिपोर्ट </w><w> में </w><w> कहा </w><w> गया </w><w> है </w><w> कि </w><w> चीन </w><w> द्वारा </w><w> खंडन </w><w> करने </w><w> के </w><w> बावजूद </w><w> वर्ष </w><w> 2001 </w><w> के </w><w> दौरान </w><w> भी </w><w> पाकिस्तान </w><w> को </w><w> मिसाइलों </w><w> और </w><w> इसके </w><w> कलपुर्जों </w><w> की </w><w> आपूर्ति </w><w> जारी </w><w> रही </w><w> और </w><w> कहा </w><w> कि </w><w> चीन </w><w> के </w><w> साथ </w><w> सीमा </w><w> विवाद </w><w> अभी </w><w> सुलझा </w><w> नहीं </w><w> है। </w><w> चीन </w><w> अब </w><w> भी </w><w> भारत </w><w> के </w><w> 38 </w><w> हजार </w><w> वर्ग </w><w> किलोमीटर </w><w> भूभाग </w><w> पर </w><w> कब्जा </w><w> बनाए </w><w> हुए </w><w> है। </w><w> अन्य </w><w> पड़ोसी </w><w> देशों </w><w> नेपाल </w><w> , </w><w> भूटान </w><w> , </w><w> बांग्लादेश </w><w> , </w><w> म्यांमार </w><w> और </w><w> श्रीलंका </w><w> के </w><w> साथ </w><w> रिश्तों </w><w> की </w><w> चर्चा </w><w> करते </w><w> हुए </w><w> रिपोर्ट </w><w> में </w><w> कहा </w><w> गया </w><w> है </w><w> कि </w><w> इन </w><w> देशों </w><w> के </w><w> साथ </w><w> रिश्तों </w><w> में </w><w> गुणात्मक </w><w> सुधार </w><w> आया </w><w> है </w><w> हालांकि </w><w> अक्सर </w><w> छिटपुट </w><w> वारदातें </w><w> होती </w><w> रहती </w><w> हैं </w><w> , </w><w> जिनसे </w><w> समझदारी </w><w> से </w><w> निबटा </w><w> गया </w><w> है। </w><w> अफगानिस्तान </w><w> के </w><w> बारे </w><w> में </w><w> रिपोर्ट </w><w> में </w><w> कहा </w><w> गया </w><w> है </w><w> कि </w><w> वहां </w><w> पुनर्निर्माण </w><w> और </w><w> पुनर्वास </w><w> के </w><w> काम </w><w> में </w><w> भारत </w><w> ने </w><w> मदद </w><w> देने </w><w> का </w><w> वचन </w><w> दोहराया </w><w> है। </w><w> रिपोर्ट </w><w> के </w><w> अनुसार </w><w> मध्य </w><w> एशिया </w><w> भारत </w><w> के </w><w> लिए </w><w> राजनीतिक </w><w> व </w><w> सामरिक </w><w> महत्व </w><w> का </w><w> है </w><w> और </w><w> इस </w><w> इलाके </w><w> में </w><w> भारत </w><w> की </w><w> स्थायी </w><w> रुचि </w><w> है। </w><w> जापान </w><w> के </w><w> साथ </w><w> रिश्तों </w><w> के </w><w> संदर्भ </w><w> में </w><w> कहा </w><w> गया </w><w> है </w><w> कि </w><w> दोनों </w><w> देशों </w><w> के </w><w> बीच </w><w> सैन्य </w><w> स्तर </w><w> पर </w><w> हर </w><w> वर्ष </w><w> बातचीत </w><w> करने </w><w> की </w><w> सहमति </w><w> बनी </w><w> है। </w><w> दोनों </w><w> देशों </w><w> के </w><w> बीच </w><w> रक्षा </w><w> संबंधी </w><w> आदान-प्रदान </w><w> , </w><w> क्षेत्र </w><w> में </w><w> शांति </w><w> व </w><w> स्थिरता </w><w> बनाए </w><w> रखने </w><w> में </w><w> एक </w><w> सकारात्मक </w><w> पहलू </w><w> हैं। </w><w> भारत </w><w> अमेरिका </w><w> रिश्तों </w><w> के </w><w> संदर्भ </w><w> में </w><w> रिपोर्ट </w><w> में </w><w> दोनों </w><w> देशों </w><w> के </w><w> बीच </w><w> व्यापक </w><w> रक्षा </w><w> सहयोग </w><w> की </w><w> चर्चा </w><w> की </w><w> गई </w><w> है </w><w> और </w><w> कहा </w><w> गया </w><w> है </w><w> कि </w><w> तीन </w><w> सालों </w><w> तक </w><w> यह </w><w> आदान </w><w> प्रदान </w><w> रुका </w><w> रहा। </w><w> लेकिन </w><w> अब </w><w> दोनों </w><w> देशों </w><w> के </w><w> बीच </w><w> रक्षा </w><w> सहयोग </w><w> के </w><w> लिये </w><w> संस्थागत </w><w> वार्ता </w><w> शुरू </w><w> हो </w><w> गई </w><w> है। </w><w> देश </w><w> की </w><w> परमाणु </w><w> नीति </w><w> के </w><w> बारे </w><w> में </w><w> कहा </w><w> गया </w><w> है </w><w> कि </w><w> भारत </w><w> सम्पूर्ण </w><w> निरस्त्रीकरण </w><w> की </w><w> जोरदार </w><w> वकालत </w><w> करता </w><w> है। </w></p></document>