<?xml version="1.0" encoding="UTF-8"?>
<document><p><w> navbharat_2002_4_26_9886862 </w></p><p><w> संसद </w><w> पर </w><w> हमले </w><w> की </w><w> व्यूह </w><w> रचना </w><w> पाकिस्तान </w><w> में </w><w> रची </w><w> गई </w><w> थी </w></p><p><w> नगर </w><w> संवाददाता </w><w> नई </w><w> दिल्ली: </w><w> पाकिस्तान </w><w> की </w><w> खुफिया </w><w> एजेंसी </w><w> आई.एस.आई. </w><w> के </w><w> इशारे </w><w> पर </w><w> आतंकवादी </w><w> संगठन </w><w> जैश-ए-मोहम्मद </w><w> तथा </w><w> लश्करे </w><w> तैयबा </w><w> ने </w><w> संयुक्त </w><w> रूप </w><w> से </w><place-arg id="3"><link event_arg="0" id="6" type_rel="EVENT_ARG"/><w> भारत </w><w> की </w><w> संसद </w></place-arg><w> पर </w><time-arg id="4"><link event_arg="0" id="7" type_rel="EVENT_ARG"/><w> 13 </w><w> दिसम्बर </w></time-arg><w> को </w><man_made_event id="0" type="TERRORIST_ATTACK"><w> हमला </w></man_made_event><w> किया </w><w> था। </w><place-arg id="5"><link event_arg="1" id="8" type_rel="EVENT_ARG"/><w> संसद </w></place-arg><w> पर </w><man_made_event id="1" type="TERRORIST_ATTACK"><event-coref-link event_id="0" id="9" type_rel="EVENT_COREF"></event-coref-link><w> हमला </w></man_made_event><w> भारत </w><w> की </w><w> प्रभुसत्ता </w><w> के </w><w> साथ-साथ </w><w> उसकी </w><w> एकता </w><w> और </w><w> अखंडता </w><w> पर </w><man_made_event id="2" type="TERRORIST_ATTACK"><event-coref-link event_id="0" id="10" type_rel="EVENT_COREF"></event-coref-link><w> हमला </w></man_made_event><w> था </w><w> ताकि </w><w> लोगों </w><w> के </w><w> मन </w><w> में </w><w> दहशत </w><w> व्याप्त </w><w> हो </w><w> जाए। </w><w> दिल्ली </w><w> पुलिस </w><w> के </w><w> विशेष </w><w> प्रकोष्ठ </w><w> ने </w><w> संसद </w><w> पर </w><w> हमले </w><w> के </w><w> पांच </w><w> महीने </w><w> बाद </w><w> अदालत </w><w> में </w><w> दायर </w><w> आरोपपत्र </w><w> में </w><w> पाकिस्तान </w><w> की </w><w> भूमिका </w><w> का </w><w> जिक्र </w><w> किया </w><w> है। </w><w> न्यायिक </w><w> हिरासत </w><w> में </w><w> चल </w><w> रहे </w><w> चार </w><w> अभियुक्तो </w><w> के </w><w> अलावा </w><w> जैश </w><w> के </w><w> प्रमुख </w><w> मौलाना </w><w> मसूद </w><w> अजहर </w><w> , </w><w> कमांडर </w><w> गाजी </w><w> बाबा </w><w> तथा </w><w> उनके </w><w> एक </w><w> साथी </w><w> तारिक </w><w> अहमद </w><w> को </w><w> भी </w><w> अभियुक्तों </w><w> की </w><w> सूची </w><w> में </w><w> रखा </w><w> गया </w><w> है। </w><w> यह </w><w> सभी </w><w> पाकिस्तान </w><w> के </w><w> नागरिक </w><w> हैं। </w><w> पोटा </w><w> अदालत </w><w> के </w><w> विशेष </w><w> न्यायाधीश </w><w> शिवनारायण </w><w> धींगरा </w><w> ने </w><w> आरोप </w><w> पत्र </w><w> पर </w><w> सुनवाई </w><w> की </w><w> अगली </w><w> तारीख </w><w> 22 </w><w> मई </w><w> निर्धारित </w><w> की </w><w> है। </w><w> 22 </w><w> पृष्ठ </w><w> के </w><w> आरोप </w><w> पत्र </w><w> के </w><w> साथ </w><w> 74 </w><w> दस्तावेज </w><w> तथा </w><w> 185 </w><w> गवाहों </w><w> की </w><w> सूची </w><w> अदालत </w><w> में </w><w> दाखिल </w><w> की </w><w> गई </w><w> है। </w><w> मौलाना </w><w> मसूद </w><w> अजहर </w><w> , </w><w> गाजी </w><w> बाबा </w><w> तथा </w><w> तारिक </w><w> अहमद </w><w> को </w><w> कॉलम </w><w> नंबर </w><w> दो </w><w> में </w><w> रखा </w><w> गया </w><w> है। </w><w> दिल्ली </w><w> पुलिस </w><w> संभवत: </w><w> इन </w><w> लोगों </w><w> के </w><w> प्रत्यर्पण </w><w> का </w><w> प्रयास </w><w> करेगी। </w><w> पुलिस </w><w> ने </w><w> गिरफ्तार </w><w> अभियुक्तों- </w><w> मोहम्मद </w><w> अफजल </w><w> , </w><w> शौकत </w><w> हुसैन </w><w> गुरू </w><w> , </w><w> सैयद </w><w> अब्दुल </w><w> रहमान </w><w> जीलानी </w><w> तथा </w><w> नवजोत </w><w> संधू </w><w> उर्फ </w><w> अफशां </w><w> गुरू </w><w> से </w><w> की </w><w> गई </w><w> पूछताछ </w><w> तथा </w><w> अन्य </w><w> लोगों </w><w> के </w><w> बयान </w><w> का </w><w> हवाला </w><w> देते </w><w> हुए </w><w> कहा </w><w> है </w><w> कि </w><w> मोहम्मद </w><w> अफजल </w><w> 1990 </w><w> में </w><w> जम्मू-कश्मीर </w><w> लिब्रेशन </w><w> फ्रंट </w><w> में </w><w> शामिल </w><w> हुआ। </w><w> उसने </w><w> पाकिस्तान </w><w> अधिकृत </w><w> कश्मीर </w><w> में </w><w> ढाई </w><w> महीने </w><w> तक </w><w> प्रशिक्षण </w><w> प्राप्त </w><w> किया। </w><w> कश्मीर </w><w> में </w><w> सुरक्षा </w><w> एजेंसियों </w><w> के </w><w> दबाव </w><w> के </w><w> कारण </w><w> वह </w><w> दिल्ली </w><w> चला </w><w> आया। </w><w> वह </w><w> अपने </w><w> चचेरे </w><w> भाई </w><w> शौकत </w><w> हुसैन </w><w> के </w><w> साथ </w><w> मुखर्जी </w><w> नगर </w><w> में </w><w> रहकर </w><w> पढ़ने </w><w> लगा। </w><w> 1993-94 </w><w> में </w><w> उसने </w><w> सीमा </w><w> सुरक्षा </w><w> बल </w><w> के </w><w> समक्ष </w><w> आत्म-समर्पण </w><w> कर </w><w> दिया। </w><w> उसने </w><w> पाकिस्तान </w><w> से </w><w> लाए </w><w> हथियार </w><w> भी </w><w> सुरक्षा </w><w> एजेंसी </w><w> को </w><w> सौंप </w><w> दिए। </w><w> फरवरी </w><w> 2001 </w><w> में </w><w> जैश </w><w> के </w><w> कार्यकर्ता </w><w> और </w><w> पाकिस्तानी </w><w> नागरिक </w><w> तारिक </w><w> अहमद </w><w> ने </w><w> उससे </w><w> श्रीनगर </w><w> में </w><w> सम्पर्क </w><w> किया </w><w> और </w><w> उसे </w><w> आतंकवादी </w><w> संगठन </w><w> में </w><w> सक्रिय </w><w> कर </w><w> दिया। </w><w> तारिक </w><w> ने </w><w> मोहम्मद </w><w> अफजल </w><w> को </w><w> जैश </w><w> के </w><w> कमांडर </w><w> गाजी </w><w> बाबा </w><w> से </w><w> मिलवाया। </w><w> गाजी </w><w> बाबा </w><w> ने </w><w> ही </w><w> अफजल </w><w> से </w><w> कहा </w><w> कि </w><w> दिल्ली </w><w> में </w><w> फिदाइन </w><w> हमला </w><w> किया </w><w> जाएगा। </w><w> गाजी </w><w> बाबा </w><w> ने </w><w> अफजल </w><w> को </w><w> दिल्ली </w><w> में </w><w> बेस </w><w> बनाने </w><w> के </w><w> लिए </w><w> कहा। </w><w> अफजल </w><w> ने </w><w> दिल्ली </w><w> में </w><w> शौकत </w><w> हुसैन </w><w> और </w><w> अब्दुल </w><w> रहमान </w><w> जीलानी </w><w> को </w><w> इस </w><w> गतिविधि </w><w> में </w><w> शामिल </w><w> किया। </w><w> अक्टूबर </w><w> 2001 </w><w> में </w><w> गाजी </w><w> बाबा </w><w> ने </w><w> एक </w><w> अन्य </w><w> आतंकवादी </w><w> मोहम्मद </w><w> से </w><w> अफजल </w><w> का </w><w> परिचय </w><w> कराया। </w><w> मोहम्मद </w><w> को </w><w> ही </w><w> दिल्ली </w><w> में </w><w> फिदाइन </w><w> हमले </w><w> की </w><w> जिम्मेदारी </w><w> सौंपी </w><w> गई। </w><w> अफजल </w><w> मोहम्मद </w><w> को </w><w> 50 </w><w> हजार </w><w> रुपए </w><w> तथा </w><w> लैपटॉप </w><w> के </w><w> साथ </w><w> दिल्ली </w><w> लाया। </w><w> शौकत </w><w> हुसैन </w><w> ने </w><w> उनके </w><w> लिए </w><w> दिल्ली </w><w> के </w><w> मुखर्जी </w><w> नगर </w><w> में </w><w> रहने </w><w> का </w><w> ठिकाना </w><w> बनाया। </w><w> हमले </w><w> की </w><w> योजना </w><w> के </w><w> सिलसिले </w><w> में </w><w> वह </w><w> कई </w><w> बार </w><w> श्रीनगर </w><w> गया। </w><w> वहां </w><w> से </w><w> पाकिस्तानी </w><w> नागरिक </w><w> राजा </w><w> और </w><w> हैदर </w><w> को </w><w> नवम्बर </w><w> 2001 </w><w> में </w><w> दिल्ली </w><w> लाया </w><w> गया। </w><w> आतंकवादियो </w><w> के </w><w> लिए </w><w> गांधी </w><w> विहार </w><w> में </w><w> छिपने </w><w> का </w><w> ठिकाना </w><w> बनाया </w><w> गया। </w><w> अफजल </w><w> एक </w><w> बार </w><w> फिर </w><w> श्रीनगर </w><w> गया </w><w> और </w><w> राना </w><w> और </w><w> हमजा </w><w> को </w><w> दिसम्बर </w><w> 2001 </w><w> में </w><w> दिल्ली </w><w> ले </w><w> आया। </w><w> संसद </w><w> पर </w><w> हमले </w><w> के </w><w> लिए </w><w> हथियार </w><w> और </w><w> असलहा </w><w> बिस्तरबंद </w><w> में </w><w> लाया </w><w> गया। </w><w> चार </w><w> ए. </w><w> के. </w><w> राइफल्स </w><w> , </w><w> तीन </w><w> पिस्तौल </w><w> , </w><w> 12 </w><w> मैगजीन </w><w> , </w><w> एक </w><w> ग्रेनेड </w><w> लांचर </w><w> , </w><w> 15 </w><w> ग्रेनेड </w><w> , </w><w> डिटोनेटर </w><w> के </w><w> दो </w><w> पैकेट </w><w> तथा </w><w> दो </w><w> वॉयरलेस </w><w> सेट </w><w> बिस्तरबंद </w><w> में </w><w> कश्मीर </w><w> से </w><w> राजधानी </w><w> लाए </w><w> गए। </w><w> संसद </w><w> का </w><w> अच्छी </w><w> तरह </w><w> मुआयना </w><w> करने </w><w> के </w><w> लिए </w><w> एक </w><w> यामहा </w><w> मोटरसाइकिल </w><w> 20 </w><w> हजार </w><w> रुपए </w><w> में </w><w> करोल </w><w> बाग </w><w> से </w><w> खरीदी </w><w> गई। </w><w> हमले </w><w> से </w><w> दो </w><w> दिन </w><w> पहले </w><w> ही </w><w> सफेद </w><w> एम्बेसडर </w><w> कार </w><w> करोलबाग </w><w> से </w><w> खरीदी </w><w> गई। </w></p></document>