<?xml version="1.0" encoding="UTF-8"?>
<document><p><w> navbharat_2002_4_27_9979360 </w></p><p><w> पाक </w><w> अधिकृत </w><w> कश्मीर </w><w> पर </w><w> हमला </w><w> हो </w><w> : </w><w> सिंघल </w></p><p><w> नई </w><w> दिल्ली </w><w> (प्रस): </w><w> विश्व </w><w> हिंदू </w><w> परिषद </w><w> के </w><w> कार्यकारी </w><w> अध्यक्ष </w><w> अशोक </w><w> सिंघल </w><w> ने </w><time-arg id="2"><link event_arg="0" id="9" type_rel="EVENT_ARG"/><w> 14 </w><w> मई </w></time-arg><w> को </w><place-arg id="1"><link event_arg="0" id="10" type_rel="EVENT_ARG"/><w> जम्मू </w></place-arg><w> में </w><w> हुए </w><man_made_event id="0" type="TERRORIST_ATTACK"><w> आतंकवादी </w><w> हमले </w></man_made_event><w> पर </w><w> गहरा </w><w> क्षोभ </w><w> व्यक्त </w><w> करते </w><w> हुए </w><w> सरकार </w><w> से </w><w> मांग </w><w> की </w><w> है </w><w> कि </w><w> भारतीय </w><w> सेना </w><w> को </w><w> पाक </w><w> अधिकृत </w><w> कश्मीर </w><w> में </w><w> स्थित </w><w> आतंकवादी </w><w> अड्डों </w><w> को </w><w> तहस-नहस </w><w> करने </w><w> के </w><w> लिए </w><w> तत्काल </w><w> निर्देश </w><w> देने </w><w> चाहिए। </w><w> सिंघल </w><w> ने </w><w> बुधवार </w><w> को </w><w> यहां </w><w> जारी </w><w> एक </w><w> बयान </w><w> में </w><w> कहा </w><w> कि </w><place-arg id="8"><link event_arg="7" id="11" type_rel="EVENT_ARG"/><w> जम्मू </w></place-arg><w> में </w><w> हुआ </w><man_made_event id="7" type="TERRORIST_ATTACK"><event-coref-link event_id="0" id="14" type_rel="EVENT_COREF"></event-coref-link><w> हमला </w></man_made_event><place-arg id="4"><link event_arg="16" id="18" type_rel="EVENT_ARG"/><w> भारतीय </w><w> संसद </w></place-arg><w> पर </w><time-arg id="5"><link event_arg="16" id="17" type_rel="EVENT_ARG"/><w> 13 </w><w> दिसंबर </w></time-arg><w> को </w><w> हुए </w><man_made_event id="16" type="TERRORIST_ATTACK"><w> जेहादी </w><w> हमले </w></man_made_event><w> के </w><w> बाद </w><w> सबसे </w><w> भयानक </w><man_made_event id="6" type="TERRORIST_ATTACK"><event-coref-link event_id="16" id="19" type_rel="EVENT_COREF"></event-coref-link><w> हमला </w></man_made_event><w> है। </w><w> इस </w><w> तरह </w><w> की </w><w> जेहादी </w><w> कार्रवाई </w><w> के </w><w> बावजूद </w><w> सीमा </w><w> पर </w><w> खड़ी </w><w> सेना </w><w> को </w><w> यदि </w><w> मूकदर्शक </w><w> बने </w><w> रहने </w><w> के </w><w> लिए </w><w> बाध्य </w><w> किया </w><w> जाता </w><w> है </w><w> तो </w><w> यह </w><w> जघन्य </w><w> अपराध </w><w> होगा। </w></p></document>