<?xml version="1.0" encoding="UTF-8"?>
<document><p><w> navbharat_2002_4_28_10084162 </w></p><p><w> पाक </w><w> के </w><w> खिलाफ </w><w> फिर </w><w> राजनयिक </w><w> अभियान </w><w> छेड़ेगा </w><w> भारत </w></p><p><w> विशेष </w><w> संवाददाता </w><w> नई </w><w> दिल्ली: </w><place-arg id="1"><link event_arg="0" id="6" type_rel="EVENT_ARG"/><w> जम्मू-कश्मीर </w></place-arg><w> में </w><w> पाकिस्तान </w><w> द्वारा </w><w> प्रायोजित </w><man_made_event id="0" type="TERRORIST_ATTACK"><w> आतंकवादी </w><w> हिंसा </w></man_made_event><w> के </w><w> जारी </w><w> रहने </w><w> के </w><w> मद्देनजर </w><w> सरकार </w><w> ने </w><w> पाकिस्तान </w><w> की </w><w> आतंकवाद </w><w> समर्थक </w><w> नीतियों </w><w> के </w><w> खिलाफ </w><w> फिर </w><w> व्यापक </w><w> राजनयिक </w><w> अभियान </w><w> छेड़ने </w><w> का </w><w> निर्णय </w><w> किया </w><w> है। </w><w> यहां </w><w> आधिकारिक </w><w> सूत्रों </w><w> ने </w><w> यह </w><w> जानकारी </w><w> देते </w><w> हुए </w><w> बताया </w><w> कि </w><w> नए </w><w> सिरे </w><w> से </w><w> इस </w><w> कूटनीतिक </w><w> अभियान </w><w> के </w><w> संचालन </w><w> के </w><w> लिए </w><w> विदेश </w><w> मंत्री </w><w> ने </w><w> 27 </w><w> मई </w><w> से </w><w> 12 </w><w> दिनों </w><w> के </w><w> लिए </w><w> अफ्रीका </w><w> के </w><w> तीन </w><w> देशों </w><w> की </w><w> प्रस्तावित </w><w> यात्रा </w><w> स्थगित </w><w> कर </w><w> दी </w><w> है। </w><w> सूत्रों </w><w> ने </w><w> बताया </w><w> कि </w><w> पाकिस्तान </w><w> की </w><w> आतंकवाद </w><w> समर्थक </w><w> नीतियों </w><w> से </w><w> अंतरराष्ट्रीय </w><w> समुदाय </w><w> को </w><w> अवगत </w><w> कराने </w><w> के </w><w> लिए </w><w> तथा </w><w> पाकिस्तान </w><w> के </w><w> कुप्रचार </w><w> का </w><w> भी </w><w> जवाब </w><w> देने </w><w> के </w><w> लिए </w><w> यहां </w><w> विदेश </w><w> मंत्रालय </w><w> समुचित </w><w> उपाय </w><w> करेगा। </w><w> सूत्रों </w><w> ने </w><w> बताया </w><w> कि </w><w> इस </w><w> अभियान </w><w> के </w><w> लिए </w><w> राजधानी </w><w> में </w><w> ही </w><w> रहने </w><w> के </w><w> उद्देश्य </w><w> से </w><w> विदेश </w><w> मंत्री </w><w> ने </w><w> केन्या </w><w> , </w><w> तंजानिया </w><w> और </w><w> मॉरीशस </w><w> का </w><w> दौरा </w><w> रद्द </w><w> कर </w><w> दिया </w><w> है। </w><w> सूत्रों </w><w> के </w><w> अनुसार </w><w> , </w><w> भारत </w><w> अब </w><w> पाकिस्तान </w><w> के </w><w> खिलाफ </w><w> और </w><w> भी </w><w> कड़े </w><w> राजनयिक </w><w> कदम </w><w> उठा </w><w> सकता </w><w> है। </w><w> उल्लेखनीय </w><w> है </w><w> कि </w><w> गत </w><time-arg id="4"><link event_arg="2" id="7" type_rel="EVENT_ARG"/><w> 13 </w><w> दिसंबर </w></time-arg><w> को </w><w> यहां </w><place-arg id="3"><link event_arg="2" id="8" type_rel="EVENT_ARG"/><w> संसद </w></place-arg><w> पर </w><man_made_event id="2" type="TERRORIST_ATTACK"><w> हमले </w></man_made_event><w> के </w><w> बाद </w><w> भारत </w><w> ने </w><w> इस्लामाबाद </w><w> से </w><w> अपने </w><w> उच्चायुक्त </w><w> को </w><w> वापस </w><w> बुला </w><w> लिया </w><w> था </w><w> और </w><w> नई </w><w> दिल्ली </w><w> में </w><w> पाकिस्तान </w><w> उच्चायोग </w><w> के </w><w> स्टाफ </w><w> की </w><w> संख्या </w><w> में </w><w> आधा </w><w> करने </w><w> का </w><w> निर्णय </w><w> किया </w><w> था। </w><w> इसके </w><w> साथ </w><w> ही </w><w> विदेशों </w><w> में </w><w> भारतीय </w><w> दूतावासों </w><w> से </w><w> कहा </w><w> गया </w><w> है </w><w> कि </w><w> पाकिस्तान </w><w> के </w><w> कुत्सित </w><w> इरादे </w><w> से </w><w> मेजबान </w><w> देशों </w><w> को </w><w> अवगत </w><w> कराए। </w><w> सूत्रों </w><w> ने </w><w> कहा </w><w> कि </w><w> पाकिस्तान </w><w> द्वारा </w><w> करवाए </w><w> जा </w><w> रहे </w><man_made_event id="5" type="TERRORIST_ATTACK"><w> आतंकवादी </w><w> हमलों </w></man_made_event><w> का </w><w> समुचित </w><w> जवाब </w><w> देने </w><w> की </w><w> भी </w><w> तैयारी </w><w> की </w><w> जा </w><w> रही </w><w> है। </w></p></document>