<?xml version="1.0" encoding="UTF-8"?>
<document><p><w> navbharat_2002_4_29_10175986 </w></p><p><w> चिंता </w><w> और </w><w> संकल्प </w><w> में </w><w> एकजुट </w></p><p><w> जम्मू </w><w> में </w><place-arg id="2"><link event_arg="0" id="4" type_rel="EVENT_ARG"/><w> सैनिक </w><w> शिविर </w></place-arg><w> पर </w><w> हुए </w><w> जघन्य </w><man_made_event id="0" type="TERRORIST_ATTACK"><w> आतंकवादी </w><w> हमले </w></man_made_event><w> को </w><w> भारत </w><w> जिस </w><w> गंभीरता </w><w> से </w><w> ले </w><w> रहा </w><w> है </w><w> , </w><w> वह </w><w> स्वाभाविक </w><w> ही </w><w> है। </w><w> इस </w><w> हमले </w><w> की </w><w> तुलना </w><w> जम्मू-कश्मीर </w><w> विधानसभा </w><w> और </w><place-arg id="3"><link event_arg="1" id="5" type_rel="EVENT_ARG"/><w> भारतीय </w><w> संसद </w></place-arg><w> पर </w><w> हुए </w><man_made_event id="1" type="TERRORIST_ATTACK"><w> हमलों </w></man_made_event><w> से </w><w> ही </w><w> की </w><w> जा </w><w> सकती </w><w> है। </w><w> ये </w><w> सभी </w><w> घटनाएं </w><w> ऐसे </w><w> दौर </w><w> में </w><w> हुई </w><w> हैं </w><w> , </w><w> जब </w><w> पूरी </w><w> दुनिया </w><w> में </w><w> आतंकवाद </w><w> के </w><w> सफाए </w><w> का </w><w> शोर </w><w> मचा </w><w> हुआ </w><w> है। </w><w> जाहिर </w><w> है </w><w> ऐसे </w><w> दौर </w><w> में </w><w> कोई </w><w> आतंकवादी </w><w> कार्रवाई </w><w> सिर्फ </w><w> भारत </w><w> के </w><w> लिए </w><w> नहीं </w><w> , </w><w> बल्कि </w><w> पूरी </w><w> दुनिया </w><w> के </w><w> लिए </w><w> एक </w><w> संदेश </w><w> है। </w><w> संदेश </w><w> यह </w><w> कि </w><w> आतंकवाद </w><w> के </w><w> हौसले </w><w> कमजोर </w><w> नहीं </w><w> हुए </w><w> हैं </w><w> और </w><w> वह </w><w> सभ्य </w><w> समाज </w><w> से </w><w> टकराने </w><w> का </w><w> माद्दा </w><w> रखता </w><w> है। </w><w> बदकिस्मती </w><w> से </w><w> इस </w><w> नवीनतम </w><w> हमले </w><w> को </w><w> वैश्विक </w><w> चुनौती </w><w> की </w><w> तरह </w><w> लेने </w><w> से </w><w> पश्चिमी </w><w> देश </w><w> कतरा </w><w> रहे </w><w> हैं। </w><w> जाहिर </w><w> है </w><w> इस </w><w> नजरिए </w><w> से </w><w> उपजी </w><w> निराशा </w><w> और </w><w> नाराजगी </w><w> संसद </w><w> में </w><w> चली </w><w> बहस </w><w> में </w><w> भी </w><w> झलकी </w><w> है </w><w> और </w><w> यह </w><w> राय </w><w> बनी </w><w> है </w><w> कि </w><w> भारत </w><w> को </w><w> बाहरी </w><w> मदद </w><w> के </w><w> भरोसे </w><w> न </w><w> बैठ </w><w> कर </w><w> अपनी </w><w> समस्या </w><w> से </w><w> खुद </w><w> निपटना </w><w> होगा। </w><w> चर्चा </w><w> के </w><w> दौरान </w><w> सांसदों </w><w> ने </w><w> जो </w><w> सलाहें </w><w> दी </w><w> , </w><w> वे </w><w> पाकिस्तान </w><w> के </w><w> खिलाफ </w><w> कार्रवाई </w><w> से </w><w> लेकर </w><w> कूटनीतिक </w><w> प्रयासों </w><w> को </w><w> तेज </w><w> करने </w><w> तक </w><w> लगभग </w><w> सभी </w><w> विकल्पों </w><w> को </w><w> समेटती </w><w> हैं। </w><w> फिर </w><w> भी </w><w> यह </w><w> तो </w><w> साफ </w><w> है </w><w> ही </w><w> कि </w><w> सरकार </w><w> एक </w><w> विवेक </w><w> सम्मत </w><w> रास्ता </w><w> ही </w><w> अपना </w><w> सकती </w><w> है। </w><w> वह </w><w> रास्ता </w><w> कूटनीतिक </w><w> प्रयासों </w><w> को </w><w> तेज </w><w> करने </w><w> , </w><w> इसके </w><w> जरिए </w><w> पाकिस्तान </w><w> पर </w><w> दबाव </w><w> बढ़ाने </w><w> और </w><w> आंतरिक </w><w> सुरक्षा </w><w> को </w><w> मजबूत </w><w> करने </w><w> का </w><w> है। </w><w> हालांकि </w><w> यह </w><w> बात </w><w> कई </w><w> वक्ताओं </w><w> ने </w><w> रेखांकित </w><w> की </w><w> कि </w><w> अब </w><w> तक </w><w> ऐसे </w><w> प्रयास </w><w> उम्मीद </w><w> पर </w><w> खरे </w><w> नहीं </w><w> उतरे </w><w> हैं </w><w> , </w><w> लेकिन </w><w> तो </w><w> भी </w><w> इनमें </w><w> नई </w><w> धार </w><w> लाना </w><w> आज </w><w> की </w><w> सबसे </w><w> बड़ी </w><w> जरूरत </w><w> है। </w><w> संसद </w><w> में </w><w> और </w><w> बाहर </w><w> भी </w><w> यह </w><w> बात </w><w> बार-बार </w><w> कही </w><w> जा </w><w> रही </w><w> है </w><w> कि </w><w> आतंकवाद </w><w> के </w><w> खतरे </w><w> से </w><w> निपटने </w><w> के </w><w> लिए </w><w> कोई </w><w> ठोस </w><w> और </w><w> कारगर </w><w> रणनीति </w><w> बनानी </w><w> होगी। </w><w> दिक्कत </w><w> यह </w><w> है </w><w> कि </w><w> इस </w><w> रणनीति </w><w> को </w><w> लेकर </w><w> नजरिया </w><w> अलग-अलग </w><w> है। </w><w> लगभग </w><w> पूरा </w><w> कश्मीर </w><w> अशांत </w><w> क्षेत्र </w><w> घोषित </w><w> है </w><w> , </w><w> सीमा </w><w> पर </w><w> सेना </w><w> का </w><w> भारी </w><w> जमावड़ा </w><w> है </w><w> , </w><w> लेकिन </w><w> फिर </w><w> भी </w><w> न </w><w> तो </w><w> पाकिस्तान </w><w> का </w><w> रुख </w><w> बदला </w><w> है </w><w> और </w><w> न </w><w> आतंकवाद </w><w> थमता </w><w> नजर </w><w> आया </w><w> है। </w><w> जाहिर </w><w> है </w><w> यह </w><w> स्थिति </w><w> ठोस </w><w> रणनीति </w><w> के </w><w> नाम </w><w> पर </w><w> सैनिक </w><w> कार्रवाई </w><w> को </w><w> जायज </w><w> ठहरा </w><w> सकती </w><w> है </w><w> , </w><w> लेकिन </w><w> इस </w><w> विकल्प </w><w> की </w><w> जटिलता </w><w> भी </w><w> स्पष्ट </w><w> है। </w><w> मसलन </w><w> एक </w><w> बार </w><w> शुरू </w><w> हो </w><w> जाने </w><w> के </w><w> बाद </w><w> कोई </w><w> भी </w><w> सैनिक </w><w> कार्रवाई </w><w> अनचाही </w><w> दिशा </w><w> पकड़ </w><w> सकती </w><w> है </w><w> और </w><w> उसे </w><w> एक </w><w> दायरे </w><w> में </w><w> सीमित </w><w> रखना </w><w> किसी </w><w> के </w><w> वश </w><w> में </w><w> नहीं </w><w> होता। </w><w> दोनों </w><w> ही </w><w> देश </w><w> परमाणु </w><w> हथियारों </w><w> से </w><w> लैस </w><w> हैं </w><w> और </w><w> अमेरिका </w><w> में </w><w> हुआ </w><w> यह </w><w> रहस्योद्घाटन </w><w> इस </w><w> खतरे </w><w> को </w><w> पैना </w><w> ही </w><w> बनाता </w><w> है </w><w> कि </w><w> करगिल </w><w> युद्ध </w><w> के </w><w> समय </w><w> भी </w><w> पाकिस्तानी </w><w> सेना </w><w> परमाणु </w><w> मिसाइलें </w><w> तैनात </w><w> करने </w><w> लगी </w><w> थी। </w><w> हालांकि </w><w> थल </w><w> सेनाध्यक्ष </w><w> जनरल </w><w> एस.पद्मनाभन </w><w> ने </w><w> कहा </w><w> है </w><w> कि </w><w> कार्रवाई </w><w> का </w><w> समय </w><w> आ </w><w> गया </w><w> है </w><w> , </w><w> लेकिन </w><w> कई </w><w> दूसरे </w><w> रक्षा </w><w> विशेषज्ञ </w><w> इस </w><w> राय </w><w> से </w><w> इत्तफाक </w><w> नहीं </w><w> रखते। </w><w> फिर </w><w> मामला </w><w> अंतरराष्ट्रीय </w><w> प्रतिक्रिया </w><w> का </w><w> भी </w><w> है </w><w> , </w><w> जिसकी </w><w> अनदेखी </w><w> नहीं </w><w> की </w><w> जा </w><w> सकती। </w><w> ऐसे </w><w> में </w><w> फिलहाल </w><w> ठोस </w><w> रणनीति </w><w> का </w><w> अर्थ </w><w> कूटनीतिक </w><w> ही </w><w> हो </w><w> सकता </w><w> है। </w><w> हालांकि </w><w> दर्रों </w><w> की </w><w> बर्फ </w><w> पिघल </w><w> जाने </w><w> और </w><w> अमरनाथ </w><w> यात्रा </w><w> का </w><w> सीजन </w><w> करीब </w><w> आने </w><w> के </w><w> कारण </w><w> आतंकवादी </w><w> कार्रवाइयों </w><w> में </w><w> इजाफे </w><w> का </w><w> खतरा </w><w> सचमुच </w><w> गंभीर </w><w> है </w><w> और </w><w> इसके </w><w> बीच </w><w> कुछ </w><w> महीने </w><w> बाद </w><w> कश्मीर </w><w> में </w><w> चुनाव </w><w> करा </w><w> ले </w><w> जाना </w><w> काफी </w><w> बड़ी </w><w> चुनौती </w><w> है </w><w> , </w><w> लेकिन </w><w> इसका </w><w> मतलब </w><w> विवेक </w><w> से </w><w> हाथ </w><w> धो </w><w> बैठना </w><w> भी </w><w> नहीं </w><w> है। </w><w> सैनिक </w><w> कार्रवाई </w><w> का </w><w> विकल्प </w><w> हमेशा </w><w> अंतिम </w><w> ही </w><w> होता </w><w> है </w><w> और </w><w> इसके </w><w> लिए </w><w> सही </w><w> समय </w><w> और </w><w> स्थिति </w><w> चुनने </w><w> का </w><w> अधिकार </w><w> बेशक </w><w> सरकार </w><w> के </w><w> पास </w><w> है। </w><w> संसद </w><w> में </w><w> भी </w><w> यही </w><w> विचार </w><w> सामने </w><w> आया </w><w> है। </w><w> लेकिन </w><w> इससे </w><w> भी </w><w> अधिक </w><w> अहम </w><w> एकता </w><w> का </w><w> वह </w><w> भाव </w><w> है </w><w> , </w><w> जो </w><w> राजनीतिक </w><w> मतभेदों </w><w> के </w><w> पार </w><w> ऐसे </w><w> अवसर </w><w> पर </w><w> झलका </w><w> है। </w><w> विपक्ष </w><w> ने </w><w> अब </w><w> तक </w><w> के </w><w> प्रयासों </w><w> पर </w><w> निराशा </w><w> जताई </w><w> , </w><w> लेकिन </w><w> सरकार </w><w> के </w><w> हर </w><w> फैसले </w><w> के </w><w> साथ </w><w> रहने </w><w> का </w><w> वचन </w><w> दिया </w><w> है। </w><w> एकजुटता </w><w> का </w><w> यह </w><w> वचन </w><w> बहुत </w><w> कीमती </w><w> है </w><w> , </w><w> क्योंकि </w><w> यही </w><w> राष्ट्रीय </w><w> संकट </w><w> के </w><w> मौके </w><w> पर </w><w> भारत </w><w> को </w><w> एक </w><w> ताकतवर </w><w> राष्ट्र </w><w> के </w><w> तौर </w><w> पर </w><w> दुनिया </w><w> के </w><w> सामने </w><w> रखता </w><w> है। </w><w> अंतत: </w><w> कोई </w><w> फैसला </w><w> लेना </w><w> और </w><w> उस </w><w> पर </w><w> अमल </w><w> करना </w><w> सरकार </w><w> के </w><w> हाथ </w><w> में </w><w> ही </w><w> है </w><w> , </w><w> लेकिन </w><w> यह </w><w> काम </w><w> सर्व </w><w> सम्मति </w><w> से </w><w> हो </w><w> तो </w><w> इसके </w><w> मायने </w><w> ही </w><w> बदल </w><w> जाते </w><w> हैं। </w></p></document>