<?xml version="1.0" encoding="UTF-8"?>
<document><p><w> navbharat_2002_5_4_10679480 </w></p><p><w> मुशर्रफ </w><w> के </w><w> जज्बे </w><w> पर </w><w> अमेरिका </w><w> को </w><w> संदेह </w></p><p><w> वाशिंगटन </w><w> (वार्ता/भाषा): </w><w> अमेरिका </w><w> ने </w><w> संदेह </w><w> जताया </w><w> है </w><w> कि </w><w> पाकिस्तान </w><w> के </w><w> राष्ट्रपति </w><w> जनरल </w><w> परवेज </w><w> मुशर्रफ </w><w> आतंकवाद </w><w> के </w><w> खिलाफ </w><w> अपनी </w><w> घोषित </w><w> लड़ाई </w><w> को </w><w> पूरी </w><w> तरह </w><w> जारी </w><w> रख </w><w> पाने </w><w> में </w><w> सफल </w><w> हो </w><w> पाएंगे। </w><w> दुनिया </w><w> भर </w><w> में </w><w> आतंकवाद </w><w> पर </w><w> वर्ष </w><w> 2001 </w><w> की </w><w> वार्षिक </w><w> रिपोर्ट </w><w> में </w><w> आतंकवाद </w><w> के </w><w> खिलाफ </w><w> लड़ाई </w><w> में </w><w> मुशर्रफ </w><w> की </w><w> अब </w><w> तक </w><w> की </w><w> भूमिका </w><w> की </w><w> प्रशंसा </w><w> की </w><w> गई </w><w> है </w><w> लेकिन </w><w> इस </w><w> बात </w><w> पर </w><w> शंका </w><w> भी </w><w> जताई </w><w> गई </w><w> है </w><w> कि </w><w> स्थानीय </w><w> आतंकवादियों </w><w> के </w><w> खिलाफ </w><w> उनकी </w><w> सख्त </w><w> नीतियों </w><w> और </w><w> आतंकवाद </w><w> के </w><w> विरोध </w><w> की </w><w> उनकी </w><w> वचनबद्धता </w><w> को </w><w> पूरी </w><w> तरह </w><w> लागू </w><w> किया </w><w> जा </w><w> सकेगा। </w><w> भारत </w><w> के </w><w> बारे </w><w> में </w><w> रिपोर्ट </w><w> में </w><w> कहा </w><w> गया </w><w> है </w><w> कि </w><w> पूरे </w><w> वर्ष </w><w> आतंकवादी </w><w> घटनाओं </w><w> का </w><w> निशाना </w><w> रहे </w><w> भारत </w><w> ने </w><place-arg id="3"><link event_arg="0" id="10" type_rel="EVENT_ARG"/><w> अमेरिका </w></place-arg><w> पर </w><time-arg id="6"><link event_arg="0" id="9" type_rel="EVENT_ARG"/><w> 11 </w><w> सितंबर </w></time-arg><w> के </w><man_made_event id="0" type="TERRORIST_ATTACK"><w> आतंकवादी </w><w> हमलों </w></man_made_event><w> के </w><w> बाद </w><w> अमेरिका </w><w> की </w><w> सैन्य </w><w> कार्रवाई </w><w> में </w><w> अपना </w><w> पूरा </w><w> सहयोग </w><w> दिया। </w><w> रिपोर्ट </w><w> जारी </w><w> होने </w><w> के </w><w> बाद </w><w> एक </w><w> वरिष्ठ </w><w> अमेरिकी </w><w> अधिकारी </w><w> ने </w><w> संवाददाता </w><w> सम्मेलन </w><w> में </w><w> कहा </w><w> कि </w><w> अमेरिका </w><w> ने </w><w> पाकिस्तान </w><w> को </w><w> स्पष्ट </w><w> तौर </w><w> पर </w><w> बता </w><w> दिया </w><w> है </w><w> कि </w><w> उसे </w><w> कश्मीर </w><w> में </w><w> घुसपैठ </w><w> रोकना </w><w> चाहिए </w><w> और </w><w> सीमा </w><w> पर </w><w> तनाव </w><w> कम </w><w> करना </w><w> चाहिए। </w><w> रिपोर्ट </w><w> में </w><w> कहा </w><w> गया </w><w> है </w><w> कि </w><w> भारत </w><w> में </w><w> सन् </w><w> 2001 </w><w> के </w><w> दौरान </w><w> विभिन्न </w><w> उग्रवादी </w><w> गतिविधियों </w><w> , </w><w> खासकर </w><w> कश्मीर </w><w> की </w><w> घटनाओं </w><w> से </w><w> संबधित </w><w> सुरक्षा </w><w> समस्याएं </w><w> बनी </w><w> रहीं। </w><w> रिपोर्ट </w><w> में </w><place-arg id="8"><link event_arg="1" id="11" type_rel="EVENT_ARG"/><w> जम्मू-कश्मीर </w><w> विधानसभा </w></place-arg><w> और </w><w> फिर </w><place-arg id="4"><link event_arg="1" id="12" type_rel="EVENT_ARG"/><w> भारतीय </w><w> संसद </w></place-arg><w> पर </w><w> किए </w><w> गए </w><man_made_event id="1" type="TERRORIST_ATTACK"><w> आतंकवादी </w><w> हमलों </w></man_made_event><w> का </w><w> जिक्र </w><w> करते </w><w> हुए </w><w> कहा </w><w> गया </w><w> है </w><w> कि </w><w> भारत </w><w> लश्कर-ए-तैय्यबा </w><w> और </w><w> जैश-ए-मोहम्मद </w><w> जैसे </w><w> उग्रवादी </w><w> संगठनों </w><w> के </w><w> अलावा </w><w> पूर्वोत्तर </w><w> भारत </w><w> में </w><w> कई </w><w> अलगाववादी </w><w> आन्दोलनों </w><w> से </w><w> त्रस्त </w><w> रहा। </w><w> रिपोर्ट </w><w> में </w><time-arg id="7"><link event_arg="2" id="13" type_rel="EVENT_ARG"/><w> जनवरी </w><w> 2002 </w></time-arg><w> को </w><place-arg id="5"><link event_arg="2" id="14" type_rel="EVENT_ARG"/><w> कोलकाता </w><w> में </w><w> अमेरिकन </w><w> सेंटर </w></place-arg><w> के </w><w> बाहर </w><w> हुई </w><man_made_event id="2" type="SHOOT_OUT"><w> गोलीबारी </w></man_made_event><w> का </w><w> भी </w><w> उल्लेख </w><w> है। </w><w> रिपोर्ट </w><w> पर </w><w> प्रतिक्रिया </w><w> जताते </w><w> हुए </w><w> विदेश </w><w> मंत्री </w><w> कोलिन </w><w> पॉवेल </w><w> ने </w><w> कहा </w><w> कि </w><w> प्रौद्योगिकी </w><w> एवं </w><w> वैश्वीकरण </w><w> के </w><w> प्रसार </w><w> के </w><w> साथ </w><w> आतंकवाद </w><w> के </w><w> फैलने </w><w> का </w><w> भी </w><w> खतरा </w><w> बढ़ा </w><w> है। </w><w> रिपोर्ट </w><w> में </w><w> कहा </w><w> गया </w><w> है </w><w> कि </w><w> हरकत-उल-मुजाहिदीन </w><w> को </w><w> उसकी </w><w> आतंकवादी </w><w> कार्रवाइयों </w><w> के </w><w> लिए </w><w> पाकिस्तान </w><w> , </w><w> सऊदी </w><w> अरब </w><w> और </w><w> पाकिस्तानी </w><w> कब्जे </w><w> वाले </w><w> कश्मीर </w><w> से </w><w> धन </w><w> मिलता </w><w> है। </w><w> इसके </w><w> अनुसार </w><w> लश्कर-ए-तैय्यबा </w><w> को </w><w> फारस </w><w> की </w><w> खाड़ी </w><w> में </w><w> रहने </w><w> वाले </w><w> पाकिस्तानियों </w><w> से </w><w> और </w><w> जैश-ए-मोहम्मद </w><w> को </w><w> तालिबान </w><w> तथा </w><w> अरब </w><w> सूत्रों </w><w> के </w><w> अलावा </w><w> ओसामा </w><w> बिन </w><w> लादेन </w><w> से </w><w> जुडे़ </w><w> लोगों </w><w> के </w><w> जरिए </w><w> धन </w><w> मिलता </w><w> है। </w><w> श्रीलंका </w><w> के </w><w> बारे </w><w> में </w><w> रिपोर्ट </w><w> में </w><w> वहां </w><w> की </w><w> जातीय </w><w> समस्या </w><w> को </w><w> सुलझाने </w><w> के </w><w> लिए </w><w> नावेर् </w><w> के </w><w> प्रयासों </w><w> के </w><w> प्रति </w><w> बुश </w><w> प्रशासन </w><w> के </w><w> पूर्ण </w><w> समर्थन </w><w> को </w><w> दुहराया </w><w> गया </w><w> है। </w><w> रिपोर्ट </w><w> में </w><w> कहा </w><w> गया </w><w> है </w><w> कि </w><w> वर्ष </w><w> 2001 </w><w> में </w><w> दुनिया </w><w> भर </w><w> में </w><w> आतंकवाद </w><w> के </w><w> कारण </w><w> साढे़ </w><w> तीन </w><w> हजार </w><w> से </w><w> अधिक </w><w> मौतें </w><w> हुई </w><w> हैं </w><w> , </w><w> जो </w><w> आतंकवाद </w><w> द्वारा </w><w> एक </w><w> वर्ष </w><w> में </w><w> मारे </w><w> गए </w><w> लोगों </w><w> की </w><w> अब </w><w> तक </w><w> की </w><w> सर्वाधिक </w><w> संख्या </w><w> है। </w><w> इसमें </w><w> ईरान </w><w> को </w><w> अब </w><w> भी </w><w> दुनिया </w><w> में </w><w> आतंकवाद </w><w> का </w><w> सबसे </w><w> बड़ा </w><w> प्रायोजक </w><w> देश </w><w> माना </w><w> गया </w><w> है </w><w> , </w><w> जबकि </w><w> सूडान </w><w> और </w><w> लीबिया </w><w> के </w><w> बारे </w><w> में </w><w> कहा </w><w> गया </w><w> है </w><w> कि </w><w> इन्होंने </w><w> कुछ </w><w> कदम </w><w> उठाए </w><w> हैं </w><w> , </w><w> लेकिन </w><w> वे </w><w> अपर्याप्त </w><w> हैं। </w><w> आतंकवाद </w><w> के </w><w> प्रायोजक </w><w> देशों </w><w> की </w><w> सूची </w><w> में </w><w> कोई </w><w> परिवर्तन </w><w> नहीं </w><w> किया </w><w> गया </w><w> है। </w><w> इस </w><w> वर्ष </w><w> भी </w><w> इसमें </w><w> ईरान </w><w> , </w><w> सूडान </w><w> , </w><w> इराक </w><w> , </w><w> लीबिया </w><w> , </w><w> उत्तर </w><w> कोरिया </w><w> , </w><w> क्यूबा </w><w> और </w><w> सीरिया </w><w> शामिल </w><w> हैं। </w></p></document>