<?xml version="1.0" encoding="UTF-8"?>
<document><p><w> navbharat_2002_5_8_11075800 </w></p><p><w> भारत-पाक </w><w> युद्ध </w><w> की </w><w> संभावना </w><w> नहीं </w><w> : </w><w> काजी </w></p><p><w> लाहौर </w><w> (एपी): </w><w> भारत-पाक </w><w> सीमा </w><w> पर </w><w> बढ़ते </w><w> तनाव </w><w> के </w><w> बीच </w><w> दिल्ली </w><w> से </w><w> निकाल </w><w> दिए </w><w> गए </w><w> पाकिस्तान </w><w> के </w><w> वरिष्ठ </w><w> राजनयिक </w><w> अशरफ </w><w> जहांगीर </w><w> काजी </w><w> ने </w><w> अपनी </w><w> देश </w><w> वापसी </w><w> के </w><w> दौरान </w><w> कहा </w><w> कि </w><w> परमाणु </w><w> संपन्न </w><w> भारत-पाक </w><w> के </w><w> बीच </w><w> निकट </w><w> भविष्य </w><w> में </w><w> युद्ध </w><w> की </w><w> संभावना </w><w> नहीं </w><w> है। </w><w> कड़ी </w><w> सुरक्षा </w><w> के </w><w> बीच </w><w> वाघा </w><w> अंतरराष्ट्रीय </w><w> सीमा </w><w> पर </w><w> उन्होंने </w><w> पत्रकारों </w><w> से </w><w> कहा </w><w> कि </w><w> वह </w><w> जानते </w><w> हैं </w><w> कि </w><w> पाकिस्तान </w><w> की </w><w> तरह </w><w> ही </w><w> भारत </w><w> के </w><w> लोग </w><w> भी </w><w> युद्ध </w><w> के </w><w> खिलाफ </w><w> हैं। </w><w> गत </w><time-arg id="1"><link event_arg="0" id="7" type_rel="EVENT_ARG"/><w> 13 </w><w> दिसंबर </w></time-arg><w> को </w><place-arg id="2"><link event_arg="0" id="8" type_rel="EVENT_ARG"/><w> संसद </w><w> भवन </w></place-arg><w> पर </w><man_made_event id="0" type="TERRORIST_ATTACK"><w> आतंकवादी </w><w> हमले </w></man_made_event><w> के </w><w> बाद </w><w> से </w><w> भारत </w><w> द्वारा </w><w> पाकिस्तान </w><w> से </w><w> वायु </w><w> संपर्क </w><w> तोड़ </w><w> लिए </w><w> जाने </w><w> के </w><w> कारण </w><w> काजी </w><w> को </w><w> सड़क </w><w> मार्ग </w><w> से </w><w> ही </w><w> पाकिस्तान </w><w> जाना </w><w> पड़ </w><w> रहा </w><w> है। </w><place-arg id="5"><link event_arg="3" id="9" type_rel="EVENT_ARG"/><w> कश्मीर </w><w> में </w><w> एक </w><w> सैन्य </w><w> अड्डे </w></place-arg><w> पर </w><w> पाकिस्तान </w><w> के </w><man_made_event id="3" type="TERRORIST_ATTACK"><w> घातक </w><w> हमले </w></man_made_event><w> के </w><w> बाद </w><w> गत </w><w> 18 </w><w> मई </w><w> को </w><w> भारत </w><w> सरकार </w><w> ने </w><w> काजी </w><w> को </w><w> देश </w><w> से </w><w> जाने </w><w> का </w><w> आदेश </w><w> दिया </w><w> था। </w><w> काजी </w><w> ने </w><w> कहा </w><w> कि </w><w> उनकी </w><w> पाकिस्तान </w><w> वापसी </w><w> को </w><w> निष्कासन </w><w> के </w><w> रूप </w><w> में </w><w> नहीं </w><w> लिया </w><w> जाना </w><w> चाहिए </w><w> क्योंकि </w><w> भारत </w><w> ने </w><w> यह </w><w> कदम </w><w> संतुलन </w><w> कायम </w><w> करने </w><w> के </w><w> लिए </w><w> उठाया </w><w> था। </w><place-arg id="6"><link event_arg="4" id="10" type_rel="EVENT_ARG"/><w> संसद </w><w> भवन </w></place-arg><w> पर </w><man_made_event id="4" type="TERRORIST_ATTACK"><event-coref-link event_id="0" id="11" type_rel="EVENT_COREF"></event-coref-link><w> हमले </w></man_made_event><w> के </w><w> बाद </w><w> भारत </w><w> ने </w><w> पाकिस्तान </w><w> में </w><w> काम </w><w> कर </w><w> रहे </w><w> अपने </w><w> राजनयिक </w><w> को </w><w> वापस </w><w> बुला </w><w> लिया </w><w> था। </w></p></document>