<?xml version="1.0" encoding="UTF-8"?>
<document><p><w> navbharat_2002_6_12_8174959 </w></p><p><w> 26/11 </w><w> और </w><w> 9/11 </w><w> के </w><w> बीच </w><w> कोई </w><w> समानता </w><w> नहीं: </w><w> अमेरिका </w></p><p><w> वॉशिंगटन </w><w> ।। </w><w> अमेरिका </w><w> ने </w><w> भले </w><place-arg id="24"><link event_arg="0" id="25" type_rel="EVENT_ARG"/><w> पाकिस्तान </w><w> की </w><w> सीमा </w><w> के </w><w> भीतर </w></place-arg><w> इकतरफा </w><w> कार्रवाई </w><w> करते </w><w> हुए </w><w> ओसामा </w><w> बिन </w><w> लादेन </w><w> को </w><man_made_event id="0" type="SURGICAL_STRIKES"><w> मार </w><w> गिराया </w></man_made_event><w> हो, </w><w> अगर </w><w> ऐसी </w><w> ही </w><w> कार्रवाई </w><w> 26 </w><w> / </w><w> 11 </w><w> के </w><w> दोषियों </w><w> के </w><w> खिलाफ </w><w> भारत </w><w> करता </w><w> है </w><w> तो </w><w> अमेरिका </w><w> उसका </w><w> साथ </w><w> नहीं </w><w> देगा। </w><w> यह </w><w> बात </w><w> तब </w><w> साफ </w><w> हुई </w><w> जब </w><w> अमेरिकी </w><w> विदेश </w><w> मंत्रालय </w><w> के </w><w> प्रवक्ता </w><w> से </w><w> पूछा </w><w> गया </w><w> कि </w><w> क्या </w><w> भारत </w><w> या </w><w> दूसरे </w><w> देश </w><w> ऐसी </w><w> कोई </w><w> कार्रवाई </w><w> करें </w><w> तो </w><w> अमेरिका </w><w> उनका </w><w> समर्थन </w><w> करेगा </w><w> ? </w><w> विदेश </w><w> मंत्रालय </w><w> प्रवक्ता </w><w> मार्क </w><w> टोनर </w><w> ने </w><w> इस </w><w> सवाल </w><w> का </w><w> सीधा </w><w> जवाब </w><w> नहीं </w><w> दिया। </w><w> इस </w><w> प्रकार </w><w> के </w><w> सवालों </w><w> के </w><w> मद्देनजर </w><w> ही </w><place-arg id="6"><link event_arg="1" id="15" type_rel="EVENT_ARG"/><w> अमेरिका </w></place-arg><w> अपने </w><w> देश </w><w> पर </w><w> हुए </w><time-arg id="12"><link event_arg="1" id="16" type_rel="EVENT_ARG"/><w> 9/11 </w></time-arg><man_made_event id="1" type="TERRORIST_ATTACK"><w> हमले </w></man_made_event><w> और </w><place-arg id="7"><link event_arg="2" id="17" type_rel="EVENT_ARG"/><w> मुंबई </w></place-arg><w> पर </w><w> हुए </w><time-arg id="13"><link event_arg="2" id="18" type_rel="EVENT_ARG"/><w> 26/11 </w></time-arg><man_made_event id="2" type="TERRORIST_ATTACK"><w> हमले </w></man_made_event><w> के </w><w> बीच </w><w> कोई </w><w> भी </w><w> समानता </w><w> बताने </w><w> से </w><w> बच </w><w> रहा </w><w> है। </w><w> प्रवक्ता </w><w> ने </w><w> कहा </w><w> कि </w><w> &amp;aposउस </w><w> अभियान </w><w> के </w><w> बाद </w><w> मैं </w><w> किसी </w><w> भी </w><w> तरह </w><w> के </w><w> कयास </w><w> नहीं </w><w> लगाना </w><w> चाहता, </w><w> जो </w><w> अमेरिका </w><w> तथा </w><w> विश्व </w><w> इतिहास </w><w> की </w><w> साफ </w><w> तौर </w><w> पर </w><w> बेमिसाल </w><w> घटना </w><w> है </w><w> और </w><w> जिसके </w><w> तहत </w><w> हमने </w><w> विश्व </w><w> के </w><w> संभवत: </w><w> मोस्ट </w><w> वॉन्टेड </w><w> अपराधी </w><w> को </w><w> मार </w><w> गिराया </w><w> है।&amp;apos </w><w> उनसे </w><w> पूछा </w><w> गया </w><w> था </w><w> कि </w><w> क्या </w><w> अमेरिका </w><w> की </w><w> रक्षा </w><w> अधिकार </w><w> की </w><w> नीति </w><w> भारत </w><w> जैसे </w><w> देशों </w><w> पर </w><w> भी </w><w> लागू </w><w> होती </w><w> है? </w><w> आखिर, </w><place-arg id="8"><link event_arg="3" id="19" type_rel="EVENT_ARG"/><w> मुंबई </w></place-arg><w> के </w><time-arg id="14"><link event_arg="3" id="20" type_rel="EVENT_ARG"/><w> 26/11 </w></time-arg><man_made_event id="3" type="TERRORIST_ATTACK"><w> हमलों </w></man_made_event><w> का </w><w> षड्यंत्र </w><w> रचने </w><w> वाले </w><w> आतंकवादी </w><w> पाकिस्तान </w><w> के </w><w> भीतर </w><w> आजाद </w><w> घूम </w><w> रहे </w><w> हैं। </w><w> टोनर </w><w> ने </w><w> कहा, </w><w> &amp;apos </w><w> मैं </w><w> इस </w><w> बारे </w><w> में </w><w> ज्यादा </w><w> कुछ </w><w> टिप्पणी </w><w> नहीं </w><w> करना </w><w> चाहता। </w><w> हम </w><w> अब </w><w> तक </w><w> यही </w><w> कहते </w><w> आए </w><w> हैं </w><w> कि </w><w> वह </w><w> (ओसामा) </w><w> एक </w><w> ऐसा </w><w> व्यक्ति </w><w> था, </w><w> जिसके </w><w> खिलाफ </w><w> हमारे </w><w> पास </w><w> कार्रवाई </w><w> करने </w><w> योग्य </w><w> खुफिया </w><w> जानकारी </w><w> थी </w><w> और </w><w> हमने </w><w> उसके </w><w> खिलाफ </w><w> कार्रवाई </w><w> की, </w><w> क्योंकि </w><w> हमारा </w><w> मानना </w><w> था </w><w> कि </w><w> वह </w><w> अमेरिका </w><w> के </w><w> लिए </w><w> प्रत्यक्ष </w><w> और </w><w> संभावित </w><w> खतरा </w><w> है।&amp;apos </w><w> उन्होंने </w><w> कहा </w><w> कि </w><w> वह </w><w> भारत </w><w> में </w><w> आतंकवाद </w><w> से </w><w> जुड़े </w><w> सभी </w><w> मामलों </w><w> से </w><w> अवगत </w><w> हैं, </w><w> जिसमें </w><place-arg id="9"><link event_arg="4" id="21" type_rel="EVENT_ARG"/><w> भारत </w><w> की </w><w> संसद </w></place-arg><w> और </w><place-arg id="10"><link event_arg="4" id="22" type_rel="EVENT_ARG"/><w> मुंबई </w></place-arg><w> पर </w><w> हुआ </w><man_made_event id="4" type="TERRORIST_ATTACK"><w> आतंकवादी </w><w> हमला </w></man_made_event><w> शामिल </w><w> है। </w><w> पाकिस्तान </w><w> स्थित </w><w> आतंकवादी </w><w> संगठनों </w><w> पर </w><place-arg id="11"><link event_arg="5" id="23" type_rel="EVENT_ARG"/><w> मुंबई </w></place-arg><man_made_event id="5" type="TERRORIST_ATTACK"><w> हमले </w></man_made_event><w> की </w><w> साजिश </w><w> रचने, </w><w> उसके </w><w> लिए </w><w> वित्तीय </w><w> मदद </w><w> देने, </w><w> उसे </w><w> अंजाम </w><w> देने </w><w> तथा </w><w> 166 </w><w> लोगों </w><w> की </w><w> जान </w><w> लेने </w><w> का </w><w> आरोप </w><w> है। </w></p></document>