<?xml version="1.0" encoding="UTF-8"?>
<document><p><w> navbharat_2002_6_24_15795073 </w></p><p><w> अफजल </w><w> ने </w><w> माना,संसद </w><w> पर </w><w> हमले </w><w> के </w><w> लिए </w><w> कार </w><w> खरीदी </w></p><p><w> नगर </w><w> संवाददाता </w><w> नई </w><w> दिल्ली: </w><place-arg id="2"><link event_arg="0" id="4" type_rel="EVENT_ARG"/><w> संसद </w></place-arg><w> पर </w><man_made_event id="0" type="TERRORIST_ATTACK"><w> हमले </w></man_made_event><w> की </w><w> साजिश </w><w> के </w><w> आरोप </w><w> में </w><w> गिरफ्तार </w><w> जैश-ए-मोहम्मद </w><w> के </w><w> सदस्य </w><w> मोहम्मद </w><w> अफजल </w><w> ने </w><w> अदालत </w><w> में </w><w> स्वीकार </w><w> किया </w><w> कि </w><w> हमले </w><w> में </w><w> इस्तेमाल </w><w> हुई </w><w> एम्बेसडर </w><w> कार </w><w> खरीदने </w><w> के </w><w> लिए </w><w> वह </w><w> पाकिस्तानी </w><w> आतंकवादी </w><w> के </w><w> साथ </w><w> गया </w><w> था। </w><w> अफजल </w><w> की </w><w> स्वीकारोक्ति </w><w> ने </w><w> उसके </w><w> वकील </w><w> सहित </w><w> अदालत </w><w> में </w><w> मौजूद </w><w> सभी </w><w> लोगों </w><w> को </w><w> चौंका </w><w> दिया। </w><w> कानून </w><w> के </w><w> जानकारों </w><w> का </w><w> कहना </w><w> है </w><w> कि </w><w> अभियुक्त </w><w> अफजल </w><w> के </w><w> बयान </w><w> से </w><w> इस </w><w> मामले </w><w> में </w><w> नया </w><w> मोड़ </w><w> आ </w><w> गया </w><w> है। </w><w> उसके </w><w> बयान </w><w> से </w><w> अभियोजन </w><w> पक्ष </w><w> द्वारा </w><w> पेश </w><w> किए </w><w> गए </w><w> सबूतों </w><w> को </w><w> बल </w><w> मिला </w><w> है। </w><w> पोटा </w><w> अदालत </w><w> के </w><w> विशेष </w><w> न्यायाधीश </w><w> शिवनारायण </w><w> धींगरा </w><w> की </w><w> अदालत </w><w> में </w><w> मोहम्मद </w><w> अफजल </w><w> ने </w><w> खुद </w><w> स्वीकार </w><w> किया </w><w> कि </w><w> वह </w><w> आशिक </w><w> अहमद </w><w> खान </w><w> के </w><w> साथ </w><w> करोल </w><w> बाग </w><w> स्थित </w><w> लकी </w><w> मोटर्स </w><w> के </w><w> मालिक </w><w> हरपाल </w><w> सिंह </w><w> से </w><w> मिला </w><w> था। </w><w> जब </w><w> अफजल </w><w> के </w><w> वकील </w><w> ने </w><w> गवाह </w><w> हरपाल </w><w> सिंह </w><w> से </w><w> पूछा </w><w> कि </w><w> उसका </w><w> मुवक्किल </w><w> आशिक </w><w> अहमद </w><w> के </w><w> साथ </w><w> नहीं </w><w> था। </w><w> तो </w><w> अफजल </w><w> ने </w><w> अपने </w><w> वकील </w><w> से </w><w> असहमति </w><w> जताई </w><w> और </w><w> खुद </w><w> बोला </w><w> कि </w><w> वह </w><w> आशिक </w><w> के </w><w> साथ </w><w> एम्बेसडर </w><w> कार </w><w> खरीदने </w><w> गया </w><w> था। </w><w> अफजल </w><w> ने </w><w> यह </w><w> भी </w><w> कहा </w><w> कि </w><w> वह </w><w> इस </w><w> बारे </w><w> में </w><w> हरपाल </w><w> सिंह </w><w> से </w><w> जिरह </w><w> नहीं </w><w> चाहता। </w><w> इससे </w><w> पहले </w><w> हरपाल </w><w> सिंह </w><w> ने </w><w> अफजल </w><w> की </w><w> शिनाख्त </w><w> करते </w><w> हुए </w><w> कहा </w><w> कि </w><w> वह </w><w> आशिक </w><w> अहमद </w><w> के </w><w> साथ </w><w> उसकी </w><w> दुकान </w><w> पर </w><w> आया </w><w> था। </w><w> कार </w><w> की </w><w> खरीददारी </w><w> के </w><w> लिए </w><w> तैयार </w><w> हुए </w><w> कागजातों </w><w> में </w><w> उसने </w><w> गवाह </w><w> के </w><w> रूप </w><w> में </w><w> हस्ताक्षर </w><w> किए। </w><w> हरपाल </w><w> सिंह </w><w> ने </w><w> अदालत </w><w> को </w><w> बताया </w><w> कि </w><time-arg id="3"><link event_arg="1" id="5" type_rel="EVENT_ARG"/><w> 13 </w><w> दिसम्बर </w></time-arg><w> को </w><man_made_event id="1" type="TERRORIST_ATTACK"><event-coref-link event_id="0" id="6" type_rel="EVENT_COREF"></event-coref-link><w> हमले </w></man_made_event><w> के </w><w> बाद </w><w> जब </w><w> उसने </w><w> सुना </w><w> कि </w><w> कार </w><w> नंबर </w><w> डीएल- </w><w> 3 </w><w> सीजे- </w><w> 1527 </w><w> में </w><w> बैठकर </w><w> आतंकवादी </w><w> संसद </w><w> में </w><w> घुसे </w><w> , </w><w> तो </w><w> वह </w><w> भागकर </w><w> संसद </w><w> गया </w><w> और </w><w> वहां </w><w> थानाध्यक्ष </w><w> इंस्पेक्टर </w><w> गुरुबख्श </w><w> लाल </w><w> मेहता </w><w> से </w><w> मिला। </w><w> इंस्पेक्टर </w><w> मेहता </w><w> उसे </w><w> गेट </w><w> नंबर </w><w> 11 </w><w> तक </w><w> ले </w><w> गए। </w><w> हरपाल </w><w> सिंह </w><w> ने </w><w> कार </w><w> पहचान </w><w> ली। </w><w> यह </w><w> वही </w><w> कार </w><w> थी </w><w> जो </w><w> उसने </w><w> 11 </w><w> दिसम्बर </w><w> को </w><w> बेची </w><w> थी </w><w> और </w><w> वाहन </w><w> के </w><w> कागजात </w><w> भी </w><w> खरीददार </w><w> को </w><w> दिए </w><w> थे। </w><w> हरपाल </w><w> सिंह </w><w> को </w><w> गेट </w><w> नंबर </w><w> एक </w><w> पर </w><w> ले </w><w> जाया </w><w> गया। </w><w> यहां </w><w> पांचों </w><w> आतंकवादियों </w><w> के </w><w> शव </w><w> पड़े </w><w> थे। </w><w> इनमें </w><w> से </w><w> एक </w><w> शव </w><w> उस </w><w> व्यक्ति </w><w> का </w><w> था </w><w> जिसने </w><w> खुद </w><w> को </w><w> आशिक </w><w> अहमद </w><w> बताकर </w><w> कार </w><w> खरीदी </w><w> थी। </w><w> पुलिस </w><w> को </w><w> जांच </w><w> के </w><w> दौरान </w><w> पता </w><w> चला </w><w> था </w><w> कि </w><w> आशिक </w><w> अहमद </w><w> खान </w><w> का </w><w> असली </w><w> नाम </w><w> मोहम्मद </w><w> था। </w><w> श्री </w><w> सिंह </w><w> ने </w><w> अदालत </w><w> को </w><w> बताया </w><w> कि </w><w> कार </w><w> खरीदते </w><w> समय </w><w> ग्राहक </w><w> ने </w><w> एक </w><w> परिचय </w><w> पत्र </w><w> दिखाया </w><w> था। </w><w> यह </w><w> परिचय </w><w> पत्र </w><w> एक </w><w> कम्प्यूटर </w><w> संस्थान </w><w> का </w><w> था। </w><w> इसमें </w><w> स्थानीय </w><w> पता </w><w> नहीं </w><w> था। </w><w> मैंने </w><w> आशिक </w><w> अहमद </w><w> से </w><w> स्थानीय </w><w> पता </w><w> मांगा </w><w> लेकिन </w><w> उसने </w><w> कहा </w><w> कि </w><w> उसके </w><w> पास </w><w> लोकल </w><w> पता </w><w> नहीं </w><w> है। </w><w> मैंने </w><w> परिचय </w><w> पत्र </w><w> पर </w><w> लिखे </w><w> पते </w><w> की </w><w> जांच-पड़ताल </w><w> नहीं </w><w> की। </w></p></document>