<?xml version="1.0" encoding="UTF-8"?>
<document><p><w> navbharat_2002_6_30_16382139 </w></p><p><w> संसद </w><w> भवन </w><w> में </w><w> चाकू </w><w> लेकर </w><w> घुसी </w><w> महिला </w><w> पकड़ी </w><w> गई </w></p><p><w> नई </w><w> दिल्ली </w><w> (भाषा): </w><w> संसद </w><w> भवन </w><w> में </w><w> चाकू </w><w> के </w><w> साथ </w><w> घुसने </w><w> की </w><w> कोशिश </w><w> कर </w><w> रही </w><w> महिला </w><w> को </w><w> पुलिस </w><w> ने </w><w> हिरासत </w><w> में </w><w> ले </w><w> लिया। </w><w> सरकारी </w><w> सूत्रों </w><w> ने </w><w> यहां </w><w> बताया </w><w> कि </w><w> सुनीता </w><w> नामक </w><w> महिला </w><w> को </w><w> संसद </w><w> भवन </w><w> के </w><w> वॉच </w><w> एंड </w><w> वॉर्ड </w><w> स्टॉफ </w><w> ने </w><w> स्वागत </w><w> कक्ष </w><w> में </w><w> पकड़ा </w><w> और </w><w> उसे </w><w> पुलिस </w><w> के </w><w> हवाले </w><w> कर </w><w> दिया। </w><w> महिला </w><w> यह </w><w> नहीं </w><w> बता </w><w> पाई </w><w> कि </w><w> उसके </w><w> पास </w><w> चाकू </w><w> कैसे </w><w> आया </w><w> और </w><w> वह </w><w> संसद </w><w> भवन </w><w> में </w><w> चाकू </w><w> लेकर </w><w> क्यों </w><w> आई। </w><w> महिला </w><w> कर्नाटक </w><w> की </w><w> रहने </w><w> वाली </w><w> है। </w><w> वह </w><w> एक </w><w> सांसद </w><w> द्वारा </w><w> उपलब्ध </w><w> कराए </w><w> गए </w><w> पास </w><w> पर </w><w> संसद </w><w> भवन </w><w> में </w><w> घुसी। </w><place-arg id="2"><link event_arg="0" id="4" type_rel="EVENT_ARG"/><w> संसद </w><w> भवन </w></place-arg><w> पर </w><time-arg id="1"><link event_arg="0" id="3" type_rel="EVENT_ARG"/><w> 13 </w><w> दिसंबर </w></time-arg><w> को </w><w> हुए </w><man_made_event id="0" type="TERRORIST_ATTACK"><w> आतंकवादी </w><w> हमले </w></man_made_event><w> के </w><w> बाद </w><w> परिसर </w><w> की </w><w> सुरक्षा </w><w> काफी </w><w> कड़ी </w><w> कर </w><w> दी </w><w> गई </w><w> है। </w></p></document>