<?xml version="1.0" encoding="UTF-8"?>
<document><p><w> navbharat_2002_8_24_21879133 </w></p><p><w> इस </w><w> बार </w><w> भारत </w><w> हो </w><w> सकता </w><w> है </w><w> अल </w><w> कायदा </w><w> का </w><w> निशाना </w></p><p><w> नई </w><w> दिल्ली </w><w> (वार्ता): </w><w> अन्तरराष्ट्रीय </w><w> आतंकवादी </w><w> संगठन </w><w> &amp;apos </w><w> अल </w><w> कायदा </w><w> &amp;apos </w><w> एक </w><w> बार </w><w> फिर </w><w> एकजुट </w><w> हो </w><w> सकता </w><w> है </w><w> और </w><w> बड़ी </w><w> ताकत </w><w> के </w><w> साथ </w><w> हमला </w><w> कर </w><w> सकता </w><w> है। </w><w> इस </w><w> बार </w><w> भारत </w><w> उसकी </w><w> सूची </w><w> में </w><w> ऊपर </w><w> है। </w><w> इस्लामी </w><w> आतंकवाद </w><w> के </w><w> विशेषज्ञ </w><w> डा. </w><w> रोहन </w><w> गुणारत्न </w><w> जिन्होंने </w><w> हाल </w><w> में </w><w> &amp;apos </w><w> अल </w><w> कायदा </w><w> के </w><w> विश्वव्यापी </w><w> आतंक </w><w> &amp;apos </w><w> पर </w><w> पुस्तक </w><w> भी </w><w> लिखी </w><w> है </w><w> , </w><w> एक </w><w> भेंटवार्ता </w><w> में </w><w> कहा </w><w> कि </w><w> कुख्यात </w><w> आतंकवादी </w><w> सरगना </w><w> ओसामा </w><w> बिन </w><w> लादेन </w><w> संभवत: </w><w> जिन्दा </w><w> है </w><w> और </w><w> वह </w><w> अलकायदा </w><w> को </w><w> एकजुट </w><w> कर </w><w> सकता </w><w> है। </w><w> अमरीकी </w><w> कांग्रेस </w><w> , </w><w> संयुक्त </w><w> राष्ट्र </w><w> और </w><w> आस्ट्रेलियाई </w><w> संसद </w><w> में </w><time-arg id="4"><link event_arg="0" id="8" type_rel="EVENT_ARG"/><w> 11 </w><w> सितंबर </w></time-arg><w> के </w><man_made_event id="0" type="TERRORIST_ATTACK"><w> हमले </w></man_made_event><w> पर </w><w> अपना </w><w> भाषण </w><w> देने </w><w> वाले </w><w> डा </w><w> 0 </w><w> गुणारत्न </w><w> ने </w><w> कहा </w><w> कि </w><w> नई </w><w> सदी </w><w> का </w><w> पहला </w><w> युद्ध </w><w> किसी </w><w> राष्ट्र </w><w> के </w><w> खिलाफ </w><w> नहीं </w><w> बल्कि </w><w> आतंकवादी </w><w> संगठन </w><w> अल </w><w> कायदा </w><w> के </w><w> विरुद्ध </w><w> लड़ा </w><w> गया </w><w> पर </w><w> वह </w><w> विफल </w><w> हो </w><w> गया। </w><w> डा </w><w> 0 </w><w> गुणारत्न </w><w> ने </w><w> कहा </w><w> कि </w><w> अल </w><w> कायदा </w><w> ने </w><w> आतंक </w><w> फैलाने </w><w> के </w><w> लिए </w><w> भारत </w><w> पर </w><w> बड़े </w><man_made_event id="1" type="TERRORIST_ATTACK"><w> हमले </w></man_made_event><w> की </w><w> योजना </w><w> बनाई </w><w> है </w><w> जो </w><w> अल </w><w> कायदा </w><w> का </w><w> नया </w><w> कार्यक्षेत्र </w><w> है। </w><w> उन्होंने </w><time-arg id="5"><link event_arg="2" id="9" type_rel="EVENT_ARG"/><w> 11 </w><w> सितंबर </w></time-arg><w> के </w><man_made_event id="2" type="TERRORIST_ATTACK"><w> हमले </w></man_made_event><w> और </w><place-arg id="7"><link event_arg="3" id="11" type_rel="EVENT_ARG"/><w> भारतीय </w><w> संसद </w></place-arg><w> पर </w><time-arg id="6"><link event_arg="3" id="10" type_rel="EVENT_ARG"/><w> 13 </w><w> दिसंबर </w></time-arg><w> के </w><man_made_event id="3" type="TERRORIST_ATTACK"><w> हमले </w></man_made_event><w> के </w><w> बीच </w><w> संभावनाएं </w><w> भी </w><w> रेखांकित </w><w> की </w><w> हैं। </w><w> उनका </w><w> कहना </w><w> हैं </w><w> कि </w><w> अल </w><w> कायदा </w><w> आमतौर </w><w> पर </w><w> सांकेतिक </w><w> हमला </w><w> करता </w><w> है </w><w> और </w><w> अपने </w><w> सहयोगी </w><w> संगठनों </w><w> को </w><w> इस </w><w> काम </w><w> को </w><w> अंजाम </w><w> देने </w><w> की </w><w> जिम्मेदारी </w><w> देता </w><w> है। </w><w> इस </w><w> तरह </w><w> वह </w><w> उनसे </w><w> दोस्ती </w><w> मजबूत </w><w> बनाता </w><w> है। </w><w> उनका </w><w> कहना </w><w> है </w><w> कि </w><w> ओसामा </w><w> के </w><w> साथ </w><w> पाकिस्तान </w><w> का </w><w> संबंध </w><w> है </w><w> और </w><w> ओसामा </w><w> के </w><w> लिए </w><w> पाकिस्तान </w><w> सुरक्षित </w><w> स्थान </w><w> बना </w><w> हुआ </w><w> है। </w><w> पाकिस्तान </w><w> न </w><w> केवल </w><w> राजनीतिक </w><w> वैचारिक </w><w> बल्कि </w><w> नैतिक </w><w> रूप </w><w> से </w><w> भी </w><w> उसका </w><w> समर्थक </w><w> बना </w><w> हुआ </w><w> है। </w><w> उन्होंने </w><w> कहा </w><w> कि </w><w> अल </w><w> कायदा </w><w> ने </w><w> दक्षिण </w><w> एशिया </w><w> के </w><w> कई </w><w> संगठनों </w><w> में </w><w> अपनी </w><w> घुसपैठ </w><w> की </w><w> है। </w><w> इनमें </w><w> हरकत </w><w> उल </w><w> मुजाहिदीन </w><w> , </w><w> जैश </w><w> ए </w><w> मोहम्मद </w><w> , </w><w> हिज्बुल </w><w> मुजाहिदीन </w><w> तथा </w><w> लश्करे </w><w> तय्यबा </w><w> शामिल </w><w> हैं। </w></p></document>