<?xml version="1.0" encoding="UTF-8"?>
<document><p><w> navbharat_2002_9_11_23690676 </w></p><p><w> अमेरिका </w><w> की </w><w> तर्ज </w><w> पर </w><w> संसद </w><w> पर </w><w> हमले </w><w> की </w><w> बरसी </w><w> मनाएगा </w><w> भारत </w></p><p><w> विशेष </w><w> संवाददाता </w><w> नई </w><w> दिल्ली: </w><w> भारत </w><w> भी </w><place-arg id="6"><link event_arg="0" id="9" type_rel="EVENT_ARG"/><w> संसद </w></place-arg><w> पर </w><time-arg id="5"><link event_arg="0" id="8" type_rel="EVENT_ARG"/><w> 13 </w><w> दिसंबर </w></time-arg><w> को </w><w> हुए </w><man_made_event id="0" type="TERRORIST_ATTACK"><w> हमले </w></man_made_event><w> की </w><w> बरसी </w><w> उसी </w><w> तरह </w><w> मनाएगा </w><w> जैसे </w><w> कि </w><w> आतंकवाद </w><w> के </w><w> खिलाफ </w><w> जागरूकता </w><w> पैदा </w><w> करने </w><w> के </w><w> लिए </w><w> अमेरिका </w><w> ने </w><w> विश्व </w><w> व्यापार </w><w> केंद्र </w><w> पर </w><w> 11 </w><w> सितम्बर </w><w> के </w><w> हमले </w><w> की </w><w> पहली </w><w> बरसी </w><w> मनाई। </w><w> यह </w><w> घोषणा </w><w> उप-प्रधानमंत्री </w><w> लालकृष्ण </w><w> आडवाणी </w><w> ने </w><w> करते </w><w> हुए </w><w> सभी </w><w> राजनीतिक </w><w> दलों </w><w> से </w><w> दलगत </w><w> राजनीति </w><w> से </w><w> ऊपर </w><w> उठकर </w><w> इस </w><w> आयोजन </w><w> को </w><w> राष्ट्रीय </w><w> स्तर </w><w> पर </w><w> सफल </w><w> बनाने </w><w> में </w><w> सहयोग </w><w> देने </w><w> का </w><w> आग्रह </w><w> भी </w><w> किया। </w><w> उप-प्रधान </w><w> मंत्री </w><w> ने </w><w> राज्यों </w><w> की </w><w> पुलिस </w><w> के </w><w> आधुनिकीकरण </w><w> के </w><w> लिए </w><w> केन्द्रीय </w><w> बजट </w><w> की </w><w> राशि </w><w> को </w><w> 200 </w><w> करोड़ </w><w> रुपए </w><w> से </w><w> एक </w><w> हजार </w><w> करोड़ </w><w> किए </w><w> जाने </w><w> के </w><w> साथ </w><w> यह </w><w> भी </w><w> घोषणा </w><w> की </w><w> कि </w><w> राज्यों </w><w> को </w><w> इस </w><w> मद </w><w> में </w><w> नकद </w><w> राशि </w><w> दिए </w><w> जाने </w><w> की </w><w> बजाय </w><w> उन्हें </w><w> हथियार </w><w> और </w><w> आधुनिकीकरण </w><w> के </w><w> उपकरण </w><w> दिए </w><w> जाएंगे। </w><w> श्री </w><w> आडवाणी </w><w> रविवार </w><w> को </w><w> यहां </w><w> विज्ञान </w><w> भवन </w><w> में </w><w> गुप्तचर </w><w> विभाग </w><w> द्वारा </w><w> आयोजित </w><w> तीन </w><w> दिन </w><w> के </w><w> अखिल </w><w> भारतीय </w><w> पुलिस </w><w> महानिदेशक </w><w> एवं </w><w> पुलिस </w><w> महानिरीक्षक </w><w> सम्मेलन </w><w> का </w><w> उद्घाटन </w><w> कर </w><w> रहे </w><w> थे। </w><w> इस </w><w> मौके </w><w> पर </w><w> उन्होंने </w><w> राष्ट्रपति </w><w> पदक </w><w> से </w><w> सम्मानित </w><w> खुफिया </w><w> विभाग </w><w> के </w><w> अधिकारियों </w><w> को </w><w> पुलिस </w><w> पदक </w><w> भी </w><w> प्रदान </w><w> किए। </w><w> श्री </w><w> आडवाणी </w><w> ने </w><w> कहा </w><w> कि </w><w> आतंकवादियों </w><w> ने </w><place-arg id="7"><link event_arg="1" id="10" type_rel="EVENT_ARG"/><w> संसद </w><w> परिसर </w></place-arg><w> पर </w><w> जो </w><man_made_event id="1" type="TERRORIST_ATTACK"><event-coref-link event_id="0" id="12" type_rel="EVENT_COREF"></event-coref-link><w> हमला </w></man_made_event><w> किया </w><w> था </w><w> , </w><w> वह </w><w> भारत </w><w> के </w><w> लोकतंत्र </w><w> पर </w><man_made_event id="2" type="TERRORIST_ATTACK"><event-coref-link event_id="0" id="13" type_rel="EVENT_COREF"></event-coref-link><w> हमला </w></man_made_event><w> था </w><w> , </w><w> जिसे </w><w> बहादुर </w><w> सुरक्षाकर्मियों </w><w> ने </w><w> विफल </w><w> कर </w><w> दिया </w><w> था। </w><w> उस </w><man_made_event id="3" type="TERRORIST_ATTACK"><event-coref-link event_id="0" id="11" type_rel="EVENT_COREF"></event-coref-link><w> हमले </w></man_made_event><w> की </w><w> बरसी </w><w> का </w><w> मौका </w><w> आतंकवादी </w><w> हिंसा </w><w> के </w><w> विरुद्ध </w><w> तमाम </w><w> देशवासियों </w><w> को </w><w> जागरूक </w><w> करने </w><w> का </w><w> अवसर </w><w> बन </w><w> सकता </w><w> है। </w><w> भारत </w><w> में </w><man_made_event id="4" type="TERRORIST_ATTACK"><event-coref-link event_id="0" id="14" type_rel="EVENT_COREF"></event-coref-link><w> आतंकवादी </w><w> हमले </w></man_made_event><w> जारी </w><w> रखने </w><w> के </w><w> लिए </w><w> पाकिस्तान </w><w> को </w><w> पूरी </w><w> तरह </w><w> से </w><w> जिम्मेदार </w><w> ठहराते </w><w> हुए </w><w> श्री </w><w> आडवाणी </w><w> ने </w><w> कहा </w><w> कि </w><w> 11 </w><w> सितम्बर </w><w> के </w><w> हमले </w><w> के </w><w> बाद </w><w> पाकिस्तान </w><w> ने </w><w> आतंकवाद </w><w> के </w><w> खिलाफ </w><w> विश्वव्यापी </w><w> मुहिम </w><w> में </w><w> सहयोग </w><w> देने </w><w> का </w><w> जो </w><w> वादा </w><w> किया </w><w> था </w><w> , </w><w> उसे </w><w> वह </w><w> पूरा </w><w> नहीं </w><w> कर </w><w> रहा </w><w> है। </w><w> उन्होंने </w><w> कहा </w><w> कि </w><w> पाकिस्तान </w><w> ने </w><w> भले </w><w> ही </w><w> पश्चिमी </w><w> देशों </w><w> को </w><w> कश्मीर </w><w> में </w><w> घुसपैठ </w><w> बंद </w><w> करने </w><w> का </w><w> वचन </w><w> दिया </w><w> हो </w><w> लेकिन </w><w> अपनी </w><w> तरफ </w><w> से </w><w> वहां </w><w> चुनाव </w><w> न </w><w> होने </w><w> देने </w><w> के </w><w> लिए </w><w> सारे </w><w> हथकंडे </w><w> अपना </w><w> रहा </w><w> है। </w><w> राज्य </w><w> में </w><w> मतदान </w><w> के </w><w> पिछले </w><w> दो </w><w> चरणों </w><w> में </w><w> बढ़-चढ़ </w><w> कर </w><w> हिस्सा </w><w> लेने </w><w> वाले </w><w> मतदाताओं </w><w> को </w><w> अब </w><w> डराने-धमकाने </w><w> की </w><w> कोशिशें </w><w> हो </w><w> रही </w><w> हैं। </w><w> पाकिस्तान </w><w> ने </w><w> जम्मू-कश्मीर </w><w> विधानसभा </w><w> चुनावों </w><w> को </w><w> विफल </w><w> करने </w><w> लिए </w><w> राज्य </w><w> में </w><w> आतंकवादियों </w><w> की </w><w> घुसपैठ </w><w> तेज </w><w> कर </w><w> दी </w><w> है। </w><w> जम्मू-कश्मीर </w><w> में </w><w> सफलतापूर्वक </w><w> चुनाव </w><w> सम्पन्न </w><w> हो </w><w> जाने </w><w> से </w><w> वहां </w><w> जनमत </w><w> संग्रह </w><w> की </w><w> मांग </w><w> का </w><w> कोई </w><w> महत्व </w><w> नहीं </w><w> रह </w><w> जाएगा। </w><w> पश्चिमी </w><w> देश </w><w> भी </w><w> जम्मू-कश्मीर </w><w> चुनावों </w><w> को </w><w> महत्व </w><w> दे </w><w> रहे </w><w> हैं। </w><w> वहां </w><w> 42 </w><w> प्रतिशत </w><w> से </w><w> ज्यादा </w><w> मतदान </w><w> होने </w><w> से </w><w> चुनाव </w><w> सफल </w><w> माने </w><w> जा </w><w> रहे </w><w> हैं। </w><w> उन्होंने </w><w> कहा </w><w> कि </w><w> पूर्वोत्तर </w><w> क्षेत्र </w><w> में </w><w> भी </w><w> उग्रवाद </w><w> काफी </w><w> गंभीर </w><w> समस्या </w><w> है। </w><w> कुछ </w><w> उग्रवादी </w><w> संगठनों </w><w> के </w><w> साथ </w><w> हो </w><w> रही </w><w> बातचीत </w><w> की </w><w> ओर </w><w> संकेत </w><w> करते </w><w> हुए </w><w> उनका </w><w> कहना </w><w> था </w><w> कि </w><w> हालांकि </w><w> सरकार </w><w> को </w><w> इस </w><w> समस्या </w><w> से </w><w> निबटने </w><w> में </w><w> कुछ </w><w> सफलता </w><w> मिली </w><w> है </w><w> और </w><w> कुछ </w><w> उग्रवादी </w><w> संगठनों </w><w> से </w><w> बातचीत </w><w> चल </w><w> रही </w><w> है </w><w> लेकिन </w><w> यह </w><w> भी </w><w> महत्वपूर्ण </w><w> है </w><w> कि </w><w> उनके </w><w> साथ </w><w> संघर्ष </w><w> विराम </w><w> के </w><w> बाद </w><w> नागरिकों </w><w> की </w><w> हत्याएं </w><w> नहीं </w><w> हुई </w><w> हैं। </w><w> जो </w><w> हत्याएं </w><w> हुई </w><w> हैं </w><w> , </w><w> वे </w><w> केवल </w><w> उनके </w><w> गुटों </w><w> के </w><w> आपसी </w><w> संघर्ष </w><w> का </w><w> परिणाम </w><w> है। </w><w> उन्होंने </w><w> कहा </w><w> कि </w><w> कुछ </w><w> अन्य </w><w> राज्यों </w><w> में </w><w> जहां </w><w> नक्सली </w><w> हिंसा </w><w> की </w><w> समस्या </w><w> है </w><w> , </w><w> उससे </w><w> निबटने </w><w> के </w><w> लिए </w><w> सरकार </w><w> पिछले </w><w> चार </w><w> सालों </w><w> से </w><w> एक </w><w> समन्वित </w><w> योजना </w><w> के </w><w> तहत </w><w> कार्य </w><w> कर </w><w> रही </w><w> है। </w><w> उन्होंने </w><w> सुरक्षा </w><w> बलों </w><w> और </w><w> जांच </w><w> एजेंसियों </w><w> से </w><w> आतंकवाद </w><w> के </w><w> मद्देनजर </w><w> पूरा </w><w> एहतियात </w><w> बरतने </w><w> तथा </w><w> सिर्फ </w><w> गुप्तचर </w><w> एजेंसियों </w><w> पर </w><w> दोष </w><w> मढ़ने </w><w> की </w><w> प्रवृति </w><w> से </w><w> बचने </w><w> की </w><w> सलाह </w><w> देने </w><w> दी। </w><w> उन्होंने </w><w> अबू </w><w> सलेम </w><w> की </w><w> गिरफ्तारी </w><w> को </w><w> एक </w><w> बड़ी </w><w> उपलब्धि </w><w> बताते </w><w> हुए </w><w> इसके </w><w> लिए </w><w> केन्द्रीय </w><w> जांच </w><w> ब्यूरो </w><w> को </w><w> भी </w><w> पूरा </w><w> श्रेय </w><w> दिया। </w></p></document>