<?xml version="1.0" encoding="UTF-8"?>
<document><p><w> navbharat_2002_9_8_23395698 </w></p><p><w> अक्षरधाम </w><w> हमले </w><w> को </w><w> गहरी </w><w> साजिश </w><w> बताया </w><w> जॉर्ज </w><w> ने </w></p><p><w> गांधीनगर </w><w> (वार्ता): </w><w> रक्षा </w><w> मंत्री </w><w> जॉर्ज </w><w> फर्नांडिस </w><w> ने </w><place-arg id="6"><link event_arg="0" id="13" type_rel="EVENT_ARG"/><w> अक्षरधाम </w><w> मंदिर </w></place-arg><w> पर </w><man_made_event id="0" type="TERRORIST_ATTACK"><w> आतंकवादी </w><w> हमले </w></man_made_event><w> को </w><w> गहरी </w><w> साजिश </w><w> करार </w><w> दिया </w><w> है। </w><w> फर्नांडिस </w><w> ने </w><w> गुजरात </w><w> पहुंचने </w><w> के </w><w> बाद </w><w> यहां </w><w> मुख्यमंत्री </w><w> नरेंद्र </w><w> मोदी </w><w> से </w><w> मुलाकात </w><w> की। </w><w> उन्होंने </w><w> संवाददाताओं </w><w> से </w><w> कहा </w><w> कि </w><w> पिछले </w><w> साल </w><time-arg id="12"><link event_arg="1" id="15" type_rel="EVENT_ARG"/><w> दिसंबर </w></time-arg><w> में </w><place-arg id="7"><link event_arg="1" id="14" type_rel="EVENT_ARG"/><w> संसद </w><w> भवन </w></place-arg><w> पर </w><w> हुए </w><man_made_event id="1" type="TERRORIST_ATTACK"><w> आतंकवादी </w><w> हमले </w></man_made_event><w> से </w><w> भी </w><w> अधिक </w><w> योजनाबद्ध </w><w> तरीके </w><w> से </w><place-arg id="8"><link event_arg="2" id="16" type_rel="EVENT_ARG"/><w> मंदिर </w></place-arg><w> पर </w><man_made_event id="2" type="TERRORIST_ATTACK"><event-coref-link event_id="0" id="20" type_rel="EVENT_COREF"></event-coref-link><w> हमला </w></man_made_event><w> किया </w><w> गया </w><w> है। </w><w> रक्षा </w><w> मंत्री </w><w> ने </w><w> कहा </w><w> कि </w><w> राज्य </w><w> में </w><w> जब </w><w> तक </w><w> मोदी </w><w> चाहेंगे </w><w> , </w><w> सेना </w><w> रहेगी। </w><w> मोदी </w><w> ने </w><w> इस </w><w> घटना </w><w> की </w><w> तुलना </w><place-arg id="10"><link event_arg="3" id="17" type_rel="EVENT_ARG"/><w> संसद </w><w> भवन </w></place-arg><w> पर </w><man_made_event id="3" type="TERRORIST_ATTACK"><event-coref-link event_id="1" id="22" type_rel="EVENT_COREF"></event-coref-link><w> हमले </w></man_made_event><w> और </w><place-arg id="11"><link event_arg="4" id="18" type_rel="EVENT_ARG"/><w> न्यूयार्क </w><w> के </w><w> वर्ल्ड </w><w> ट्रेड </w><w> सेंटर </w></place-arg><w> पर </w><man_made_event id="4" type="TERRORIST_ATTACK"><w> हमले </w></man_made_event><w> से </w><w> की </w><w> है। </w><w> उल्लेखनीय </w><w> है </w><w> कि </w><place-arg id="9"><link event_arg="5" id="19" type_rel="EVENT_ARG"/><w> मंदिर </w></place-arg><w> पर </w><man_made_event id="5" type="TERRORIST_ATTACK"><event-coref-link event_id="0" id="21" type_rel="EVENT_COREF"></event-coref-link><w> आतंकवादी </w><w> हमले </w></man_made_event><w> के </w><w> बाद </w><w> प्रधानमंत्री </w><w> अटल </w><w> बिहारी </w><w> वाजपेयी </w><w> , </w><w> उपप्रधानमंत्री </w><w> लालकृष्ण </w><w> आडवाणी </w><w> के </w><w> बाद </w><w> फर्नांडिस </w><w> तीसरे </w><w> केंद्रीय </w><w> मंत्री </w><w> हैं </w><w> जिन्होंने </w><w> राज्य </w><w> का </w><w> दौरा </w><w> किया </w><w> है। </w></p></document>