<?xml version="1.0" encoding="UTF-8"?>
<document><p><w> navbharat_2002_9_9_23472743 </w></p><p><w> पाकिस्तान </w><w> यानी </w><w> पंचिंग </w><w> बैग </w></p><p><place-arg id="3"><link event_arg="0" id="7" type_rel="EVENT_ARG"/><w> अक्षरधाम </w></place-arg><w> पर </w><w> हुए </w><w> वीभत्स </w><man_made_event id="0" type="TERRORIST_ATTACK"><w> आतंकवादी </w><w> हमले </w></man_made_event><w> के </w><w> बाद </w><w> एक </w><w> बार </w><w> फिर </w><w> केन्द्र </w><w> सरकार </w><w> पर </w><w> प्रत्यक्ष </w><w> और </w><w> परोक्ष </w><w> रूप </w><w> से </w><w> यह </w><w> दबाव </w><w> डाला </w><w> जा </w><w> रहा </w><w> है </w><w> कि </w><w> वह </w><w> पाकिस्तान </w><w> के </w><w> विरुद्ध </w><w> सीमित </w><w> सैनिक </w><w> कार्रवाई </w><w> करे </w><w> और </w><w> पाकिस्तान </w><w> के </w><w> कब्जेवाले </w><w> कश्मीर </w><w> में </w><w> आतंकवादियों </w><w> के </w><w> ट्रेनिंग </w><w> कैम्पों </w><w> को </w><w> ध्वस्त </w><w> करे। </w><w> खुद </w><w> प्रधानमंत्री </w><w> अटल </w><w> बिहारी </w><w> वाजपेयी </w><w> ने </w><w> यह </w><w> स्वीकार </w><w> किया </w><w> है </w><w> कि </w><w> आतंकवाद </w><w> को </w><w> समर्थन </w><w> देने </w><w> से </w><w> रोकने </w><w> के </w><w> लिए </w><w> अमेरिका </w><w> ने </w><w> पाकिस्तान </w><w> पर </w><w> जो </w><w> तथाकथित </w><w> दबाव </w><w> बनाया </w><w> हुआ </w><w> है </w><w> , </w><w> वह </w><w> कारगर </w><w> नहीं </w><w> हो </w><w> रहा </w><w> है </w><w> , </w><w> इसलिए </w><w> हमें </w><w> अपने </w><w> बलबूते </w><w> पर </w><w> ही </w><w> आतंकवाद </w><w> के </w><w> खिलाफ </w><w> लड़ाई </w><w> लड़नी </w><w> होगी। </w><w> उधर </w><w> श्रीनगर </w><w> में </w><w> केन्द्रीय </w><w> गृह </w><w> राज्यमंत्री </w><w> ईश्वरदयाल </w><w> स्वामी </w><w> ने </w><w> कहा </w><w> है </w><w> कि </w><w> भारत </w><w> ने </w><w> पाकिस्तान </w><w> के </w><w> खिलाफ </w><w> युद्ध </w><w> का </w><w> विकल्प </w><w> छोड़ा </w><w> नहीं </w><w> है। </w><w> अब </w><w> तक </w><w> जो </w><w> आधी </w><w> अधूरी </w><w> तस्वीर </w><w> बन </w><w> रही </w><w> है </w><w> , </w><w> वह </w><w> साफ-साफ </w><w> इशारा </w><w> कर </w><w> रही </w><w> है </w><w> कि </w><place-arg id="4"><link event_arg="1" id="8" type_rel="EVENT_ARG"/><w> भारतीय </w><w> संसद </w><w> , </w><w> जम्मू </w><w> कश्मीर </w><w> विधानसभा </w><w> और </w><w> कालूचक </w></place-arg><w> आदि </w><w> पर </w><w> हुए </w><man_made_event id="1" type="TERRORIST_ATTACK"><w> आतंकवादी </w><w> हमलों </w></man_made_event><w> की </w><w> तरह </w><place-arg id="5"><link event_arg="6" id="9" type_rel="EVENT_ARG"/><w> अक्षरधाम </w></place-arg><w> पर </w><w> हुए </w><man_made_event id="6" type="TERRORIST_ATTACK"><event-coref-link event_id="0" id="10" type_rel="EVENT_COREF"></event-coref-link><w> हमले </w></man_made_event><w> में </w><w> भी </w><w> पाकिस्तान </w><w> से </w><w> आए </w><w> आतंकवादी </w><w> शामिल </w><w> हो </w><w> सकते </w><w> हैं। </w><w> तहरीक-ए-कसास </w><w> नामक </w><w> संगठन </w><w> वास्तव </w><w> में </w><w> और </w><w> कुछ </w><w> नहीं </w><w> है </w><w> , </w><w> बल्कि </w><w> लश्कर-ए-तैयबा </w><w> का </w><w> ही </w><w> नया </w><w> अवतार </w><w> होना </w><w> चाहिए </w><w> जो </w><w> अमेरिका </w><w> द्वारा </w><w> लगाए </w><w> गए </w><w> प्रतिबंध </w><w> के </w><w> बाद </w><w> नाम </w><w> बदलकर </w><w> काम </w><w> कर </w><w> रहा </w><w> है। </w><w> दरअसल </w><w> लश्कर-ए-तैयबा </w><w> और </w><w> जैश-ए-मोहम्मद </w><w> के </w><w> आतंकवादी </w><w> पाकिस्तान </w><w> की </w><w> धरती </w><w> पर </w><w> तितर-बितर </w><w> हो </w><w> गए </w><w> हैं। </w><w> उप </w><w> प्रधानमंत्री </w><w> लालकृष्ण </w><w> आडवाणी </w><w> ने </w><w> भी </w><w> संकेत </w><w> दिया </w><w> है </w><w> कि </w><w> अक्षरधाम </w><w> पर </w><man_made_event id="2" type="TERRORIST_ATTACK"><w> हमला </w></man_made_event><w> करनेवाले </w><w> आतंकवादी </w><w> उर्दू </w><w> में </w><w> जो </w><w> पर्चे </w><w> छोड़ </w><w> गए </w><w> हैं </w><w> , </w><w> उनसे </w><w> इस </w><w> बात </w><w> का </w><w> पता </w><w> चलता </w><w> है </w><w> कि </w><w> पाकिस्तान </w><w> इस </w><w> कांड </w><w> में </w><w> शामिल </w><w> है </w><w> , </w><w> क्योंकि </w><w> इन </w><w> पर्चों </w><w> में </w><w> गुजरात </w><w> को </w><w> &amp;apos </w><w> गुजरात </w><w> हिन्द </w><w> &amp;apos </w><w> लिखा </w><w> गया </w><w> है। </w><w> पाकिस्तान </w><w> में </w><w> गुजरात </w><w> नामक </w><w> कस्बा </w><w> होने </w><w> के </w><w> कारण </w><w> भारतीय </w><w> गुजरात </w><w> को </w><w> प्राय: </w><w> &amp;apos </w><w> गुजरात </w><w> हिन्द </w><w> &amp;apos </w><w> लिखा </w><w> जाता </w><w> है। </w><w> भारतीयों </w><w> के </w><w> मन </w><w> में </w><w> यह </w><w> आम </w><w> धारणा </w><w> है </w><w> कि </w><w> पाकिस्तान </w><w> बाज </w><w> नहीं </w><w> आ </w><w> रहा </w><w> है </w><w> और </w><w> जम्मू </w><w> और </w><w> कश्मीर </w><w> में </w><w> आतंकवादी </w><w> कारनामों </w><w> के </w><w> पीछे </w><w> उसकी </w><w> ही </w><w> ताकत </w><w> काम </w><w> कर </w><w> रही </w><w> है। </w><w> इसलिए </w><w> जब </w><w> तक </w><w> उसे </w><w> सबक </w><w> नहीं </w><w> सिखाया </w><w> जाएगा </w><w> तब </w><w> तक </w><w> काम </w><w> नहीं </w><w> चलेगा। </w><w> भारत </w><w> सरकार </w><w> ने </w><w> पश्चिमी </w><w> सीमाओं </w><w> पर </w><w> फौजें </w><w> तैनात </w><w> की </w><w> हुई </w><w> हैं </w><w> , </w><w> जिन </w><w> पर </w><w> भारी </w><w> खर्च </w><w> हो </w><w> रहा </w><w> है </w><w> और </w><w> लम्बी </w><w> तैनाती </w><w> सैनिकों </w><w> के </w><w> मनोबल </w><w> पर </w><w> प्रतिकूल </w><w> असर </w><w> डालनेवाली </w><w> भी </w><w> साबित </w><w> हो </w><w> सकती </w><w> है </w><w> , </w><w> लेकिन </w><w> पाकिस्तान </w><w> में </w><w> अमेरिका </w><w> की </w><w> उपस्थिति </w><w> के </w><w> कारण </w><w> सरकार </w><w> सैनिक </w><w> कार्रवाई </w><w> करने </w><w> से </w><w> बच </w><w> रही </w><w> है </w><w> और </w><w> आक्रामक </w><w> कूटनीति </w><w> के </w><w> जरिए </w><w> पाकिस्तान </w><w> को </w><w> अलग-थलग </w><w> करने </w><w> की </w><w> रणनीति </w><w> को </w><w> ज्यादा </w><w> मुफीद </w><w> मान </w><w> रही </w><w> है। </w><w> बेशक </w><w> युद्ध </w><w> से </w><w> भरसक </w><w> बचा </w><w> जाना </w><w> चाहिए </w><w> , </w><w> लेकिन </w><w> इस </w><w> समय </w><w> आतंकवाद </w><w> को </w><w> समाप्त </w><w> कराने </w><w> के </w><w> अपने </w><w> सर्वोच्च </w><w> राष्ट्रीय </w><w> लक्ष्य </w><w> को </w><w> पूरा </w><w> न </w><w> कर </w><w> पाने </w><w> के </w><w> बाद </w><w> वैकल्पिक </w><w> उपायों </w><w> पर </w><w> भी </w><w> विचार-विमर्श </w><w> करना </w><w> जरूरी </w><w> है। </w><w> इस </w><w> इलाके </w><w> की </w><w> भू </w><w> राजनैतिक </w><w> स्थिति </w><w> में </w><w> अफगानिस्तान </w><w> की </w><w> घटनाओं </w><w> और </w><w> अब </w><w> इराक </w><w> पर </w><w> अमेरिका </w><w> के </w><w> सम्भावित </w><w> हमले </w><w> के </w><w> कारण </w><w> फिलहाल </w><w> कोई </w><w> परिवर्तन </w><w> नहीं </w><w> होने </w><w> वाला </w><w> है। </w><w> इस </w><w> कारण </w><w> अन्तरराष्ट्रीय </w><w> आतंकवाद </w><w> के </w><w> खिलाफ </w><w> अमेरिका </w><w> की </w><w> लड़ाई </w><w> में </w><w> भारतीय </w><w> चिन्ताओं </w><w> के </w><w> लिए </w><w> कोई </w><w> खास </w><w> जगह </w><w> नहीं </w><w> होगी। </w><w> अमेरिका </w><w> बयानबाजी </w><w> तो </w><w> करेगा </w><w> , </w><w> पर </w><w> पाकिस्तान </w><w> का </w><w> साथ </w><w> नहीं </w><w> छोड़ेगा। </w><w> तब </w><w> क्या </w><w> भारत </w><w> अपने </w><w> उस </w><w> संयम </w><w> का </w><w> बलिदान </w><w> करते </w><w> हुए </w><w> , </w><w> जो </w><w> उसने </w><w> कारगिल </w><w> प्रकरण </w><w> में </w><w> भी </w><w> नहीं </w><w> छोड़ा </w><w> और </w><w> नियंत्रण </w><w> रेखा </w><w> का </w><w> उल्लंघन </w><w> नहीं </w><w> किया </w><w> , </w><w> पाक </w><w> अधिकृत </w><w> कश्मीर </w><w> में </w><w> आतंकवादियों </w><w> के </w><w> ट्रेनिंग </w><w> कैम्पों </w><w> पर </w><w> हमले </w><w> करेगा </w><w> ? </w><w> जो </w><w> तर्क </w><w> कारगिल </w><w> प्रकरण </w><w> के </w><w> समय </w><w> दिया </w><w> गया </w><w> था </w><w> , </w><w> वह </w><w> फिर </w><w> दिया </w><w> जा </w><w> रहा </w><w> है </w><w> कि </w><w> समूचा </w><w> जम्मू </w><w> और </w><w> कश्मीर </w><w> चूंकि </w><w> भारत </w><w> का </w><w> अविभाज्य </w><w> भाग </w><w> है </w><w> , </w><w> अत: </w><w> वहां </w><w> ट्रेनिंग </w><w> कैम्पों </w><w> पर </w><w> हमले </w><w> से </w><w> हमारा </w><w> पक्ष </w><w> कमजोर </w><w> नहीं </w><w> होगा </w><w> और </w><w> यह </w><w> भी </w><w> कि </w><w> यदि </w><w> अमेरिका </w><w> इतनी </w><w> दूर </w><w> आकर </w><w> अफगानिस्तान </w><w> में </w><w> तालिबान </w><w> और </w><w> अल </w><w> कायदा </w><w> के </w><w> ठिकानों </w><w> को </w><w> ध्वस्त </w><w> कर </w><w> सकता </w><w> है </w><w> तो </w><w> भारत </w><w> क्यों </w><w> डरे। </w><w> देखा </w><w> जाए </w><w> तो </w><w> जनता </w><w> से </w><w> लेकर </w><w> सरकार </w><w> के </w><w> स्तर </w><w> तक </w><w> पाकिस्तान </w><w> हमारे </w><w> लिए </w><w> एक </w><w> बॉक्सिंग </w><w> का </w><w> ऐसा </w><w> पंचिंग </w><w> बैग </w><w> है </w><w> , </w><w> जिस </w><w> पर </w><w> अपने </w><w> बयानों </w><w> से </w><w> प्रहार </w><w> करके </w><w> हम </w><w> अपनी </w><w> मांसपेशियां </w><w> फुलाते </w><w> हुए </w><w> रोज </w><w> खुश </w><w> होते </w><w> रहते </w><w> हैं </w><w> और </w><w> उसे </w><w> तीन-तीन </w><w> बार </w><w> मजा </w><w> चखाने </w><w> के </w><w> दर्प </w><w> में </w><w> ऐंठते </w><w> रहते </w><w> हैं। </w><w> इस </w><w> तरह </w><w> गुस्सा </w><w> निकालने </w><w> में </w><w> कोई </w><w> बुराई </w><w> नहीं </w><w> है </w><w> क्योंकि </w><w> युद्ध </w><w> अपने </w><w> आप </w><w> में </w><w> किसी </w><w> समस्या </w><w> का </w><w> हल </w><w> नहीं </w><w> है। </w><w> फिर </w><w> हकीकत </w><w> यह </w><w> है </w><w> कि </w><w> एक </w><w> तो </w><w> पाकिस्तान </w><w> हमारी </w><w> तरह </w><w> परमाणु </w><w> शक्ति </w><w> है </w><w> और </w><w> दूसरे </w><w> पारम्परिक </w><w> हथियारों </w><w> में </w><w> वह </w><w> हमसे </w><w> आगे </w><w> नहीं </w><w> तो </w><w> बराबरी </w><w> पर </w><w> जरूर </w><w> आ </w><w> गया </w><w> है। </w><w> इसलिए </w><w> जो </w><w> भी </w><w> युद्ध </w><w> होगा </w><w> , </w><w> वह </w><w> पहले </w><w> की </w><w> तरह </w><w> आसान </w><w> नहीं </w><w> होगा। </w><w> हाँ </w><w> आकार </w><w> और </w><w> अर्थ </w><w> व्यवस्था </w><w> में </w><w> कहीं </w><w> बड़ा </w><w> देश </w><w> होने </w><w> के </w><w> कारण </w><w> हम </w><w> युद्ध </w><w> को </w><w> कहीं </w><w> अधिक </w><w> दिनों </w><w> तक </w><w> झेलने </w><w> की </w><w> स्थिति </w><w> में </w><w> हैं। </w><w> इसलिए </w><w> हमेें </w><w> हर </w><w> हालत </w><w> में </w><w> युद्ध </w><w> के </w><w> उद्घोषों </w><w> से </w><w> बचना </w><w> चाहिए </w><w> और </w><w> आक्रामक </w><w> कूटनीति </w><w> पर </w><w> बरकरार </w><w> रहते </w><w> हुए </w><w> अपनी </w><w> आन्तरिक </w><w> सुरक्षा </w><w> को </w><w> मजबूत </w><w> बनाना </w><w> चाहिए। </w><w> सबसे </w><w> बड़ी </w><w> बात </w><w> तो </w><w> यह </w><w> होगी </w><w> कि </w><w> जो </w><w> विचारधारा </w><w> फिदाईन </w><w> को </w><w> प्रेरित </w><w> करती </w><w> है </w><w> उसकी </w><w> काट </w><w> के </w><w> लिए </w><w> हमें </w><w> गली-गली </w><w> और </w><w> मुहल्ले-मुहल्ले </w><w> में </w><w> ऐसे </w><w> वालंटियरों </w><w> की </w><w> फौज </w><w> खड़ी </w><w> करनी </w><w> चाहिए </w><w> जो </w><w> हमेशा </w><w> सतर्क </w><w> और </w><w> सचेत </w><w> रहे </w><w> और </w><w> जो </w><w> उन </w><w> कारणों </w><w> को </w><w> दूर </w><w> करने </w><w> के </w><w> लिए </w><w> राजनैतिक </w><w> माहौल </w><w> बना </w><w> सके </w><w> जो </w><w> आतंकवाद </w><w> के </w><w> उत्प्रेरक </w><w> हैं। </w></p></document>