<?xml version="1.0" encoding="UTF-8"?>
<document><p><w> navbharat_2003_10_23_248458 </w></p><p><w> एक </w><w> बार </w><w> फिर </w><w> सुलह </w><w> का </w><w> हाथ </w><w> -कुलदीप </w><w> कुमार </w></p><p><w> सुरक्षा </w><w> मामलों </w><w> की </w><w> कैबिनेट </w><w> समिति </w><w> ने </w><w> कई </w><w> ऐसे </w><w> फैसले </w><w> लिए </w><w> , </w><w> जिनका </w><w> स्वागत </w><w> किया </w><w> जाना </w><w> चाहिए। </w><w> भारत </w><w> ने </w><w> पाकिस्तान </w><w> के </w><w> साथ </w><w> संबंध </w><w> सुधारने </w><w> के </w><w> लिए </w><w> उसके </w><w> सामने </w><w> 12 </w><w> प्रस्ताव </w><w> रखे </w><w> हैं। </w><w> दूसरी </w><w> तरफ </w><w> केन्द्र </w><w> सरकार </w><w> ने </w><w> यह </w><w> भी </w><w> तय </w><w> किया </w><w> है </w><w> कि </w><w> हुर्रियत </w><w> कांफ्रेंस </w><w> के </w><w> साथ </w><w> उप </w><w> प्रधानमंत्री </w><w> लालकृष्ण </w><w> आडवाणी </w><w> वार्ता </w><w> करेंगे। </w><w> इन </w><w> फैसलों </w><w> की </w><w> आवश्यकता </w><w> से </w><w> इनकार </w><w> नहीं </w><w> किया </w><w> जा </w><w> सकता </w><w> , </w><w> लेकिन </w><w> यह </w><w> आशा </w><w> तो </w><w> की </w><w> जा </w><w> सकती </w><w> है </w><w> कि </w><w> सरकार </w><w> पारदर्शिता </w><w> बरतते </w><w> हुए </w><w> देशवासियों </w><w> को </w><w> विश्वास </w><w> में </w><w> ले </w><w> और </w><w> बताए </w><w> कि </w><w> स्थिति </w><w> में </w><w> ऐसा </w><w> कौन </w><w> सा </w><w> बदलाव </w><w> आया </w><w> है </w><w> जिसे </w><w> ध्यान </w><w> में </w><w> रखकर </w><w> उसने </w><w> ये </w><w> फैसले </w><w> लिए </w><w> हैं। </w><w> जहाँ </w><w> तक </w><w> सीमा </w><w> पार </w><w> से </w><w> हो </w><w> रहे </w><w> आतंकवाद </w><w> का </w><w> प्रश्न </w><w> है </w><w> , </w><w> उसमें </w><w> किसी </w><w> प्रकार </w><w> की </w><w> कमी </w><w> देखने </w><w> में </w><w> नहीं </w><w> आई </w><w> है। </w><w> इसके </w><w> विपरीत </w><w> पिछले </w><w> कुछ </w><w> सप्ताह </w><w> से </w><w> आतंकवादी </w><w> हमलों </w><w> में </w><w> काफी </w><w> तेजी </w><w> आई </w><w> है </w><w> , </w><w> जिसके </w><w> परिणामस्वरूप </w><w> बड़ी </w><w> संख्या </w><w> में </w><w> निर्दोष </w><w> नागरिक </w><w> जख्मी </w><w> हो </w><w> रहे </w><w> हैं। </w><w> मुख्यमंत्री </w><place-arg id="1"><link event_arg="0" id="5" type_rel="EVENT_ARG"/><w> मुफ्ती </w><w> मोहम्मद </w><w> सईद </w><w> का </w><w> निवास </w></place-arg><w> स्थान </w><w> भी </w><man_made_event id="0" type="TERRORIST_ATTACK"><w> आतंकवादी </w><w> हमले </w></man_made_event><w> का </w><w> निशाना </w><w> बन </w><w> चुका </w><w> है। </w><w> इन </w><w> घटनाओं </w><w> के </w><w> पीछे </w><w> जो </w><w> आतंकवादी </w><w> संगठन </w><w> हैं </w><w> , </w><w> उनके </w><w> सिर </w><w> पर </w><w> पाकिस्तान </w><w> का </w><w> हाथ </w><w> है </w><w> और </w><w> पाकिस्तान </w><w> द्वारा </w><w> उन्हें </w><w> मिलने </w><w> वाले </w><w> समर्थन </w><w> में </w><w> भी </w><w> कोई </w><w> कमी </w><w> नहीं </w><w> आई </w><w> है। </w><w> फिर </w><w> भारत </w><w> सरकार </w><w> द्वारा </w><w> लिए </w><w> गए </w><w> फैसलों </w><w> का </w><w> क्या </w><w> आधार </w><w> या </w><w> औचित्य </w><w> है </w><w> ? </w><w> यदि </w><w> ध्यान </w><w> से </w><w> देखा </w><w> जाए </w><w> तो </w><w> भारत </w><w> द्वारा </w><w> पाकिस्तान </w><w> के </w><w> सामने </w><w> रखे </w><w> गए </w><w> प्रस्तावों </w><w> में </w><w> से </w><w> कई </w><w> ऐसे </w><w> हैं </w><w> जिनके </w><w> पीछे </w><w> कोई </w><w> नई </w><w> पहल </w><w> करने </w><w> के </w><w> लिए </w><w> आवश्यक </w><w> कल्पना </w><w> शक्ति </w><w> या </w><w> निर्णय </w><w> लेने </w><w> की </w><w> क्षमता </w><w> नहीं </w><w> , </w><w> बल्कि </w><w> भारत </w><w> की </w><w> विवशताजन्य </w><w> दयनीयता </w><w> है। </w><w> यह </w><w> केवल </w><w> अपने </w><w> उन </w><w> हाथों </w><w> को </w><w> खोलने </w><w> की </w><w> कोशिश </w><w> है </w><w> , </w><w> जिन्हें </w><w> हमने </w><w> स्वयं </w><w> बांध </w><w> रखा </w><w> है। </w><w> इसके </w><w> साथ </w><w> ही </w><w> यह </w><w> वाजपेयी </w><w> सरकार </w><w> की </w><w> पाकिस्तान </w><w> और </w><w> कश्मीर </w><w> नीति </w><w> की </w><w> विफलता </w><w> की </w><w> भी </w><w> परोक्ष </w><w> स्वीकारोक्ति </w><w> है। </w><w> भारत </w><w> के </w><w> अधिकतर </w><w> प्रस्तावों </w><w> का </w><w> संबंध </w><w> उन </w><w> कदमों </w><w> को </w><w> वापस </w><w> लेने </w><w> से </w><w> है </w><w> , </w><w> जो </w><w> उसने </w><w> पाकिस्तान </w><w> द्वारा </w><w> जम्मू-कश्मीर </w><w> तथा </w><w> भारत </w><w> के </w><w> अन्य </w><w> भागों </w><w> में </w><w> आतंकवाद </w><w> प्रायोजित </w><w> करने </w><w> से </w><w> क्षुब्ध </w><w> होकर </w><w> उठाए </w><w> थे। </w><w> यह </w><w> कोई </w><w> नई </w><w> शांति </w><w> पहल </w><w> नहीं </w><w> , </w><w> यह </w><w> तो </w><w> अपनी </w><w> गलतियों </w><w> को </w><w> सुधारने </w><w> की </w><w> कोशिश </w><w> है। </w><w> यह </w><w> उस </w><w> अंधी </w><w> गली </w><w> से </w><w> बाहर </w><w> निकलने </w><w> का </w><w> प्रयास </w><w> है </w><w> , </w><w> जिसमें </w><w> हम </w><w> खुद </w><w> ही </w><w> घुसे </w><w> थे। </w><w> यह </w><w> कहना </w><w> ज्यादती </w><w> होगी </w><w> कि </w><w> सभी </w><w> प्रस्ताव </w><w> ऐसे </w><w> हैं। </w><w> श्रीनगर </w><w> से </w><w> मुजफ्फराबाद </w><w> के </w><w> बीच </w><w> बस </w><w> सेवा </w><w> शुरू </w><w> करना </w><w> , </w><w> राजस्थान </w><w> और </w><w> सिंध </w><w> को </w><w> रेल </w><w> या </w><w> बस </w><w> मार्ग </w><w> से </w><w> जोड़ना </w><w> , </w><w> एक-दूसरे </w><w> के </w><w> मछुआरों </w><w> को </w><w> न </w><w> पकड़ना </w><w> और </w><w> नागरिकों </w><w> की </w><w> सहूलियत </w><w> के </w><w> लिए </w><w> वीजा </w><w> शिविर </w><w> लगाना- </w><w> ये </w><w> प्रस्ताव </w><w> जरूर </w><w> ऐसे </w><w> हैं </w><w> जिनमें </w><w> वाजपेयी </w><w> सरकार </w><w> की </w><w> कल्पनाशीलता </w><w> और </w><w> आत्मविश्वास </w><w> झलकते </w><w> हैं। </w><w> इनके </w><w> अलावा </w><w> अन्य </w><w> प्रस्तावों </w><w> में </w><w> केवल </w><w> कदमताल </w><w> है </w><w> , </w><w> आगे </w><w> की </w><w> ओर </w><w> बढ़ने </w><w> का </w><w> प्रयास </w><w> नहीं। </w><w> हमारी </w><w> कभी </w><w> भी </w><w> पाकिस्तान </w><w> के </w><w> प्रति </w><w> सुचिंतित </w><w> एवं </w><w> स्थिर </w><w> नीति </w><w> नहीं </w><w> रही। </w><w> नीति </w><w> संबंधी </w><w> इस </w><w> ढुलमुलपन </w><w> ने </w><w> हमारी </w><w> विश्वसनीयता </w><w> को </w><w> भी </w><w> क्षति </w><w> पहुँचाई </w><w> है। </w><w> करगिल </w><w> युद्ध </w><w> के </w><w> बाद </w><w> भारत </w><w> ने </w><w> घोषणा </w><w> की </w><w> कि </w><w> जब </w><w> तक </w><w> पाकिस्तान </w><w> सीमा </w><w> पार </w><w> से </w><w> होने </w><w> वाले </w><w> आतंकवाद </w><w> को </w><w> समर्थन </w><w> देना </w><w> बंद </w><w> नहीं </w><w> करता </w><w> , </w><w> उसके </w><w> साथ </w><w> बातचीत </w><w> नहीं </w><w> की </w><w> जाएगी। </w><w> उधर </w><w> पाकिस्तान </w><w> हर </w><w> मंच </w><w> से </w><w> घोषणा </w><w> करता </w><w> रहा </w><w> कि </w><w> वह </w><w> तो </w><w> भारत </w><w> के </w><w> साथ </w><w> बातचीत </w><w> करके </w><w> कश्मीर </w><w> समस्या </w><w> को </w><w> सुलझाने </w><w> को </w><w> आतुर </w><w> है </w><w> , </w><w> लेकिन </w><w> भारत </w><w> की </w><w> इसमें </w><w> कोई </w><w> दिलचस्पी </w><w> नहीं। </w><w> इस </w><w> सबसे </w><w> अंतरराष्ट्रीय </w><w> समुदाय </w><w> में </w><w> भी </w><w> बेचैनी </w><w> पैदा </w><w> हुई </w><w> , </w><w> क्योंकि </w><w> आणविक </w><w> हथियारों </w><w> से </w><w> लैस </w><w> दो </w><w> पड़ोसी </w><w> शत्रु </w><w> देशों </w><w> के </w><w> बीच </w><w> संवादहीनता </w><w> सचमुच </w><w> खतरनाक </w><w> सिद्ध </w><w> हो </w><w> सकती </w><w> है। </w><w> सरकार </w><w> की </w><w> इस </w><w> नीति </w><w> को </w><w> विपक्ष </w><w> का </w><w> समर्थन </w><w> नहीं </w><w> मिला </w><w> , </w><w> लेकिन </w><w> वह </w><w> इस </w><w> पर </w><w> चलती </w><w> रही। </w><w> शुरू </w><w> में </w><w> ऐसे </w><w> संकेत </w><w> भी </w><w> दिए </w><w> गए </w><w> कि </w><w> भारत </w><w> एक </w><w> लोकतांत्रिक </w><w> देश </w><w> होने </w><w> के </w><w> नाते </w><w> नवाज </w><w> शरीफ </w><w> सरकार </w><w> का </w><w> तख्तापलट </w><w> करके </w><w> सत्ता </w><w> में </w><w> आए </w><w> सैनिक </w><w> तानाशाह </w><w> जनरल </w><w> परवेज </w><w> मुशर्रफ </w><w> से </w><w> बात </w><w> नहीं </w><w> करना </w><w> चाहता। </w><w> लेकिन </w><w> फिर </w><w> अचानक </w><w> वह </w><w> नीति </w><w> बदल </w><w> दी </w><w> गई </w><w> और </w><w> मुशर्रफ </w><w> को </w><w> आगरा </w><w> आने </w><w> का </w><w> निमंत्रण </w><w> दे </w><w> दिया </w><w> गया। </w><w> उनके </w><w> आने </w><w> के </w><w> पहले </w><w> ही </w><w> हम </w><w> उनके </w><w> प्रति </w><w> इतने </w><w> अधिक </w><w> भावाकुल </w><w> हो </w><w> गए </w><w> कि </w><w> विधिवत </w><w> राष्ट्रपति </w><w> बनने </w><w> के </w><w> पहले </w><w> ही </w><w> प्रधानमंत्री </w><w> अटल </w><w> बिहारी </w><w> वाजपेयी </w><w> ने </w><w> मुशर्रफ </w><w> को </w><w> मुबारकबाद </w><w> भी </w><w> दे </w><w> डाली। </w><w> आगरा </w><w> शिखर </w><w> सम्मेलन </w><w> की </w><w> विफलता </w><w> के </w><w> बाद </w><place-arg id="3"><link event_arg="2" id="4" type_rel="EVENT_ARG"/><w> जम्मू-कश्मीर </w><w> विधानसभा </w><w> और </w><w> भारतीय </w><w> संसद </w></place-arg><w> पर </w><w> हुए </w><w> जबर्दस्त </w><man_made_event id="2" type="TERRORIST_ATTACK"><w> आतंकवादी </w><w> हमलों </w></man_made_event><w> के </w><w> बाद </w><w> हमने </w><w> फिर </w><w> से </w><w> पाकिस्तान </w><w> से </w><w> कुट्टी </w><w> कर </w><w> ली </w><w> , </w><w> वायु </w><w> संपर्क </w><w> तोड़ </w><w> लिए </w><w> , </w><w> उच्चायोग </w><w> में </w><w> कर्मचारियों </w><w> की </w><w> संख्या </w><w> घटा </w><w> दी </w><w> , </w><w> अपने </w><w> उच्चायुक्त </w><w> को </w><w> इस्लामाबाद </w><w> से </w><w> वापस </w><w> बुला </w><w> लिया </w><w> और </w><w> महीनों </w><w> तक </w><w> पाकिस्तानी </w><w> उच्चायुक्त </w><w> की </w><w> अनदेखी </w><w> कर </w><w> उप </w><w> उच्चायुक्त </w><w> के </w><w> साथ </w><w> बात </w><w> करते </w><w> रहे। </w><w> दस </w><w> माह </w><w> तक </w><w> सेना </w><w> को </w><w> सीमा </w><w> पर </w><w> तैनात </w><w> कर </w><w> दिया </w><w> गया। </w><w> फिर </w><w> एकाएक </w><w> इन </w><w> सभी </w><w> निर्णयों </w><w> को </w><w> एक-एक </w><w> कर </w><w> उलटना </w><w> शुरू </w><w> किया। </w><w> गत </w><w> 22 </w><w> अक्टूबर </w><w> को </w><w> किए </w><w> गए </w><w> प्रस्ताव </w><w> इसी </w><w> शृंखला </w><w> की </w><w> कड़ी </w><w> हैं। </w><w> सबसे </w><w> अधिक </w><w> हास्यास्पद </w><w> स्थिति </w><w> खेलों </w><w> की </w><w> रही। </w><w> हम </w><w> पाकिस्तान </w><w> के </w><w> साथ </w><w> त्रिकोणीय </w><w> या </w><w> बहुकोणीय </w><w> टूर्नामेंटों </w><w> में </w><w> तो </w><w> खेलते </w><w> रहे </w><w> , </w><w> लेकिन </w><w> द्विपक्षीय </w><w> स्तर </w><w> पर </w><w> खेलने </w><w> से </w><w> बचते </w><w> रहे। </w><w> पाकिस्तान </w><w> इसके </w><w> विरुद्ध </w><w> बावेला </w><w> करता </w><w> रहा। </w><w> अब </w><w> यदि </w><w> पाकिस्तान </w><w> भारत </w><w> के </w><w> प्रस्ताव </w><w> को </w><w> स्वीकार </w><w> कर </w><w> लेता </w><w> है </w><w> , </w><w> तो </w><w> खेलप्रेमियों </w><w> के </w><w> लिए </w><w> यह </w><w> बहुत </w><w> बड़ी </w><w> खुशखबरी </w><w> होगी। </w><w> रेल </w><w> सम्पर्क </w><w> बहाल </w><w> करने </w><w> को </w><w> वायु </w><w> सम्पर्क </w><w> की </w><w> बहाली </w><w> से </w><w> जोड़कर </w><w> सरकार </w><w> कोई </w><w> बहुत </w><w> बुद्धिमत्ता </w><w> का </w><w> काम </w><w> नहीं </w><w> कर </w><w> रही। </w><w> वायु </w><w> संपर्क </w><w> भारत </w><w> ने </w><w> ही </w><w> तोड़ा </w><w> था </w><w> , </w><w> जिसके </w><w> कारण </w><w> मुशर्रफ </w><w> को </w><w> चीन </w><w> होते </w><w> हुए </w><w> काठमांडू </w><w> जाना </w><w> पड़ा </w><w> था। </w><w> आम </w><w> आदमी </w><w> के </w><w> लिए </w><w> बस </w><w> और </w><w> रेल </w><w> का </w><w> अधिक </w><w> महत्व </w><w> है। </w><w> इसलिए </w><w> रेल </w><w> और </w><w> बस </w><w> सम्पर्कों </w><w> की </w><w> बहाली </w><w> और </w><w> उनमें </w><w> विस्तार </w><w> की </w><w> भारतीय </w><w> और </w><w> पाकिस्तानी </w><w> यात्रियों </w><w> को </w><w> बेताबी </w><w> से </w><w> प्रतीक्षा </w><w> है। </w><w> अच्छा </w><w> होता </w><w> यदि </w><w> इन्हें </w><w> वायु </w><w> सम्पर्क </w><w> की </w><w> बहाली </w><w> से </w><w> न </w><w> जोड़ा </w><w> जाता। </w><w> वाजपेयी </w><w> सरकार </w><w> ने </w><w> जो </w><w> प्रक्रिया </w><w> शुरू </w><w> की </w><w> है </w><w> , </w><w> उसकी </w><w> परिणति </w><w> पहले </w><w> विदेश </w><w> सचिवों </w><w> , </w><w> फिर </w><w> विदेश </w><w> मंत्रियों </w><w> और </w><w> अंतत: </w><w> शासनाध्यक्षों </w><w> के </w><w> बीच </w><w> वार्ता </w><w> में </w><w> होनी </w><w> चाहिए। </w><w> वार्ताओं </w><w> की </w><w> विफलता </w><w> के </w><w> कारण </w><w> संवाद </w><w> की </w><w> प्रक्रिया </w><w> अवरुद्ध </w><w> नहीं </w><w> होनी </w><w> चाहिए। </w><w> इसके </w><w> साथ </w><w> ही </w><w> सरकार </w><w> को </w><w> देश </w><w> के </w><w> भीतर </w><w> विभिन्न </w><w> विचार </w><w> वाले </w><w> दलों </w><w> और </w><w> व्यक्तियों </w><w> के </w><w> साथ </w><w> संवाद </w><w> शुरू </w><w> करके </w><w> राष्ट्रीय </w><w> आम </w><w> राय </w><w> बनाने </w><w> की </w><w> कोशिश </w><w> भी </w><w> करनी </w><w> चाहिए </w><w> , </w><w> ताकि </w><w> जम्मू-कश्मीर </w><w> के </w><w> बारे </w><w> में </w><w> जब </w><w> भी </w><w> पाकिस्तान </w><w> के </w><w> साथ </w><w> बात </w><w> हो </w><w> सरकार </w><w> उसके </w><w> सामने </w><w> ऐसा </w><w> प्रस्ताव </w><w> पेश </w><w> कर </w><w> सके </w><w> जिसके </w><w> पीछे </w><w> पूरे </w><w> भारत </w><w> की </w><w> सहमति </w><w> हो। </w><w> अलगाववादी </w><w> हुर्रियत </w><w> कांफ्रेंस </w><w> से </w><w> उप </w><w> प्रधानमंत्री </w><w> के </w><w> स्तर </w><w> पर </w><w> बात </w><w> करने </w><w> का </w><w> फैसला </w><w> लेकर </w><w> वाजपेयी </w><w> सरकार </w><w> ने </w><w> व्यावहारिकता </w><w> का </w><w> परिचय </w><w> दिया </w><w> है। </w><w> हुर्रियत </w><w> कांफ्रेंस </w><w> का </w><w> प्रभाव </w><w> भले </w><w> ही </w><w> उतना </w><w> न </w><w> हो </w><w> जितना </w><w> वह </w><w> दिखाती </w><w> है </w><w> , </w><w> लेकिन </w><w> कश्मीरियों </w><w> के </w><w> एक </w><w> तबके </w><w> का </w><w> वह </w><w> निश्चित </w><w> रूप </w><w> से </w><w> प्रतिनिधित्व </w><w> करती </w><w> है। </w><w> यह </w><w> तबका </w><w> कश्मीर </w><w> की </w><w> आजादी </w><w> के </w><w> दिवास्वप्न </w><w> में </w><w> खोया </w><w> हुआ </w><w> है। </w><w> सरकार </w><w> का </w><w> काम </w><w> इस </w><w> वर्ग </w><w> को </w><w> आतंकवादी </w><w> संगठनों </w><w> के </w><w> चंगुल </w><w> से </w><w> मुक्त </w><w> कर </w><w> यह </w><w> समझाना </w><w> है </w><w> कि </w><w> स्विट्जरलैंड </w><w> जैसा </w><w> देश </w><w> बनना </w><w> कश्मीर </w><w> के </w><w> लिए </w><w> किन </w><w> कारणों </w><w> से </w><w> संभव </w><w> नहीं </w><w> है। </w><w> जब </w><w> तक </w><w> कश्मीर </w><w> के </w><w> अंदरूनी </w><w> हालात </w><w> नहीं </w><w> सुधरते </w><w> , </w><w> पाकिस्तान </w><w> का </w><w> मनोबल </w><w> नहीं </w><w> गिरेगा। </w><w> हुर्रियत </w><w> कांफ्रेंस </w><w> की </w><w> मांग </w><w> रही </w><w> है </w><w> कि </w><w> उसे </w><w> प्रत्यक्ष </w><w> या </w><w> परोक्ष </w><w> रूप </w><w> से </w><w> पाकिस्तान </w><w> के </w><w> साथ </w><w> बातचीत </w><w> में </w><w> शामिल </w><w> किया </w><w> जाए </w><w> , </w><w> क्योंकि </w><w> एकमात्र </w><w> वही </w><w> कश्मीरियों </w><w> की </w><w> प्रतिनिधि </w><w> है। </w><w> राज्य </w><w> विधानसभा </w><w> चुनाव </w><w> के </w><w> बाद </w><w> उसका </w><w> यह </w><w> दावा </w><w> कमजोर </w><w> पड़ा </w><w> है। </w><w> वह </w><w> इन </w><w> चुनावों </w><w> के </w><w> स्वतंत्र </w><w> और </w><w> निष्पक्ष </w><w> चरित्र </w><w> पर </w><w> कितना </w><w> ही </w><w> संदेह </w><w> क्यों </w><w> न </w><w> करे </w><w> , </w><w> अंतरराष्ट्रीय </w><w> समुदाय </w><w> अपने </w><w> राजनयिकों </w><w> और </w><w> मीडिया </w><w> के </w><w> जरिए </w><w> जान </w><w> गया </w><w> है </w><w> कि </w><w> आतंकवाद </w><w> की </w><w> छाया </w><w> में </w><w> जितना </w><w> स्वतंत्र </w><w> और </w><w> निष्पक्ष </w><w> चुनाव </w><w> संभव </w><w> था </w><w> , </w><w> उतना </w><w> हुआ। </w><w> हुर्रियत </w><w> के </w><w> कमजोर </w><w> पड़ने </w><w> के </w><w> कारण </w><w> ही </w><w> सैयद </w><w> अली </w><w> शाह </w><w> गिलानी </w><w> ने </w><w> अपनी </w><w> खिचड़ी </w><w> अलग </w><w> पकाने </w><w> की </w><w> सोची </w><w> है। </w><w> अब </w><w> यदि </w><w> आडवाणी </w><w> हुर्रियत </w><w> नेताओं </w><w> से </w><w> बात </w><w> करते </w><w> हैं </w><w> , </w><w> तो </w><w> इन </w><w> नेताओं </w><w> का </w><w> अहं </w><w> भी </w><w> तुष्ट </w><w> होगा </w><w> और </w><w> आडवाणी </w><w> उनकी </w><w> मांग </w><w> की </w><w> अव्यावहारिकता </w><w> भी </w><w> उन्हें </w><w> समझा </w><w> पाएंगे। </w><w> आशा </w><w> की </w><w> जानी </w><w> चाहिए </w><w> कि </w><w> इस </w><w> बार </w><w> सरकार </w><w> एक </w><w> कदम </w><w> आगे </w><w> बढ़ा </w><w> कर </w><w> दो </w><w> कदम </w><w> पीछे </w><w> नहीं </w><w> हटाएगी। </w></p></document>