<?xml version="1.0" encoding="UTF-8"?>
<document><p><w> navbharat_2003_10_23_248697 </w></p><p><w> जिलानी </w><w> के </w><w> बचाव </w><w> में </w><w> शिक्षक </w><w> मानवाधिकार </w><w> आयोग </w><w> तक </w><w> गए </w></p><p><w> नगर </w><w> संवाददाता </w><w> नई </w><w> दिल्ली: </w><time-arg id="1"><link event_arg="0" id="5" type_rel="EVENT_ARG"/><w> 13 </w><w> दिसंबर </w><w> , </w><w> 2001 </w></time-arg><w> को </w><place-arg id="2"><link event_arg="0" id="6" type_rel="EVENT_ARG"/><w> संसद </w></place-arg><w> पर </w><w> हुए </w><man_made_event id="0" type="TERRORIST_ATTACK"><w> हमले </w></man_made_event><w> के </w><w> आरोपी </w><w> शिक्षक </w><w> एसएआर </w><w> जिलानी </w><w> के </w><w> बचाव </w><w> में </w><w> दिल्ली </w><w> विश्वविद्यालय </w><w> के </w><w> शिक्षक </w><w> ने </w><w> अब </w><w> राष्ट्रीय </w><w> मानवाधिकार </w><w> आयोग </w><w> के </w><w> अध्यक्ष </w><w> तक </w><w> अपनी </w><w> बात </w><w> पहुंचाई </w><w> है। </w><w> जिलानी </w><w> के </w><w> पक्ष </w><w> में </w><w> करीब </w><w> 250 </w><w> लोगों </w><w> के </w><w> हस्ताक्षरों </w><w> वाला </w><w> एक </w><w> पत्र </w><w> आयोग </w><w> के </w><w> अध्यक्ष </w><w> को </w><w> सौंपा </w><w> गया </w><w> है </w><w> , </w><w> जिसमें </w><w> कहा </w><w> गया </w><w> है </w><w> कि </w><w> जिलानी </w><w> को </w><w> न्याय </w><w> से </w><w> दूर </w><w> रखा </w><w> गया </w><w> है। </w><w> उल्लेखनीय </w><w> है </w><w> कि </w><w> स्पेशल </w><w> कोर्ट </w><w> जिलानी </w><w> को </w><w> मौत </w><w> की </w><w> सजा </w><w> सुना </w><w> चुकी </w><w> है। </w><w> दिल्ली </w><w> यूनिवर्सिटी </w><w> टीचर्स </w><w> इन </w><w> डिफेंस </w><w> ऑफ </w><w> एसएआर </w><w> जिलानी </w><w> के </w><w> संयोजक </w><w> नीरज </w><w> मलिक </w><w> और </w><w> तृप्ता </w><w> वाही </w><w> ने </w><w> आयोग </w><w> के </w><w> अध्यक्ष </w><w> को </w><w> लिखे </w><w> पत्र </w><w> में </w><w> कहा </w><w> है </w><w> कि </w><w> 13 </w><w> दिसंबर </w><w> की </w><w> घटना </w><w> के </w><w> आरोपी </w><w> जिलानी </w><w> को </w><w> न्याय </w><w> तक </w><w> नहीं </w><w> पहुंचने </w><w> दिया </w><w> गया। </w><w> संस्था </w><w> के </w><w> नेताओं </w><w> ने </w><w> कहा </w><w> कि </w><w> अपने </w><w> भाई </w><w> से </w><w> कश्मीरी </w><w> में </w><w> बात </w><w> करने </w><w> के </w><w> आधार </w><w> पर </w><w> ही </w><w> उन्हें </w><w> कठघरे </w><w> में </w><w> खड़ा </w><w> कर </w><w> दिया </w><w> गया। </w><w> शिक्षकों </w><w> ने </w><w> कहा </w><w> कि </w><w> कुछ </w><w> कॉल्स </w><w> के </w><w> बारे </w><w> में </w><w> जिलानी </w><w> अपना </w><w> पक्ष </w><w> रखने </w><w> की </w><w> इजाजत </w><w> चाहते </w><w> थे </w><w> , </w><w> लेकिन </w><w> उन्हें </w><w> इसकी </w><w> अनुमति </w><w> नहीं </w><w> दी </w><w> गई। </w><w> शिक्षकों </w><w> ने </w><w> आयोग </w><w> के </w><w> अध्यक्ष </w><w> से </w><w> अनुरोध </w><w> किया </w><w> है </w><w> कि </w><w> वह </w><w> इस </w><w> मामले </w><w> में </w><w> दखल </w><w> दें। </w><w> शिक्षकों </w><w> के </w><w> अनुसार </w><w> , </w><w> एक </w><w> निर्दोष </w><w> आदमी </w><w> की </w><w> जिंदगी </w><w> दांव </w><w> पर </w><w> है </w><w> और </w><w> भारतीय </w><w> लोकतंत्र </w><w> की </w><w> प्रतिष्ठा </w><w> भी। </w><w> जिलानी </w><w> के </w><w> पक्ष </w><w> में </w><w> आए </w><w> इन </w><w> शिक्षकों </w><w> का </w><w> कहना </w><w> है </w><w> कि </w><place-arg id="4"><link event_arg="3" id="7" type_rel="EVENT_ARG"/><w> संसद </w></place-arg><w> पर </w><man_made_event id="3" type="TERRORIST_ATTACK"><event-coref-link event_id="0" id="8" type_rel="EVENT_COREF"></event-coref-link><w> हमला </w></man_made_event><w> करने </w><w> वाले </w><w> आतंकवादियों </w><w> से </w><w> जिलानी </w><w> का </w><w> कोई </w><w> संबंध </w><w> जाहिर </w><w> नहीं </w><w> हुआ </w><w> और </w><w> न </w><w> ही </w><w> उनके </w><w> घर </w><w> से </w><w> व </w><w> उनके </w><w> पास </w><w> से </w><w> किसी </w><w> भी </w><w> तरह </w><w> के </w><w> हथियार </w><w> व </w><w> आपत्तिजनक </w><w> दस्तावेज </w><w> बरामद </w><w> हुए </w><w> हैं। </w><w> शिक्षकों </w><w> के </w><w> अनुसार </w><w> , </w><w> विश्वविद्यालय </w><w> के </w><w> कई </w><w> शिक्षक </w><w> जिलानी </w><w> को </w><w> व्यक्तिगत </w><w> रूप </w><w> से </w><w> जानते </w><w> हैं </w><w> और </w><w> वह </w><w> एक </w><w> अच्छे </w><w> विद्वान </w><w> हैं। </w><w> शिक्षकों </w><w> ने </w><w> जिलानी </w><w> पर </w><w> एक </w><w> विवादास्पद </w><w> खबर </w><w> दिखाने </w><w> के </w><w> लिए </w><w> एक </w><w> टीवी </w><w> चैनल </w><w> को </w><w> भी </w><w> जमकर </w><w> कोसा </w><w> है। </w></p></document>