<?xml version="1.0" encoding="UTF-8"?>
<document><p><w> navbharat_2003_10_28_255440 </w></p><p><w> जंग </w><w> की </w><w> धमकियों </w><w> के </w><w> बीच </w><w> रमजान </w><w> लाया </w><w> मुहब्बत </w><w> का </w><w> रंग </w></p><p><w> नभाटा </w><w> समाचार </w><w> वाघा </w><w> सीमा </w><w> (अमृतसर): </w><place-arg id="1"><link event_arg="0" id="4" type_rel="EVENT_ARG"/><w> संसद </w><w> भवन </w></place-arg><w> पर </w><time-arg id="2"><link event_arg="0" id="3" type_rel="EVENT_ARG"/><w> दिसम्बर </w><w> 2001 </w></time-arg><w> को </w><w> हुए </w><man_made_event id="0" type="TERRORIST_ATTACK"><w> आतंकवादी </w><w> हमले </w></man_made_event><w> के </w><w> बाद </w><w> ताहिरा </w><w> हजूर </w><w> पाकिस्तान </w><w> की </w><w> ऐसी </w><w> पहली </w><w> युवती </w><w> बन </w><w> गई </w><w> है </w><w> , </w><w> जो </w><w> एक </w><w> भारतीय </w><w> युवक </w><w> से </w><w> निकाह </w><w> करने </w><w> के </w><w> लिए </w><w> लाहौर-दिल्ली </w><w> सद्भावना </w><w> बस </w><w> में </w><w> बैठकर </w><w> मंगलवार </w><w> को </w><w> भारत </w><w> पहुंची। </w><w> ताहिरा </w><w> पाकिस्तान </w><w> के </w><w> पंजाब </w><w> प्रांत </w><w> के </w><w> शहर </w><w> फैसलाबाद </w><w> की </w><w> रहने </w><w> वाली </w><w> है </w><w> , </w><w> उसके </w><w> पिता </w><w> हजूर </w><w> अहमद </w><w> पेशे </w><w> से </w><w> डॉक्टर </w><w> हैं </w><w> और </w><w> मां </w><w> नसीरा </w><w> एक </w><w> गृहणी। </w><w> इस </w><w> परिवार </w><w> का </w><w> संबंध </w><w> अहमदिया </w><w> मुस्लिम </w><w> समुदाय </w><w> से </w><w> है </w><w> , </w><w> जिन्हें </w><w> पाकिस्तान </w><w> में </w><w> मौलिक </w><w> अधिकार </w><w> भी </w><w> हासिल </w><w> नहीं </w><w> हैं। </w><w> वाघा </w><w> सीमा </w><w> पर </w><w> ताहिरा </w><w> का </w><w> स्वागत </w><w> करने </w><w> के </w><w> लिए </w><w> उसका </w><w> होने </w><w> वाला </w><w> पति </w><w> मकबूल </w><w> अहमद </w><w> अपने </w><w> रिश्तेदारों </w><w> के </w><w> साथ </w><w> वहां </w><w> पहुंचा </w><w> हुआ </w><w> था। </w><w> मंगलवार </w><w> सुबह </w><w> लगभग </w><w> नौ </w><w> बजे </w><w> जैसे </w><w> भारत-पाक </w><w> सीमा </w><w> का </w><w> दरवाजा </w><w> खुला </w><w> और </w><w> सामने </w><w> से </w><w> बस </w><w> आते </w><w> दिखाई </w><w> दी </w><w> , </w><w> मकबूल </w><w> की </w><w> खुशी </w><w> का </w><w> ठिकाना </w><w> न </w><w> रहा। </w><w> बस </w><w> कस्टम </w><w> हाल </w><w> के </w><w> सामने </w><w> जब </w><w> रुकी </w><w> तो </w><w> उसमें </w><w> से </w><w> उतरने </w><w> वाली </w><w> पहली </w><w> मुसाफिर </w><w> ताहिरा </w><w> ही </w><w> थी। </w><w> उसने </w><w> बुर्का </w><w> पहन </w><w> रखा </w><w> था </w><w> और </w><w> हाथ </w><w> में </w><w> भारतीय </w><w> तिरंगा </w><w> था। </w><w> मकबूल </w><w> ने </w><w> ताहिरा </w><w> के </w><w> गले </w><w> में </w><w> माला </w><w> पहना </w><w> कर </w><w> उसका </w><w> गर्मजोशी </w><w> से </w><w> स्वागत </w><w> किया। </w><w> मकबूल </w><w> और </w><w> ताहिरा </w><w> की </w><w> मंगनी </w><w> मार्च </w><w> 2001 </w><w> में </w><w> फैसलाबाद </w><w> में </w><w> हुई </w><w> थी। </w><w> पहली </w><w> भेंट </w><w> में </w><w> ही </w><w> ताहिरा </w><w> को </w><w> मकबूल </w><w> से </w><w> प्यार </w><w> हो </w><w> गया </w><w> था। </w><w> दिसंबर </w><w> 2001 </w><w> के </w><w> आखिरी </w><w> हफ्ते </w><w> में </w><w> दोनों </w><w> की </w><w> शादी </w><w> भारत </w><w> में </w><w> करने </w><w> का </w><w> कार्यक्रम </w><w> तय </w><w> हुआ। </w><w> दुर्भाग्य </w><w> से </w><w> यह </w><w> दिन </w><w> आने </w><w> से </w><w> पहले </w><w> ही </w><w> भारत-पाक </w><w> संबंधों </w><w> में </w><w> दरार </w><w> पड़ </w><w> गई </w><w> , </w><w> जिसके </w><w> बाद </w><w> यह </w><w> शादी </w><w> खटाई </w><w> में </w><w> पड़ </w><w> गई। </w><w> काफी </w><w> इंतजार </w><w> के </w><w> बाद </w><w> मकबूल </w><w> ने </w><w> ताहिरा </w><w> को </w><w> संदेश </w><w> भेजा </w><w> कि </w><w> अब </w><w> शायद </w><w> हालात </w><w> जल्दी </w><w> ठीक </w><w> न </w><w> हों </w><w> इसलिए </w><w> अगर </w><w> वह </w><w> पाकिस्तान </w><w> में </w><w> ही </w><w> किसी </w><w> युवक </w><w> से </w><w> शादी </w><w> करना </w><w> चाहती </w><w> है </w><w> तो </w><w> वह </w><w> इसके </w><w> लिए </w><w> आजाद </w><w> है। </w><w> ताहिरा </w><w> का </w><w> जवाब </w><w> आया </w><w> कि </w><w> वह </w><w> लंबे </w><w> समय </w><w> तक </w><w> इंतजार </w><w> कर </w><w> लेगी </w><w> पर </w><w> शादी </w><w> मकबूल </w><w> से </w><w> ही </w><w> करेगी। </w><w> ताहिरा </w><w> ने </w><w> वाघा </w><w> बार्डर </w><w> पर </w><w> नभाटा </w><w> को </w><w> बताया </w><w> कि </w><w> उसे </w><w> बड़ी </w><w> मुश्किलों </w><w> के </w><w> बाद </w><w> शादी </w><w> के </w><w> लिए </w><w> दो </w><w> महीने </w><w> का </w><w> वीजा </w><w> मिला </w><w> है </w><w> लेकिन </w><w> उसके </w><w> मां-बाप </w><w> शादी </w><w> में </w><w> शामिल </w><w> नहीं </w><w> हो </w><w> सकेंगे। </w><w> उसने </w><w> ख्वाहिश </w><w> जताई </w><w> कि </w><w> जिन </w><w> लड़कों </w><w> या </w><w> लड़कियों </w><w> के </w><w> निकाह </w><w> भारत </w><w> या </w><w> पाकिस्तान </w><w> में </w><w> तय </w><w> हो </w><w> चुके </w><w> हैं। </w><w> दोनों </w><w> देशों </w><w> को </w><w> उन्हें </w><w> उदारता </w><w> से </w><w> वीजा </w><w> देना </w><w> चाहिए। </w><w> इस </w><w> अवसर </w><w> पर </w><w> मकबूल </w><w> ने </w><w> कहा </w><w> कि </w><w> मंगलवार </w><w> को </w><w> रमजान </w><w> का </w><w> पहला </w><w> दिन </w><w> है। </w><w> खुदा </w><w> ने </w><w> इस </w><w> मुबारक </w><w> दिन </w><w> में </w><w> उसे </w><w> ताहिरा </w><w> के </w><w> रूप </w><w> में </w><w> अनमोल </w><w> तोहफा </w><w> दिया </w><w> है </w><w> इसलिए </w><w> यह </w><w> दिन </w><w> उसके </w><w> लिए </w><w> ईद </w><w> से </w><w> कम </w><w> नहीं </w><w> है। </w><w> उसने </w><w> बताया </w><w> कि </w><w> उनका </w><w> निकाह </w><w> 7 </w><w> नवंबर </w><w> को </w><w> कादिया </w><w> में </w><w> होगा। </w><w> रुखसत </w><w> होने </w><w> की </w><w> रस्में </w><w> रमजान </w><w> का </w><w> महीना </w><w> खत्म </w><w> होने </w><w> पर </w><w> पूरी </w><w> की </w><w> जाएंगी। </w><w> जब </w><w> उससे </w><w> पूछा </w><w> गया </w><w> कि </w><w> इतने </w><w> दिन </w><w> ताहिरा </w><w> कहां </w><w> रहेगी </w><w> , </w><w> तो </w><w> उसने </w><w> हंसते </w><w> हुए </w><w> जवाब </w><w> दिया </w><w> कि </w><w> शायद </w><w> घर </w><w> वाले </w><w> उसे </w><w> ही </w><w> घर </w><w> से </w><w> बाहर </w><w> करके </w><w> ताहिरा </w><w> को </w><w> अपने </w><w> पास </w><w> रखें। </w><w> उसने </w><w> भारत </w><w> सरकार </w><w> व </w><w> पूर्व </w><w> प्रधानमंत्री </w><w> इंदकुमार </w><w> गुजराल </w><w> और </w><w> उन </w><w> लोगों </w><w> का </w><w> धन्यवाद </w><w> किया </w><w> , </w><w> जिन्होंने </w><w> ताहिरा </w><w> को </w><w> वीजा </w><w> दिलाने </w><w> के </w><w> लिए </w><w> उसकी </w><w> मदद </w><w> की। </w></p></document>