<?xml version="1.0" encoding="UTF-8"?>
<document><p><w> navbharat_2003_10_29_257383 </w></p><p><w> संसद </w><w> पर </w><w> हमले </w><w> के </w><w> दो </w><w> अभियुक्तों </w><w> को </w><w> फांसी </w><w> की </w><w> पुष्टि, </w><w> दो </w><w> अन्य </w><w> बरी </w></p><p><w> विवेक </w><w> वार्ष्णेय </w><w> नई </w><w> दिल्ली: </w><w> दिल्ली </w><w> हाई </w><w> कोर्ट </w><w> ने </w><w> दिल्ली </w><w> विश्वविद्यालय </w><w> के </w><w> प्रोफेसर </w><w> सहित </w><place-arg id="1"><link event_arg="0" id="9" type_rel="EVENT_ARG"/><w> संसद </w></place-arg><w> पर </w><man_made_event id="0" type="TERRORIST_ATTACK"><w> हमले </w></man_made_event><w> के </w><w> दो </w><w> अभियुक्तों </w><w> को </w><w> बरी </w><w> कर </w><w> दिया </w><w> है। </w><w> पोटा </w><w> अदालत </w><w> ने </w><w> प्रोफेसर </w><w> को </w><w> मौत </w><w> की </w><w> सजा </w><w> सुनाई </w><w> थी। </w><w> इस </w><w> मामले </w><w> में </w><w> अकेली </w><w> महिला </w><w> अभियुक्त </w><w> को </w><w> भी </w><w> हाई </w><w> कोर्ट </w><w> ने </w><w> निर्दोष </w><w> करार </w><w> दिया। </w><w> हाई </w><w> कोर्ट </w><w> ने </w><w> बाकी </w><w> दोनों </w><w> अभियुक्तों </w><w> की </w><w> फांसी </w><w> की </w><w> सजा </w><w> की </w><w> पुष्टि </w><w> की। </w><w> जस्टिस </w><w> उषा </w><w> मेहरा </w><w> और </w><w> जस्टिस </w><w> प्रदीप </w><w> नंदराजोग </w><w> की </w><w> खंडपीठ </w><w> ने </w><w> अभियुक्त </w><w> मोहम्मद </w><w> अफजल </w><w> और </w><w> उसके </w><w> साथी </w><w> शौकत </w><w> हुसैन </w><w> गुरु </w><w> के </w><w> अपराध </w><w> को </w><w> क्रूरतम </w><w> करार </w><w> देते </w><w> हुए </w><w> उनकी </w><w> मौत </w><w> की </w><w> सजा </w><w> बरकरार </w><w> रखी। </w><w> पोटा </w><w> अदालत </w><w> ने </w><w> पहले </w><w> इन </w><w> दोनों </w><w> को </w><w> भारतीय </w><w> दंड </w><w> संहिता </w><w> की </w><w> धारा </w><w> 302 </w><w> और </w><w> पोटा </w><w> की </w><w> धारा </w><w> 3(2) </w><w> के </w><w> तहत </w><w> मृत्युदंड </w><w> की </w><w> सजा </w><w> सुनाई </w><w> थी। </w><w> साथ </w><w> ही </w><w> , </w><w> कोर्ट </w><w> ने </w><w> दोनों </w><w> अभियुक्तों </w><w> को </w><w> भारतीय </w><w> दंड </w><w> संहिता </w><w> की </w><w> धारा </w><w> 121 </w><w> ( </w><w> भारत </w><w> सरकार </w><w> के </w><w> विरुद्ध </w><w> युद्ध </w><w> करना) </w><w> के </w><w> तहत </w><w> भी </w><w> मौत </w><w> की </w><w> सजा </w><w> दी। </w><w> हालांकि </w><w> , </w><w> अतिरिक्त </w><w> सत्र </w><w> न्यायाधीश </w><w> धींगरा </w><w> ने </w><w> 18 </w><w> दिसंबर </w><w> के </w><w> फैसले </w><w> में </w><w> अफजल </w><w> और </w><w> शौकत </w><w> को </w><w> धारा </w><w> 121 </w><w> के </w><w> तहत </w><w> आजीवन </w><w> कारावास </w><w> की </w><w> सजा </w><w> सुनाई </w><w> थी। </w><w> हाई </w><w> कोर्ट </w><w> ने </w><w> इस </w><w> धारा </w><w> के </w><w> तहत </w><w> सुनाई </w><w> गई </w><w> सजा </w><w> को </w><w> फांसी </w><w> में </w><w> तब्दील </w><w> कर </w><w> दिया। </w><w> हाई </w><w> कोर्ट </w><w> ने </w><w> बुधवार </w><w> को </w><w> शौकत </w><w> और </w><w> अफजल </w><w> को </w><w> तीन </w><w> अपराधों </w><w> के </w><w> लिए </w><w> मौत </w><w> की </w><w> सजा </w><w> दी। </w><w> इस </w><w> मामले </w><w> में </w><w> दिल्ली </w><w> पुलिस </w><w> ने </w><w> सभी </w><w> अभियुक्तों </w><w> की </w><w> सजा </w><w> बढ़ाने </w><w> के </w><w> लिए </w><w> अलग </w><w> से </w><w> अपील </w><w> दायर </w><w> की </w><w> थी। </w><w> खंडपीठ </w><w> ने </w><w> कहा </w><w> कि </w><w> दिल्ली </w><w> के </w><w> जाकिर </w><w> हुसैन </w><w> कॉलेज </w><w> के </w><w> प्रोफेसर </w><w> जिलानी </w><w> को </w><place-arg id="3"><link event_arg="2" id="10" type_rel="EVENT_ARG"/><w> संसद </w></place-arg><w> पर </w><man_made_event id="2" type="TERRORIST_ATTACK"><event-coref-link event_id="0" id="14" type_rel="EVENT_COREF"></event-coref-link><w> हमले </w></man_made_event><w> का </w><w> दोषी </w><w> साबित </w><w> करने </w><w> के </w><w> लिए </w><w> अभियोजन </w><w> पक्ष </w><w> के </w><w> पास </w><w> पर्याप्त </w><w> सबूत </w><w> नहीं </w><w> हैं। </w><w> दिल्ली </w><w> पुलिस </w><w> ने </w><w> शौकत </w><w> और </w><w> जिलानी </w><w> के </w><w> बीच </w><w> मोबाइल </w><w> फोन </w><w> पर </w><w> हुई </w><w> बातचीत </w><w> के </w><w> आधार </w><w> पर </w><w> उसे </w><w> अभियुक्त </w><w> बनाया </w><w> था। </w><w> इससे </w><w> पहले </w><w> सत्र </w><w> अदालत </w><w> ने </w><w> दिल्ली </w><w> पुलिस </w><w> के </w><w> सबूतों </w><w> को </w><w> पर्याप्त </w><w> मानते </w><w> हुए </w><w> जिलानी </w><w> को </w><w> दो </w><w> अलग-अलग </w><w> अपराधों </w><w> के </w><w> तहत </w><w> मौत </w><w> की </w><w> सजा </w><w> सुनाई </w><w> थी। </w><w> हाई </w><w> कोर्ट </w><w> ने </w><w> जिलानी </w><w> को </w><w> बरी </w><w> करते </w><w> हुए </w><w> कहा </w><w> कि </w><time-arg id="8"><link event_arg="4" id="11" type_rel="EVENT_ARG"/><w> 13 </w><w> दिसंबर </w><w> , </w><w> 2001 </w></time-arg><w> को </w><place-arg id="6"><link event_arg="4" id="12" type_rel="EVENT_ARG"/><w> संसद </w></place-arg><w> पर </w><man_made_event id="4" type="TERRORIST_ATTACK"><event-coref-link event_id="0" id="15" type_rel="EVENT_COREF"></event-coref-link><w> हमले </w></man_made_event><w> से </w><w> पहले </w><w> और </w><w> उसके </w><w> बाद </w><w> आतंकवादियों </w><w> से </w><w> मोबाइल </w><w> पर </w><w> संपर्क </w><w> रखने </w><w> से </w><w> यह </w><w> साबित </w><w> नहीं </w><w> होता </w><w> कि </w><w> जिलानी </w><w> भी </w><w> इस </w><w> साजिश </w><w> में </w><w> शामिल </w><w> था। </w><w> खंडपीठ </w><w> ने </w><w> साक्ष्य </w><w> अधिनियम </w><w> की </w><w> धारा </w><w> 27 </w><w> का </w><w> जिक्र </w><w> करते </w><w> हुए </w><w> कहा </w><w> कि </w><w> जिलानी </w><w> के </w><w> इकबालिया </w><w> बयान </w><w> के </w><w> आधार </w><w> पर </w><w> कोई </w><w> बरामदगी </w><w> नहीं </w><w> हुई। </w><w> इसलिए </w><w> उसका </w><w> बयान </w><w> कानूनी </w><w> रूप </w><w> से </w><w> मान्य </w><w> नहीं </w><w> है।गौरतलब </w><w> है </w><w> कि </w><w> दिल्ली </w><w> पुलिस </w><w> ने </w><w> घटनास्थल </w><w> से </w><w> मिले </w><w> मोबाइल </w><w> फोन </w><w> के </w><w> आधार </w><w> पर </w><w> जिलानी </w><w> को </w><w> गिरफ्तार </w><w> किया </w><w> था। </w><w> उसकी </w><w> गिरफ्तारी </w><w> के </w><w> बाद </w><w> ही </w><w> पुलिस </w><w> ने </w><w> अफजल </w><w> और </w><w> शौकत </w><w> को </w><w> कश्मीर </w><w> से </w><w> गिरफ्तार </w><w> किया </w><w> था। </w><w> शौकत </w><w> की </w><w> पत्नी </w><w> अफशां </w><w> गुरु </w><w> उर्फ </w><w> नवजोत </w><w> संधू </w><w> को </w><w> भी </w><w> अदालत </w><w> ने </w><w> बरी </w><w> कर </w><w> दिया। </w><w> पोटा </w><w> अदालत </w><w> ने </w><w> उसे </w><w> भारतीय </w><w> दंड </w><w> संहिता </w><w> की </w><w> धारा </w><w> 123 </w><w> ( </w><w> युद्ध </w><w> की </w><w> साजिश </w><w> को </w><w> छिपाना) </w><w> के </w><w> तहत </w><w> पांच </w><w> साल </w><w> के </w><w> कठोर </w><w> कारावास </w><w> का </w><w> दंड </w><w> सुनाया </w><w> था। </w><w> हाई </w><w> कोर्ट </w><w> ने </w><w> कहा </w><w> कि </w><w> आतंकवादियो </w><w> द्वारा </w><w> उसके </w><w> घर </w><w> पनाह </w><w> लेने </w><w> से </w><w> यह </w><w> साबित </w><w> नहीं </w><w> होता </w><w> कि </w><place-arg id="7"><link event_arg="5" id="13" type_rel="EVENT_ARG"/><w> संसद </w></place-arg><w> पर </w><man_made_event id="5" type="TERRORIST_ATTACK"><event-coref-link event_id="0" id="16" type_rel="EVENT_COREF"></event-coref-link><w> हमले </w></man_made_event><w> की </w><w> साजिश </w><w> की </w><w> उसे </w><w> जानकारी </w><w> थी। </w><w> अदालत </w><w> ने </w><w> शौकत </w><w> और </w><w> अफजल </w><w> से </w><w> बरामद </w><w> 10 </w><w> लाख </w><w> रुपये </w><w> भी </w><w> जब्त </w><w> रखने </w><w> का </w><w> आदेश </w><w> दिया। </w></p></document>