<?xml version="1.0" encoding="UTF-8"?>
<document><p><w> navbharat_2003_10_30_258593 </w></p><p><w> भारत </w><w> आतंकवाद </w><w> का </w><w> शिकार </w><w> : </w><w> रोक्का </w></p><p><w> वाशिंगटन </w><w> (भाषा): </w><w> भारत </w><w> को </w><w> आतंकवाद </w><w> का </w><w> शिकार </w><w> देश </w><w> बताते </w><w> हुए </w><w> अमेरिका </w><w> ने </w><w> कहा </w><w> कि </w><w> उसने </w><w> पाकिस्तान </w><w> से </w><w> कहा </w><w> है </w><w> कि </w><w> वह </w><w> अपनी </w><w> जमीन </w><w> से </w><w> सक्रिय </w><w> उग्रवादी </w><w> गुटों </w><w> को </w><w> सीमा </w><w> पार </w><w> जाने </w><w> से </w><w> रोकने </w><w> के </w><w> अपने </w><w> प्रयास </w><w> दोगुने </w><w> कर </w><w> दे। </w><w> अमेरिकी </w><w> विदेश </w><w> उपमंत्री </w><w> क्रिस्टीना </w><w> रोक्का </w><w> ने </w><w> कल </w><w> यहां </w><w> प्रतिनिधि </w><w> सभा </w><w> की </w><w> अंतरराष्ट्रीय </w><w> मामलों </w><w> की </w><w> समिति </w><w> और </w><w> एशिया </w><w> तथा </w><w> प्रशांत </w><w> मामलों </w><w> की </w><w> उप </w><w> समिति </w><w> के </w><w> समक्ष </w><w> कहा </w><w> कि </w><w> अमेरिका </w><w> चाहता </w><w> है </w><w> कि </w><w> पाकिस्तान </w><w> अपनी </w><w> सरजमीं </w><w> पर </w><w> सक्रिय </w><w> उग्रवादी </w><w> गुटों </w><w> को </w><w> सीमा </w><w> पार </w><w> कर </w><w> दूसरी </w><w> ओर </w><w> जाने </w><w> से </w><w> रोकने </w><w> के </w><w> लिए </w><w> हरसंभव </w><w> प्रयास </w><w> करे। </w><w> उन्होंने </w><w> कहा </w><w> कि </w><w> पाकिस्तान </w><w> की </w><w> सरकार </w><w> ने </w><w> इस </w><w> दिशा </w><w> में </w><w> कई </w><w> महत्वपूर्ण </w><w> कदम </w><w> उठाये </w><w> हैं </w><w> लेकिन </w><w> हम </w><w> चाहते </w><w> हैं </w><w> कि </w><w> वह </w><w> अपने </w><w> प्रयासों </w><w> को </w><w> दोगुना </w><w> करे। </w><w> उन्होंने </w><w> कहा </w><w> कि </w><w> अमेरिका </w><w> इस </w><w> बात </w><w> पर </w><w> बारीकी </w><w> से </w><w> नजर </w><w> रख </w><w> रहा </w><w> है </w><w> कि </w><w> पाकिस्तान </w><w> , </w><w> इस </w><w> समूचे </w><w> क्षेत्र </w><w> और </w><w> खुद </w><w> अमेरिका </w><w> के </w><w> हितों </w><w> के </w><w> लिए </w><w> खतरा </w><w> बन </w><w> चुके </w><w> लश्कर-ए-तय्यबा </w><w> और </w><w> जैश-ए-मोहम्मद </w><w> जैसे </w><w> उग्रवादी </w><w> गुटों </w><w> पर </w><w> रोक </w><w> लगाने </w><w> के </w><w> लिए </w><w> क्या </w><w> उपाय </w><w> किए </w><w> जा </w><w> रहे </w><w> हैं। </w><w> उन्होंने </w><w> अंतरराष्ट्रीय </w><w> आतंकवाद </w><w> के </w><w> खिलाफ </w><w> संघर्ष </w><w> में </w><w> भारत </w><w> को </w><w> अमेरिका </w><w> का </w><w> एक </w><w> करीबी </w><w> सहयोगी </w><w> बताते </w><w> हुए </w><w> यहां </w><w> तक </w><w> कहा </w><w> कि </w><w> भारत </w><w> आतंकवाद </w><w> का </w><w> शिकार </w><w> रहा </w><w> है </w><w> और </w><time-arg id="1"><link event_arg="0" id="6" type_rel="EVENT_ARG"/><w> दिसंबर </w><w> 2001 </w></time-arg><w> में </w><w> जहां </w><w> उसकी </w><place-arg id="2"><link event_arg="0" id="7" type_rel="EVENT_ARG"/><w> संसद </w></place-arg><w> पर </w><man_made_event id="0" type="TERRORIST_ATTACK"><w> आतंकवादी </w><w> हमला </w></man_made_event><w> किया </w><w> गया </w><w> वहीं </w><w> हाल </w><w> में </w><place-arg id="4"><link event_arg="3" id="5" type_rel="EVENT_ARG"/><w> मुंबई </w></place-arg><w> में </w><man_made_event id="3" type="NORMAL_BOMBING"><w> बम </w><w> विस्फोट </w></man_made_event><w> किए </w><w> गए </w><w> जिनमें </w><w> पचास </w><w> से </w><w> ज्यादा </w><w> लोग </w><w> मारे </w><w> गए। </w></p></document>