<?xml version="1.0" encoding="UTF-8"?>
<document><p><w> navbharat_2003_11_30_331823 </w></p><p><w> मुशर्रफ </w><w> ने </w><w> किया </w><w> नभ </w><w> क्षेत्र </w><w> खोलने </w><w> का </w><w> ऐलान </w></p><p><w> इस्लामाबाद </w><w> (भाषा/वार्ता): </w><w> पाकिस्तान </w><w> के </w><w> राष्ट्रपति </w><w> जनरल </w><w> परवेज </w><w> मुशर्रफ </w><w> ने </w><w> भारत </w><w> के </w><w> साथ </w><w> सम्बंधों </w><w> को </w><w> सामान्य </w><w> करने </w><w> की </w><w> दिशा </w><w> में </w><w> एक </w><w> महत्वपूर्ण </w><w> कदम </w><w> उठाते </w><w> हुए </w><w> रविवार </w><w> को </w><w> ऐलान </w><w> किया </w><w> कि </w><w> पाक </w><w> अपने </w><w> हवाई </w><w> क्षेत्र </w><w> से </w><w> भारतीय </w><w> विमानों </w><w> को </w><w> उड़ान </w><w> भरने </w><w> पर </w><w> लगे </w><w> प्रतिबंध </w><w> को </w><w> हटा </w><w> लेगा। </w><w> यहां </w><w> एवान-ए-सदर </w><w> में </w><w> &amp;apos </w><w> यंग </w><w> प्रेजीडेन्टस </w><w> आर्गेनाइजेशन </w><w> &amp;apos </w><w> के </w><w> पाकिस्तानी </w><w> और </w><w> भारतीय </w><w> सदस्यों </w><w> को </w><w> संबोधित </w><w> करते </w><w> हुए </w><w> मुशर्रफ </w><w> ने </w><w> कहा </w><w> कि </w><w> उनका </w><w> देश </w><w> सोमवार </w><w> से </w><w> नई </w><w> दिल्ली </w><w> में </w><w> शुरू </w><w> हो </w><w> रही </w><w> बातचीत </w><w> में </w><w> यह </w><w> अनुमति </w><w> देने </w><w> पर </w><w> राजी </w><w> हो </w><w> जाएगा। </w><w> गौरतलब </w><w> है </w><w> कि </w><w> नागर </w><w> विमानन </w><w> संबंध </w><w> बहाल </w><w> करने </w><w> के </w><w> लिए </w><w> सोमवार </w><w> को </w><w> दोनों </w><w> देशों </w><w> के </w><w> अधिकारियों </w><w> के </w><w> बीच </w><w> दूसरे </w><w> दौर </w><w> की </w><w> बैठक </w><w> होने </w><w> वाली </w><w> है। </w><w> इसमें </w><w> भाग </w><w> लेने </w><w> के </w><w> लिए </w><w> इन </w><w> दिनों </w><w> एक </w><w> पाकिस्तानी </w><w> शिष्टमंडल </w><w> भारत </w><w> आया </w><w> हुआ </w><w> है। </w><w> सरकारी </w><w> संवाद </w><w> समिति </w><w> एपीपी </w><w> के </w><w> अनुसार </w><w> नई </w><w> दिल्ली </w><w> में </w><w> दो </w><w> दिनों </w><w> तक </w><w> चलने </w><w> वाली </w><w> बातचीत </w><w> के </w><w> दौरान </w><w> पाकिस्तान </w><w> सौहार्द </w><w> के </w><w> संकेत </w><w> के </w><w> रूप </w><w> में </w><w> अपने </w><w> हवाई </w><w> क्षेत्र </w><w> से </w><w> भारतीय </w><w> विमानों </w><w> को </w><w> उड़ान </w><w> भरने </w><w> देने </w><w> के </w><w> लिए </w><w> सहमत </w><w> हो </w><w> जाएगा। </w><w> मुशर्रफ </w><w> ने </w><w> कहा </w><w> कि </w><w> दोनों </w><w> देशों </w><w> द्वारा </w><w> हाल </w><w> में </w><w> आपसी </w><w> विश्वास </w><w> बढ़ाने </w><w> के </w><w> लिए </w><w> उठाए </w><w> गए </w><w> कदमों </w><w> की </w><w> परिणति </w><w> संघर्ष </w><w> विराम </w><w> के </w><w> रूप </w><w> में </w><w> हुई </w><w> है </w><w> , </w><w> जो </w><w> सभी </w><w> लंबित </w><w> मुद्दों </w><w> को </w><w> सुलझाने </w><w> की </w><w> शुरुआत </w><w> है। </w><w> उन्होंने </w><w> भविष्य </w><w> में </w><w> भारत-पाक </w><w> संयुक्त </w><w> उपक्रमों </w><w> की </w><w> भी </w><w> बात </w><w> की। </w><w> बैठक </w><w> में </w><w> अन्य </w><w> लोगों </w><w> के </w><w> अलावा </w><w> भारतीय </w><w> उच्चायुक्त </w><w> शिवशंकर </w><w> मेनन </w><w> भी </w><w> शामिल </w><w> हुए। </w><w> मुशर्रफ </w><w> ने </w><w> बाद </w><w> में </w><w> श्री </w><w> मेनन </w><w> से </w><w> हाथ </w><w> मिलाया </w><w> और </w><w> अभिवादन </w><w> का </w><w> आदान-प्रदान </w><w> किया। </w><w> इस </w><w> बीच </w><w> , </w><w> नागरिक </w><w> उड्डयन </w><w> संपर्क </w><w> बहाल </w><w> करने </w><w> के </w><w> बारे </w><w> में </w><w> नई </w><w> दिल्ली </w><w> में </w><w> सोमवार </w><w> को </w><w> होने </w><w> वाली </w><w> बातचीत </w><w> के </w><w> लिए </w><w> छह </w><w> सदस्यीय </w><w> पाकिस्तानी </w><w> दल </w><w> का </w><w> नेतृत्व </w><w> वहां </w><w> के </w><w> रक्षा </w><w> मंत्रालय </w><w> में </w><w> अतिरिक्त </w><w> सचिव </w><w> , </w><w> मेजर </w><w> जनरल </w><w> मोहम्मद </w><w> अशरफ </w><w> चौधरी </w><w> करेंगे। </w><w> इस </w><w> बातचीत </w><w> में </w><w> भारतीय </w><w> प्रतिनिधिमंडल </w><w> का </w><w> नेतृत्व </w><w> नागर </w><w> विमानन </w><w> महानिदेशक </w><w> सतिन्दर </w><w> सिंह </w><w> करेंगे </w><w> और </w><w> इसमें </w><w> रक्षा </w><w> व </w><w> विदेश </w><w> मंत्रालय </w><w> तथा </w><w> इंडियन </w><w> एयरलाइंस </w><w> के </w><w> अधिकारी </w><w> भी </w><w> शामिल </w><w> होंगे। </w><w> कयास </w><w> लगाए </w><w> जा </w><w> रहे </w><w> हैं </w><w> कि </w><w> नागरिक </w><w> उड्डयन </w><w> संपर्क </w><w> बहाल </w><w> होने </w><w> से </w><w> दोनों </w><w> देशों </w><w> के </w><w> बीच </w><w> रेल </w><w> संपर्क </w><w> भी </w><w> फिर </w><w> से </w><w> शुरू </w><w> होने </w><w> का </w><w> रास्ता </w><w> साफ </w><w> हो </w><w> जाएगा </w><w> क्योंकि </w><w> भारत </w><w> ने </w><w> कहा </w><w> है </w><w> कि </w><w> वह </w><w> पाकिस्तान </w><w> द्वारा </w><w> भारतीय </w><w> विमानों </w><w> पर </w><w> लगे </w><w> प्रतिबंध </w><w> हटाए </w><w> जाने </w><w> पर </w><w> &amp;apos </w><w> समझौता </w><w> एक्सप्रेस </w><w> &amp;apos </w><w> चलाने </w><w> पर </w><w> सहमत </w><w> हो </w><w> सकता </w><w> है। </w><w> उल्लेखनीय </w><w> है </w><w> कि </w><place-arg id="2"><link event_arg="0" id="4" type_rel="EVENT_ARG"/><w> भारतीय </w><w> संसद </w></place-arg><w> पर </w><time-arg id="1"><link event_arg="0" id="3" type_rel="EVENT_ARG"/><w> 13 </w><w> दिसंबर </w><w> 2001 </w></time-arg><w> को </w><w> हुए </w><man_made_event id="0" type="TERRORIST_ATTACK"><w> आतंकवादी </w><w> हमले </w></man_made_event><w> के </w><w> बाद </w><w> दोनों </w><w> देशों </w><w> के </w><w> रिश्ते </w><w> बिगड़ </w><w> गए </w><w> थे </w><w> और </w><w> दोनों </w><w> ने </w><w> एक-दूसरे </w><w> से </w><w> अपने </w><w> संपर्क </w><w> तोड़ </w><w> लिए </w><w> थे। </w><w> भारत-पाक </w><w> के </w><w> बीच </w><w> हवाई </w><w> संपर्क </w><w> टूटने </w><w> से </w><w> दोनों </w><w> देशों </w><w> की </w><w> विमान </w><w> सेवाएं </w><w> बुरी </w><w> तरह </w><w> से </w><w> प्रभावित </w><w> हुई </w><w> हैं। </w><w> इसका </w><w> कारण </w><w> यह </w><w> है </w><w> कि </w><w> यूरोप </w><w> और </w><w> अमेरिका </w><w> जाने </w><w> वाले </w><w> एयर </w><w> इंडिया </w><w> के </w><w> विमानों </w><w> को </w><w> अपेक्षाकृत </w><w> अधिक </w><w> लंबे </w><w> रास्ते </w><w> से </w><w> जाना </w><w> पड़ता </w><w> है </w><w> , </w><w> जिसमें </w><w> 40 </w><w> मिनट </w><w> का </w><w> अतिरिक्त </w><w> समय </w><w> लगता </w><w> है। </w><w> पाकिस्तान </w><w> इंटरनेशनल </w><w> एयरलाइंस </w><w> के </w><w> विमानों </w><w> को </w><w> भी </w><w> इससे </w><w> काफी </w><w> नुकसान </w><w> हुआ </w><w> है। </w><w> दक्षिण </w><w> तथा </w><w> दक्षिण-पूर्व </w><w> एशियाई </w><w> देशों </w><w> में </w><w> जाने </w><w> वाले </w><w> इसके </w><w> विमानों </w><w> को </w><w> अब </w><w> श्रीलंका </w><w> के </w><w> वायु </w><w> क्षेत्र </w><w> से </w><w> होकर </w><w> गुजरना </w><w> पड़ता </w><w> है। </w><w> इससे </w><w> पहले </w><w> 27 </w><w> अगस्त </w><w> को </w><w> इस्लामाबाद </w><w> में </w><w> वार्ता </w><w> का </w><w> पहला </w><w> दौर </w><w> असफल </w><w> हो </w><w> गया </w><w> था। </w><w> उस </w><w> समय </w><w> पाक </w><w> यह </w><w> आश्वासन </w><w> चाहता </w><w> था </w><w> कि </w><w> भारत </w><w> एक </w><w> पक्षीय </w><w> तरीके </w><w> से </w><w> एक-दूसरे </w><w> के </w><w> यहां </w><w> से </w><w> होकर </w><w> गुजरने </w><w> वाली </w><w> उड़ानों </w><w> को </w><w> अपने </w><w> क्षेत्र </w><w> के </w><w> लिए </w><w> बंद </w><w> नहीं </w><w> करेगा। </w><w> कुछ </w><w> अन्य </w><w> खबरें </w><w> ????? </w><w> ???????? </w><w> ??????? </w><w> ?? </w><w> ????? </w><w> 4 </w><w> ?????? </w><w> ?? </w><w> ??????? </w><w> ????-??? </w><w> ?????? </w><w> ?? </w><w> ???? </w><w> ?? </w><w> ?????? </w><w> ??? </w><w> ????: </w><w> ?????? </w><w> ?????? </w><w> ??????? </w><w> ?????? </w><w> ??? </w><w> ????? </w><w> ???????? </w><w> ??? </w><w> 22 </w><w> ??? </w><w> ??? </w><w> ???? </w><w> ??? </w><w> ?? </w><w> ?????? </w><w> ????????? </w><w> ?? </w><w> ????? </w><w> ?????? </w><w> ?????? </w><w> ?? </w><w> ???????? </w><w> ?? </w><w> ??? </w><w> ?????? </w><w> ????? </w><w> ??? </w><w> ???? </w><w> &amp;apos???&amp;apos </w><w> ?? </w><w> ???????? </w><w> ???? </w><w> ????? </w><w> ????? </w><w> ?????? </w><w> ??? </w><w> ??????? </w><w> ??? </w><w> ???? </w><w> ???????? </w><w> ????: </w><w> ????? </w><w> ??????? </w></p></document>