<?xml version="1.0" encoding="UTF-8"?>
<document><p><w> navbharat_2003_12_12_354455 </w></p><p><w> संसद </w><w> पर </w><w> हमले </w><w> के </w><w> दौरान </w><w> शहीद </w><w> सुरक्षाकर्मियों </w><w> को </w><w> श्रद्धांजलि </w></p><p><w> नई </w><w> दिल्ली </w><w> (वार्ता): </w><w> लोकसभा </w><w> अध्यक्ष </w><w> मनोहर </w><w> जोशी </w><w> ने </w><place-arg id="2"><link event_arg="0" id="5" type_rel="EVENT_ARG"/><w> संसद </w><w> परिसर </w></place-arg><w> पर </w><man_made_event id="0" type="TERRORIST_ATTACK"><w> हमले </w></man_made_event><w> के </w><w> दो </w><w> वर्ष </w><w> पूरे </w><w> होने </w><w> के </w><w> मौके </w><w> पर </w><w> आतंकवाद </w><w> से </w><w> एकजुट </w><w> होकर </w><w> निपटने </w><w> का </w><w> संकल्प </w><w> लेने </w><w> का </w><w> आह्वान </w><w> किया </w><w> है। </w><w> श्री </w><w> जोशी </w><w> ने </w><time-arg id="4"><link event_arg="1" id="7" type_rel="EVENT_ARG"/><w> 13 </w><w> दिसंबर </w><w> 2001 </w></time-arg><w> को </w><place-arg id="3"><link event_arg="1" id="6" type_rel="EVENT_ARG"/><w> संसद </w><w> परिसर </w></place-arg><w> पर </w><w> हुए </w><man_made_event id="1" type="TERRORIST_ATTACK"><event-coref-link event_id="0" id="8" type_rel="EVENT_COREF"></event-coref-link><w> हमले </w></man_made_event><w> को </w><w> कायरतापूर्ण </w><w> कार्रवाई </w><w> करार </w><w> देते </w><w> हुए </w><w> आतंकवादियों </w><w> की </w><w> उस </w><w> नापाक </w><w> कोशिश </w><w> को </w><w> विफल </w><w> करने </w><w> में </w><w> जान </w><w> की </w><w> बाजी </w><w> लगा </w><w> देने </w><w> वाले </w><w> सुरक्षाकर्मियों </w><w> जिनमें </w><w> एक </w><w> महिला </w><w> सुरक्षाकर्मी </w><w> भी </w><w> शामिल </w><w> थी </w><w> को </w><w> आज </w><w> सदन </w><w> की </w><w> ओर </w><w> से </w><w> श्रद्धांजलि </w><w> दी। </w><w> सदस्यों </w><w> ने </w><w> उन </w><w> बहादुर </w><w> सुरक्षाकर्मियों </w><w> की </w><w> स्मृति </w><w> में </w><w> मौन </w><w> रखा। </w><w> कल </w><w> 13 </w><w> दिसंबर </w><w> को </w><w> शनिवार </w><w> होने </w><w> के </w><w> कारण </w><w> संसद </w><w> में </w><w> अवकाश </w><w> रहेगा </w><w> जिस </w><w> कारण </w><w> अध्यक्ष </w><w> ने </w><w> उस </w><w> घटना </w><w> का </w><w> आज </w><w> उल्लेख </w><w> किया। </w><w> अध्यक्ष </w><w> ने </w><w> आतंकवादी </w><w> कार्रवाई </w><w> को </w><w> विफल </w><w> करने </w><w> वाले </w><w> दिवंगत </w><w> सुरक्षाकर्मियों </w><w> को </w><w> &amp;apos </w><w> वीर </w><w> आत्माएं </w><w> &amp;apos </w><w> बताया। </w><w> उन्होंने </w><w> कहा </w><w> कि </w><w> दो </w><w> वर्ष </w><w> पूर्व </w><w> की </w><w> घटना </w><w> हमें </w><w> आतंकवाद </w><w> के </w><w> खतरे </w><w> के </w><w> खिलाफ </w><w> सदा </w><w> सतर्क </w><w> रहने </w><w> तथा </w><w> देश </w><w> की </w><w> एकता </w><w> और </w><w> अखण्डता </w><w> को </w><w> अक्षुण्ण </w><w> रखने </w><w> का </w><w> संकल्प </w><w> लेने </w><w> का </w><w> संदेश </w><w> देती </w><w> है। </w></p></document>