<?xml version="1.0" encoding="UTF-8"?>
<document><p><w> navbharat_2003_12_12_355483 </w></p><p><w> राज्यसभा </w><w> का </w><w> आतंकवाद </w><w> से </w><w> सख्ती </w><w> से </w><w> निपटने </w><w> का </w><w> संकल्प </w></p><p><w> नई </w><w> दिल्ली </w><w> (विस): </w><place-arg id="1"><link event_arg="0" id="3" type_rel="EVENT_ARG"/><w> संसद </w><w> परिसर </w></place-arg><w> पर </w><man_made_event id="0" type="TERRORIST_ATTACK"><w> आतंकवादी </w><w> हमले </w></man_made_event><w> के </w><w> दो </w><w> वर्ष </w><w> पूरा </w><w> होने </w><w> पर </w><w> शुक्रवार </w><w> को </w><w> राज्यसभा </w><w> में </w><w> आतंकवाद </w><w> से </w><w> पूरी </w><w> सख्ती </w><w> से </w><w> निपटने </w><w> का </w><w> संकल्प </w><w> व्यक्त </w><w> किया </w><w> गया। </w><w> सदन </w><w> ने </w><w> हादसे </w><w> में </w><w> मारे </w><w> गए </w><w> सुरक्षाकर्मियों </w><w> और </w><w> अन्य </w><w> कर्मचारियों </w><w> को </w><w> श्रद्धांजलि </w><w> भी </w><w> दी। </w><w> प्रश्नकाल </w><w> शुरू </w><w> होते </w><w> ही </w><w> सभापति </w><w> भैरोंसिंह </w><w> शेखावत </w><w> ने </w><w> इस </w><w> आशय </w><w> का </w><w> संदेश </w><w> पढ़ा। </w><w> आतंकवाद </w><w> की </w><w> कड़ी </w><w> भर्त्सना </w><w> करते </w><w> हुए </w><w> इस </w><man_made_event id="2" type="TERRORIST_ATTACK"><event-coref-link event_id="0" id="4" type_rel="EVENT_COREF"></event-coref-link><w> हमले </w></man_made_event><w> में </w><w> शहीद </w><w> हुए </w><w> राज्यसभा </w><w> के </w><w> दो </w><w> सुरक्षाकर्मियों </w><w> , </w><w> पांच </w><w> पुलिसकर्मियों </w><w> , </w><w> केंद्रीय </w><w> रिजर्व </w><w> पुलिस </w><w> बल </w><w> की </w><w> एक </w><w> महिला </w><w> कांस्टेबल </w><w> और </w><w> नगर </w><w> निगम </w><w> के </w><w> एक </w><w> माली </w><w> को </w><w> श्रद्धांजलि </w><w> दी </w><w> गई। </w></p></document>