<?xml version="1.0" encoding="UTF-8"?>
<document><p><w> navbharat_2003_12_17_363845 </w></p><p><w> समझौता </w><w> एक्सप्रेस </w><w> वार्ता: </w><w> पाक </w><w> शिष्टमंडल </w><w> आज </w><w> रात </w><w> भारत </w><w> में </w></p><p><w> नई </w><w> दिल्ली </w><w> (वार्ता): </w><w> भारत </w><w> तथा </w><w> पाकिस्तान </w><w> के </w><w> बीच </w><w> समझौता </w><w> एक्सप्रैस </w><w> &amp;apos </w><w> रेल </w><w> संपर्क </w><w> &amp;apos </w><w> दोबारा </w><w> शुरू </w><w> किए </w><w> जाने </w><w> के </w><w> इरादे </w><w> से </w><w> तकनीकी </w><w> स्तर </w><w> की </w><w> बातचीत </w><w> के </w><w> लिए </w><w> पाकिस्तानी </w><w> रेलवे </w><w> का </w><w> एक </w><w> शिष्टमंडल </w><w> आज </w><w> रात </w><w> वाघा </w><w> सीमा </w><w> से </w><w> भारत </w><w> पहुंच </w><w> रहा </w><w> है। </w><w> ऐसे </w><w> संकेत </w><w> हैं </w><w> कि </w><w> इस </w><w> बैठक </w><w> में </w><w> जनवरी </w><w> 2002 </w><w> से </w><w> बंद </w><w> पडी </w><w> समझौता </w><w> एक्सप्रेस </w><w> को </w><w> दोबारा </w><w> शुरू </w><w> किए </w><w> जाने </w><w> के </w><w> लिए </w><w> तारीखों </w><w> के </w><w> बारे </w><w> में </w><w> फैसला </w><w> किया </w><w> जाएगा। </w><w> सूत्रों </w><w> के </w><w> अनुसार </w><w> इस </w><w> चार </w><w> सदस्यीय </w><w> शिष्टमंडल </w><w> का </w><w> नेतृत्व </w><w> पाकिस्तानी </w><w> रेलवे </w><w> के </w><w> अतिरिक्त </w><w> महाप्रबंधक </w><w> मोहम्मद </w><w> इकबाल </w><w> खत्री </w><w> करेंगे। </w><w> उनके </w><w> अलावा </w><w> शिष्टमंडल </w><w> में </w><w> पाकिस्तान </w><w> रेलवे </w><w> के </w><w> मुख्य </w><w> वाणिज्यिक </w><w> प्रबंधक </w><w> सैयद </w><w> गुलरेज </w><w> हाशमी </w><w> , </w><w> मुख्य </w><w> मैकेनिकल </w><w> इंजीनियर </w><w> असद </w><w> सईद </w><w> तथा </w><w> वित्तीय </w><w> सलाहकार </w><w> चौधरी </w><w> मोहम्मद </w><w> अली </w><w> शामिल </w><w> हैं। </w><w> बैठक </w><w> में </w><w> भारतीय </w><w> शिष्टमंडल </w><w> का </w><w> नेतृत्व </w><w> रेलवे </w><w> बोर्ड </w><w> में </w><w> अतिरिक्त </w><w> सदस्य </w><w> एस </w><w> बी </w><w> घोष </w><w> दस्तीकार </w><w> करेगें। </w><w> रेलवे </w><w> बोर्ड </w><w> के </w><w> लेखा </w><w> सलाहकार </w><w> एस </w><w> बालचंद्रन </w><w> , </w><w> कार्यकारी </w><w> निदेशक </w><w> परिवहन </w><w> प्रदीप </w><w> भटनागर </w><w> तथा </w><w> कार्यकारी </w><w> निदेशक </w><w> मैकेनिकल </w><w> आर </w><w> एस </w><w> बिरदी </w><w> शिष्टमंडल </w><w> के </w><w> सदस्य </w><w> हैं। </w><w> उल्लेखनीय </w><w> है </w><w> कि </w><w> पिछले </w><w> सप्ताह </w><w> इस </w><w> बारे </w><w> में </w><w> यहां </w><w> अंतरमंत्री </w><w> स्तरीय </w><w> बातचीत </w><w> हुई </w><w> थी </w><w> जिसमें </w><w> इस </w><w> बैठक </w><w> के </w><w> एजेंडे </w><w> को </w><w> अंतिम </w><w> रूप </w><w> दिया </w><w> गया। </w><w> बैठक </w><w> में </w><w> रेल </w><w> मंत्रालय </w><w> के </w><w> अलावा </w><w> गृह </w><w> तथा </w><w> विदेश </w><w> मंत्रालय </w><w> के </w><w> अधिकारियों </w><w> ने </w><w> भी </w><w> हिस्सा </w><w> लिया </w><w> था। </w><w> दोनों </w><w> देशों </w><w> ने </w><w> आगामी </w><w> एक </w><w> जनवरी </w><w> से </w><w> विमान </w><w> संपर्क </w><w> भी </w><w> बहाल </w><w> करने </w><w> का </w><w> निर्णय </w><w> किया </w><w> है। </w><w> भारत </w><w> तथा </w><w> पाकिस्तान </w><w> के </w><w> बीच </w><w> पिछले </w><w> दिनों </w><w> शुरू </w><w> हुए </w><w> शांति </w><w> प्रयासों </w><w> के </w><w> तहत </w><w> दोनों </w><w> देशों </w><w> में </w><w> समझौता </w><w> एक्सप्रेस </w><w> दोबारा </w><w> शुरू </w><w> करने </w><w> पर </w><w> सहमति </w><w> हुई </w><w> थी। </w><w> उसी </w><w> के </w><w> बाद </w><w> दोनों </w><w> ने </w><w> इस </w><w> बारे </w><w> में </w><w> तकनीकी </w><w> स्तर </w><w> की </w><w> बातचीत </w><w> शुरू </w><w> करने </w><w> का </w><w> फैसला </w><w> किया। </w><w> शिमला </w><w> समझौते </w><w> के </w><w> तहत </w><w> 1976 </w><w> से </w><w> समझौता </w><w> एक्सप्रेस </w><w> चलनी </w><w> शुरू </w><w> हुई </w><w> थी </w><w> जिसकी </w><w> हर </w><w> तीन </w><w> वर्ष </w><w> बाद </w><w> 20 </w><w> जनवरी </w><w> को </w><w> समीक्षा </w><w> होती </w><w> है। </w><w> लेकिन </w><place-arg id="2"><link event_arg="0" id="4" type_rel="EVENT_ARG"/><w> संसद </w></place-arg><w> पर </w><time-arg id="1"><link event_arg="0" id="3" type_rel="EVENT_ARG"/><w> दिसम्बर </w><w> 2001 </w></time-arg><w> में </w><w> हुए </w><man_made_event id="0" type="TERRORIST_ATTACK"><w> आतंकवादी </w><w> हमले </w></man_made_event><w> के </w><w> बाद </w><w> भारत </w><w> ने </w><w> जनवरी </w><w> 2002 </w><w> से </w><w> पाकिस्तान </w><w> के </w><w> साथ </w><w> विमान </w><w> और </w><w> सड़क </w><w> के </w><w> साथ </w><w> साथ </w><w> रेल </w><w> संपर्क </w><w> भी </w><w> बंद </w><w> कर </w><w> दिया </w><w> था। </w></p></document>