<?xml version="1.0" encoding="UTF-8"?>
<document><p><w> navbharat_2003_12_19_368999 </w></p><p><w> संसद </w><w> को </w><w> &amp;aposविशेष </w><w> आतंकवाद&amp;apos </w><w> से </w><w> बचा </w><w> रहे </w><w> हैं </w><w> चेतक, </w><w> नेपाली </w><w> और </w><w> रानी </w></p><p><w> नई </w><w> दिल्ली </w><w> (वार्ता): </w><w> इन </w><w> घुसपैठियों </w><w> के </w><w> सामने </w><w> संसद </w><w> की </w><w> अभेद्य </w><w> किलेबंदी </w><w> कोई </w><w> मायने </w><w> नहीं </w><w> रखती </w><w> , </w><w> वे </w><w> कोई </w><w> पास </w><w> लेकर </w><w> भी </w><w> नहीं </w><w> आते </w><w> और </w><w> मैटल </w><w> डिटेक्टरों </w><w> से </w><w> भी </w><w> वे </w><w> नहीं </w><w> गुजरते </w><w> और </w><w> तो </w><w> और </w><w> सुरक्षाकर्मियों </w><w> की </w><w> मशीनगनें </w><w> भी </w><w> उनके </w><w> सामने </w><w> खामोश </w><w> रहती </w><w> हैं। </w><w> ये </w><w> घुसपैठिये </w><w> मानव </w><w> के </w><w> आदिरूप </w><w> माने </w><w> जाने </w><w> वाले </w><w> बंदर </w><w> हैं </w><w> और </w><w> संसद </w><w> परिसर </w><w> में </w><w> उनके </w><w> आतंक </w><w> से </w><w> निपटने </w><w> के </w><w> लिए </w><w> तीन </w><w> विशेष </w><w> सुरक्षाकर्मियों </w><w> -रानी </w><w> , </w><w> चेतक </w><w> और </w><w> नेपाली </w><w> की </w><w> सेवाएं </w><w> ली </w><w> गई </w><w> हैं। </w><place-arg id="1"><link event_arg="0" id="4" type_rel="EVENT_ARG"/><w> संसद </w></place-arg><w> पर </w><time-arg id="2"><link event_arg="0" id="3" type_rel="EVENT_ARG"/><w> 13 </w><w> दिसम्बर </w><w> 2001 </w></time-arg><w> के </w><man_made_event id="0" type="TERRORIST_ATTACK"><w> आतंकवादी </w><w> हमले </w></man_made_event><w> के </w><w> बाद </w><w> सुरक्षा </w><w> के </w><w> नए </w><w> उपायों </w><w> के </w><w> तहत </w><w> बिजली </w><w> की </w><w> बाड़ </w><w> लगायी </w><w> गई </w><w> , </w><w> नए </w><w> स्वचालित </w><w> गेट </w><w> लगाए </w><w> गए </w><w> लेकिन </w><w> वानर </w><w> सेना </w><w> पर </w><w> इसका </w><w> क्या </w><w> असर </w><w> होना </w><w> था। </w><w> हार </w><w> थक </w><w> कर </w><w> संसद </w><w> के </w><w> निगरानी </w><w> विभाग </w><w> ने </w><w> बंदरों </w><w> को </w><w> भगाने </w><w> के </w><w> लिए </w><w> उनके </w><w> &amp;apos </w><w> ताऊजी </w><w> &amp;apos </w><w> की </w><w> मदद </w><w> ली। </w><w> रानी </w><w> , </w><w> चेतक </w><w> और </w><w> नेपाली </w><w> नाम </w><w> के </w><w> तीन </w><w> लंगूरों </w><w> ने </w><w> संसद </w><w> भवन </w><w> को </w><w> बंदरों </w><w> के </w><w> आतंक </w><w> से </w><w> निजात </w><w> दिला </w><w> दी </w><w> है </w><w> संसद </w><w> के </w><w> सूत्रों </w><w> के </w><w> अनुसार </w><w> इनमें </w><w> से </w><w> हर </w><w> लंगूर </w><w> की </w><w> पगार </w><w> साढ़े </w><w> सात </w><w> हजार </w><w> रुपये </w><w> महीना </w><w> है। </w><w> यानी </w><w> हर </w><w> महीने </w><w> साढ़े </w><w> बाइस </w><w> हजार </w><w> रुपये </w><w> संसद </w><w> की </w><w> इस </w><w> विशेष </w><w> सुरक्षा </w><w> की </w><w> भेंट </w><w> चढ़ </w><w> रहे </w><w> हैं। </w><w> लंगूर </w><w> मालिकों </w><w> से </w><w> सालाना </w><w> अनुबंध </w><w> किया </w><w> गया </w><w> है </w><w> और </w><w> संसद </w><w> को </w><w> बंदरों </w><w> से </w><w> मुक्त </w><w> रखने </w><w> के </w><w> लिए </w><w> हर </w><w> साल </w><w> दो </w><w> लाख </w><w> सत्तर </w><w> हजार </w><w> रूपये </w><w> खर्च </w><w> किए </w><w> जा </w><w> रहे </w><w> हैं। </w><w> खैर </w><w> संसद </w><w> को </w><w> अगर </w><w> &amp;apos </w><w> ऐसे </w><w> उपद्रवियों </w><w> &amp;apos </w><w> से </w><w> मुक्त </w><w> रखने </w><w> पर </w><w> अगर </w><w> पौने </w><w> तीन </w><w> लाख </w><w> रुपये </w><w> सालाना </w><w> खर्च </w><w> करने </w><w> भी </w><w> पड़ </w><w> जाएं </w><w> तो </w><w> देश </w><w> के </w><w> लिए </w><w> यह </w><w> महंगा </w><w> सौदा </w><w> नहीं </w><w> है। </w></p></document>