<?xml version="1.0" encoding="UTF-8"?>
<document><p><w> navbharat_2003_12_30_396566 </w></p><p><w> भारत </w><w> पाक </w><w> परमाणु </w><w> प्रतिष्ठान </w><w> सूची </w><w> की </w><w> अदला </w><w> बदली </w><w> करेंगे </w></p><p><w> इस्लामाबाद </w><w> (भाषा): </w><w> इस्लामाबाद </w><w> में </w><w> दक्षेस </w><w> शिखर </w><w> सम्मेलन </w><w> के </w><w> आयोजन </w><w> से </w><w> पूर्व </w><w> भारत </w><w> और </w><w> पाकिस्तान </w><w> द्विपक्षीय </w><w> समझौते </w><w> के </w><w> तहत </w><w> एक </w><w> जनवरी </w><w> को </w><w> अपने </w><w> अपने </w><w> परमाणु </w><w> प्रतिष्ठानों </w><w> की </w><w> नई </w><w> सूची </w><w> की </w><w> अदला </w><w> बदली </w><w> करने </w><w> जा </w><w> रहे </w><w> हैं। </w><w> सरकारी </w><w> सूत्रों </w><w> ने </w><w> आज </w><w> यहां </w><w> बताया </w><w> कि </w><w> दोनों </w><w> देशों </w><w> के </w><w> वरिष्ठ </w><w> राजनयिक </w><w> परमाणु </w><w> प्रतिष्ठान </w><w> आक्रमण </w><w> निषेध </w><w> समझौते </w><w> के </w><w> तहत </w><w> इन </w><w> सूचियों </w><w> का </w><w> आदान </w><w> प्रदान </w><w> करेंगे </w><w> जो </w><w> पिछले </w><w> 13 </w><w> साल </w><w> से </w><w> प्रभाव </w><w> में </w><w> है। </w><w> समझौते </w><w> के </w><w> अनुसार </w><w> दोनों </w><w> देश </w><w> हर </w><w> साल </w><w> एक </w><w> जनवरी </w><w> को </w><w> एक </w><w> दूसरे </w><w> के </w><w> परमाणु </w><w> प्रतिष्ठानों </w><w> की </w><w> ताजा </w><w> जानकारी </w><w> देते </w><w> हैं। </w><w> इस </w><w> प्रकार </w><w> की </w><w> सूचियों </w><w> का </w><w> पहला </w><w> आदान </w><w> प्रदान </w><w> एक </w><w> जनवरी </w><w> 1992 </w><w> को </w><w> हुआ </w><w> था। </w><w> पाक </w><w> यह </w><w> सूची </w><w> भारतीय </w><w> उच्चायोग </w><w> अधिकारियों </w><w> को </w><w> सौंपेगा </w><w> , </w><w> जबकि </w><w> भारतीय </w><w> विदेश </w><w> मंत्री </w><w> पाकिस्तानी </w><w> राजनयिकों </w><w> को </w><w> यह </w><w> सूची </w><w> देंगे। </w><time-arg id="2"><link event_arg="0" id="3" type_rel="EVENT_ARG"/><w> दिसंबर </w><w> 2001 </w></time-arg><w> में </w><place-arg id="1"><link event_arg="0" id="4" type_rel="EVENT_ARG"/><w> संसद </w></place-arg><w> पर </w><w> हुए </w><man_made_event id="0" type="TERRORIST_ATTACK"><w> आतंकवादी </w><w> हमले </w></man_made_event><w> के </w><w> बाद </w><w> दोनों </w><w> देशों </w><w> के </w><w> संबंधों </w><w> में </w><w> आए </w><w> तनाव </w><w> के </w><w> बावजूद </w><w> भारत </w><w> और </w><w> पाक </w><w> ने </w><w> चालू </w><w> वर्ष </w><w> के </w><w> साथ </w><w> ही </w><w> 2002 </w><w> में </w><w> भी </w><w> इन </w><w> सूचियों </w><w> की </w><w> अदला </w><w> बदली </w><w> की </w><w> थी। </w><w> समझौते </w><w> का </w><w> एक </w><w> अर्थ </w><w> यह </w><w> भी </w><w> है </w><w> कि </w><w> दोनों </w><w> देशों </w><w> के </w><w> बीच </w><w> युद्ध </w><w> की </w><w> स्थिति </w><w> में </w><w> दोनों </w><w> ही </w><w> पक्ष </w><w> इन </w><w> प्रतिष्ठानों </w><w> को </w><w> निशाना </w><w> बनाने </w><w> से </w><w> बचेंगे। </w></p></document>