<?xml version="1.0" encoding="UTF-8"?>
<document><p><w> मेरठ </w><w> : </w><place-arg id="0"><link event_arg="2" id="9" type_rel="EVENT_ARG"/><w> परतापुर </w><w> थानाक्षेत्र </w><w> के </w><w> गगोल </w><w> मार्ग </w></place-arg><w> पर </w><w> अवैध </w><w> रूप </w><w> से </w><w> चल </w><w> रहे </w><place-arg id="1"><link event_arg="2" id="10" type_rel="EVENT_ARG"/><w> केमिकल </w><w> गोदाम </w></place-arg><w> में </w><w> भीषण </w><man_made_event id="2" type="FIRE"><w> आग </w></man_made_event><w> लग </w><w> गई। </w><w> घटना </w><w> के </w><w> बाद </w><after_effects-arg id="6"><link event_arg="2" id="11" type_rel="EVENT_ARG"/><w> दो </w><w> मजदूर </w><w> लापता </w></after_effects-arg><w> हैं। </w><w> डीएम </w><w> व </w><w> एसएसपी </w><w> ने </w><w> घटनास्थल </w><w> का </w><w> मुआयना </w><w> कर </w><after_effects-arg id="4"><link event_arg="7" id="12" type_rel="EVENT_ARG"/><w> गोदाम </w><w> सील </w><w> करा </w><w> दिया। </w></after_effects-arg><after_effects-arg id="5"><link event_arg="2" id="13" type_rel="EVENT_ARG"/><w> गोदाम </w><w> स्वामी </w><w> के </w><w> विरुद्ध </w><w> कार्रवाई </w><w> के </w><w> निर्देश </w></after_effects-arg><w> दिए। </w></p><p><time-arg id="7"><link event_arg="8" id="14" type_rel="EVENT_ARG"/><w> सोमवार </w><w> दोपहर </w><w> करीब </w><w> 3.30 </w></time-arg><w> बजे </w><w> गोदाम </w><w> के </w><w> अंदर </w><w> रखा </w><w> एक </w><w> ड्रम </w><w> तेज </w><w> धमाके </w><w> के </w><w> साथ </w><w> फट </w><w> गया। </w><w> इसकी </w><w> जोरदार </w><w> आवाज </w><w> से </w><w> लोग </w><w> दहशत </w><w> में </w><w> आ </w><w> गए। </w><w> इसके </w><w> बाद </w><w> एक </w><w> के </w><w> बाद </w><w> एक </w><w> ड्रम </w><w> फटने </w><w> लगे </w><w> और </w><w> देखते </w><w> ही </w><w> देखते </w><man_made_event id="8" type="FIRE"><event-coref-link event_id="2" id="15" type_rel="EVENT_COREF"></event-coref-link><w> आग </w></man_made_event><w> लग </w><w> गई। </w><w> आग </w><w> ने </w><w> रौद्र </w><w> रूप </w><w> धारण </w><w> कर </w><w> लिया </w><w> और </w><w> पूरे </w><w> गोदाम </w><w> को </w><w> चपेट </w><w> में </w><w> ले </w><w> लिया। </w></p><p><w> गोदाम </w><w> के </w><w> बाहर </w><w> रखे </w><w> केमिकल </w><w> से </w><w> भरे </w><w> ड्रम </w><w> भी </w><w> आग </w><w> की </w><w> चपेट </w><w> में </w><w> आ </w><w> गए। </w><w> सैकड़ों </w><w> ड्रम </w><w> देखते </w><w> ही </w><w> देखते </w><w> जल </w><w> गए। </w><w> बताया </w><w> जा </w><w> रहा </w><w> है </w><w> कि </w><w> वहां </w><w> मौजूद </w><w> दो </w><w> कर्मचारी </w><w> खुद </w><w> ही </w><w> आग </w><w> बुझाने </w><w> के </w><w> प्रयास </w><w> में </w><w> लगे </w><w> रहे </w><w> लेकिन </w><w> इसी </w><w> बीच </w><w> लापता </w><w> हो </w><w> गए। </w></p><p><w> भीषण </w><w> आग </w><w> की </w><w> सूचना </w><w> पर </w><w> फायर </w><w> ब्रिगेड </w><w> की </w><w> छह </w><w> गाड़ियां </w><w> मौके </w><w> पर </w><w> पहुंची </w><w> और </w><w> कड़ी </w><w> मशक्कत </w><w> कर </w><w> शाम </w><w> करीब </w><w> 6.30 </w><w> बजे </w><w> आग </w><w> पर </w><w> काबू </w><w> पाया। </w><w> लापता </w><w> दोनों </w><w> मजदूरों </w><w> का </w><w> देर </w><w> रात </w><w> तक </w><w> कोई </w><w> सुराग </w><w> नहीं </w><w> लग </w><w> सका </w><w> था। </w><w> लोग </w><w> अनहोनी </w><w> की </w><w> आशंका </w><w> जता </w><w> रहे </w><w> थे। </w><w> डीएम </w><w> अनिल </w><w> ढींगरा </w><w> और </w><w> एसएसपी </w><w> राजेश </w><w> कुमार </w><w> पांडेय </w><w> ने </w><w> भी </w><w> मौका-मुआयना </w><w> किया </w><w> और </w><w> गोदाम </w><w> की </w><w> जांच </w><w> कराई। </w><w> पता </w><w> चला </w><w> कि </w><w> अवैध </w><w> रूप </w><w> से </w><w> चल </w><w> रहा </w><w> गोदाम </w><w> मेरठ </w><w> निवासी </w><w> कपिल </w><w> चौधरी </w><w> नामक </w><w> व्यक्ति </w><w> का </w><w> है </w><w> अधिकारियों </w><w> ने </w><w> गोदाम </w><w> को </w><w> सील </w><w> करा </w><w> दिया। </w><w> सॉल्वेंट </w><w> होता </w><w> था </w><w> सप्लाई, </w><w> कहां </w><w> थी </w><w> अफसरशाही? </w></p><p><w> बताया </w><w> जा </w><w> रहा </w><w> है </w><w> कि </w><w> करीब </w><w> डेढ़ </w><w> साल </w><w> से </w><w> चल </w><w> रहे </w><w> गोदाम </w><w> से </w><w> कई </w><w> स्थानों </w><w> पर </w><w> सॉल्वेंट </w><w> सप्लाई </w><w> किया </w><w> जाता </w><w> था। </w><w> अति </w><w> ज्वलनशील </w><w> पदार्थ </w><w> होने </w><w> के </w><w> बावजूद </w><w> गोदाम </w><w> में </w><w> कोई </w><w> अग्निशमन </w><w> यंत्र </w><w> नहीं </w><w> था। </w><w> फायर </w><w> ब्रिगेड </w><w> या </w><w> अन्य </w><w> किसी </w><w> विभाग </w><w> से </w><w> भी </w><w> अनुमति </w><w> नहीं </w><w> ली </w><w> गई </w><w> थी। </w><w> सवाल </w><w> यह </w><w> है </w><w> कि </w><w> अभी </w><w> तक </w><w> अधिकारी </w><w> कहां </w><w> थे </w><w> और </w><w> कार्रवाई </w><w> क्यों </w><w> नहीं </w><w> की </w><w> गई? </w><w> डीएम </w><w> ने </w><w> मांगा </w><w> जवाब </w></p><p><w> अवैध </w><w> गोदाम </w><w> चलने </w><w> का </w><w> जब </w><w> डीएम </w><w> अनिल </w><w> ढींगरा </w><w> को </w><w> पता </w><w> चला </w><w> तो </w><w> उन्होंने </w><w> मातहतों </w><w> को </w><w> तलब </w><w> कर </w><w> लिया। </w><w> उन्होंने </w><w> इस </w><w> संबंध </w><w> में </w><w> जवाब </w><w> मांगा </w><w> है। </w><w> स्पष्ट </w><w> जवाब </w><w> नहीं </w><w> देने </w><w> पर </w><w> उन्होंने </w><w> कार्रवाई </w><w> की </w><w> चेतावनी </w><w> दी </w><w> है। </w><w> गोदाम </w><w> पूरी </w><w> तरह </w><w> अवैध </w><w> है, </w><w> जिसे </w><w> सील </w><w> करा </w><w> दिया </w><w> है। </w><w> फायर </w><w> ब्रिगेड </w><w> ने </w><w> समय </w><w> रहते </w><w> आग </w><w> बुझा </w><w> दी </w><w> थी। </w><w> अंदर </w><w> कोई </w><w> मजदूर </w><w> नहीं </w><w> फंसा </w><w> था। </w></p></document>