<?xml version="1.0" encoding="UTF-8"?>
<document><desc></desc><time>283</time><p><w> भारतीय </w><w> क्रिकेटर </w><w> मोहम्मद </w><w> शमी </w><w> की </w><w> पत्नी </w><w> हसीन </w><w> जहां </w><w> द्वारा </w><w> जबसे </w><w> शमी </w><w> के </w><w> किसी </w><w> अन्य </w><w> महिला </w><w> के </w><w> साथ </w><w> संबंध </w><w> होने </w><w> का </w><w> आरोप </w><w> लगाया </w><w> गया </w><w> है </w><w> तबसे </w><w> ही </w><w> शमी </w><w> मीडिया </w><w> की </w><w> सुर्खियों </w><w> में </w><w> बने </w><w> हुए </w><w> हैं। </w><w> आए </w><w> दिन </w><w> शमी </w><w> और </w><w> हसीन </w><w> जहां </w><w> दोनों </w><w> ही </w><w> एक </w><w> दूसरे </w><w> पर </w><w> गंभीर </w><w> आरोप </w><w> लगाते </w><w> हुए </w><w> दिखाई </w><w> रहे </w><w> हैं। </w><w> वहीं </w><w> इस </w><w> बीच </w><casualties-arg id="3"><link event_arg="0" id="10" type_rel="EVENT_ARG"/><participant-arg id="4"><w> मोहम्मद </w><w> शमी </w></participant-arg></casualties-arg><man_made_event id="0" type="VEHICULAR_COLLISION"><w> सड़क </w><w> हादसे </w></man_made_event><w> का </w><w> शिकार </w><w> हो </w><w> गए </w><w> हैं </w><w> और </w><w> उन्हें </w><w> गंभीर </w><w> चोट </w><w> आई </w><w> हैं। </w><time-arg id="7"><link event_arg="0" id="11" type_rel="EVENT_ARG"/><w> रविवार </w><w> सुबह </w></time-arg><w> मोहम्मद </w><w> शमी </w><place-arg id="5"><link event_arg="0" id="12" type_rel="EVENT_ARG"/><w> देहरादून </w></place-arg><w> से </w><place-arg id="6"><link event_arg="0" id="13" type_rel="EVENT_ARG"/><w> दिल्ली </w></place-arg><w> आ </w><w> रहे </w><w> थे </w><w> कि </w><w> तभी </w><w> उनकी </w><man_made_event id="1" type="VEHICULAR_COLLISION"><event-coref-link event_id="0" id="14" type_rel="EVENT_COREF"></event-coref-link><w> कार </w><w> का </w><w> एक्सिडेंट </w></man_made_event><w> हो </w><w> गया। </w><w> उनकी </w><reason-arg id="8"><link event_arg="1" id="17" type_rel="EVENT_ARG"/><w> कार </w><w> को </w><w> ट्रक </w><w> ने </w><w> टक्कर </w><w> मार </w><w> दी </w><w> जिसके </w><w> कारण </w><w> उनका </w><w> गाड़ी </w><w> से </w><w> नियंत्रण </w><w> छूट </w></reason-arg><w> गया </w><w> और </w><w> यह </w><man_made_event id="9" type="VEHICULAR_COLLISION"><event-coref-link event_id="1" id="15" type_rel="EVENT_COREF"></event-coref-link><w> हादसा </w></man_made_event><w> हो </w><w> गया। </w></p><p><w> शमी </w><w> के </w><w> सिर </w><w> पर </w><w> चोट </w><w> आई </w><w> है </w><w> और </w><w> उन्हें </w><w> टाके </w><w> लगे </w><w> हैं। </w><w> शमी </w><w> के </w><man_made_event id="2" type="VEHICULAR_COLLISION"><event-coref-link event_id="9" id="16" type_rel="EVENT_COREF"></event-coref-link><w> एक्सिडेंट </w></man_made_event><w> की </w><w> खबर </w><w> कुछ </w><w> ही </w><w> समय </w><w> में </w><w> मीडिया </w><w> की </w><w> सुर्खियों </w><w> में </w><w> छा </w><w> गई। </w><w> इस </w><w> खबर </w><w> के </w><w> सामने </w><w> आते </w><w> ही </w><w> सोशल </w><w> मीडिया </w><w> यूजर्स </w><w> शमी </w><w> के </w><w> एक्सिडेंट </w><w> को </w><w> साजिश </w><w> करार </w><w> दे </w><w> रहे </w><w> हैं </w><w> और </w><w> इसकी </w><w> जांच </w><w> करने </w><w> की </w><w> मांग </w><w> कर </w><w> रहे </w><w> हैं। </w><w> एक </w><w> ट्विटर </w><w> यूजर </w><w> ने </w><w> लिखा, </w><w> “इसकी </w><w> जांच </w><w> करो, </w><w> यह </w><w> एक </w><w> हादसे </w><w> के </w><w> बजाए </w><w> कोई </w><w> घटना </w><w> हो </w><w> सकती </w><w> है।” </w><w> एक </w><w> ने </w><w> लिखा, </w><w> “कहीं </w><w> ये </w><w> शमी </w><w> को </w><w> जड़ </w><w> से </w><w> उखाड़ </w><w> फेंकने </w><w> की </w><w> गहरी </w><w> साजिश </w><w> तो </w><w> नहीं?” </w></p><p><w> वहीं </w><w> कई </w><w> यूजर्स </w><w> इसके </w><w> पीछ </w><w> शमी </w><w> की </w><w> पत्नी </w><w> हसीन </w><w> जहां </w><w> का </w><w> हाथ </w><w> होने </w><w> का </w><w> शक </w><w> जता </w><w> रहे </w><w> हैं। </w><w> एक </w><w> ने </w><w> लिखा, </w><w> “बीवी </w><w> ने </w><w> कराया </w><w> होगा।” </w><w> एक </w><w> ने </w><w> लिखा, </w><w> “मैं </w><w> समझता </w><w> हूं </w><w> कि </w><w> यह </w><w> दुर्घटना </w><w> होने </w><w> के </w><w> बजाए </w><w> योजना </w><w> के </w><w> तहत </w><w> किया </w><w> गया </w><w> हमला </w><w> है।” </w><w> वहीं </w><w> कई </w><w> लोग </w><w> शमी </w><w> के </w><w> जल्दी </w><w> ठीक </w><w> होने </w><w> की </w><w> प्रार्थना </w><w> भी </w><w> कर </w><w> रहे </w><w> हैं </w><w> और </w><w> कह </w><w> रहे </w><w> हैं </w><w> कि </w><w> वे </w><w> उन्हें </w><w> जल्द </w><w> ही </w><w> दिल्ली </w><w> डेयरडेविल्स </w><w> के </w><w> लिए </w><w> गेंदबाजी </w><w> करते </w><w> हुए </w><w> देखना </w><w> चाहते </w><w> हैं। </w><w> आपको </w><w> बता </w><w> दें </w><w> कि </w><w> शमी </w><w> की </w><w> पत्नी </w><w> हसीन </w><w> जहां </w><w> ने </w><w> उनपर </w><w> मैच </w><w> फिक्सिंग </w><w> का </w><w> भी </w><w> आरोप </w><w> लगाया </w><w> था, </w><w> जिसके </w><w> बाद </w><w> बीसीसीआई </w><w> ने </w><w> अपनी </w><w> जांच </w><w> पूरी </w><w> कर </w><w> शमी </w><w> को </w><w> क्लीन </w><w> चिट </w><w> दे </w><w> दी </w><w> थी। </w><w> शमी </w><w> आईपीएल </w><w> सीजन </w><w> 11 </w><w> के </w><w> लिए </w><w> खेलने </w><w> जा </w><w> रहे </w><w> हैं </w><w> लेकिन </w><w> उनकी </w><w> चोट </w><w> को </w><w> लेकर </w><w> अभी </w><w> यह </w><w> कहा </w><w> नहीं </w><w> जा </w><w> सकता </w><w> कि </w><w> शमी </w><w> 7 </w><w> अप्रैल </w><w> से </w><w> शुरू </w><w> होने </w><w> वाले </w><w> आईपीएल </w><w> मैचों </w><w> में </w><w> खेलेंगे </w><w> या </w><w> नहीं। </w></p></document>