<?xml version="1.0" encoding="UTF-8"?>
<document><desc></desc><time>6809</time><p><place-arg id="0"><link event_arg="1" id="16" type_rel="EVENT_ARG"/><w> अमेरिका </w></place-arg><w> में </w><w> आए </w><w> भीषण </w><natural_event id="1" type="BLIZZARD"><w> बर्फीले </w><w> तूफान </w></natural_event><name-arg id="2"><link event_arg="1" id="17" type_rel="EVENT_ARG"/><w> ‘स्नोजिला’ </w></name-arg><w> ने </w><place-arg id="3"><link event_arg="1" id="18" type_rel="EVENT_ARG"/><w> राजधानी </w><w> वाशिंगटन </w><w> डीसी </w><w> समेत </w><w> देश </w><w> के </w><w> पूर्वी </w><w> तट </w><w> के </w><w> ज्यादातर </w><w> हिस्से </w></place-arg><w> को </w><after_effects-arg id="4"><link event_arg="1" id="19" type_rel="EVENT_ARG"/><w> प्रभावित </w><w> किया </w></after_effects-arg><w> है। </w><w> ऐसी </w><w> आशंका </w><w> है </w><w> कि </w><w> इस </w><natural_event id="5" type="BLIZZARD"><event-coref-link event_id="1" id="29" type_rel="EVENT_COREF"></event-coref-link><w> तूफान </w></natural_event><w> में </w><w> रेकार्ड </w><w> 30 </w><w> इंच </w><w> तक </w><w> की </w><w> बर्फबारी </w><w> हो </w><w> सकती </w><w> है। </w><natural_event id="6" type="BLIZZARD"><event-coref-link event_id="1" id="30" type_rel="EVENT_COREF"></event-coref-link><w> तूफान </w></natural_event><w> के </w><w> कारण </w><w> अमेरिका </w><w> में </w><w> कम </w><w> से </w><w> कम </w><w> आठ </w><w> लोग </w><w> मारे </w><w> गए </w><w> हैं </w><w> और </w><w> 10 </w><w> राज्यों </w><w> ने </w><w> आपात </w><w> स्थिति </w><w> की </w><w> घोषणा </w><w> की </w><w> है। </w><w> अधिकारियों </w><w> ने </w><w> तूफान </w><w> के </w><w> रास्ते </w><w> में </w><w> आने </w><w> वाले </w><w> लाखों </w><w> लोगों </w><w> से </w><w> सुरक्षित </w><w> जगहों </w><w> पर </w><w> आश्रय </w><w> लेने </w><w> और </w><w> यात्रा </w><w> संबंधी </w><w> बाधाओं </w><w> वाले </w><w> सप्ताहांत </w><w> के </w><w> लिए </w><w> तैयार </w><w> रहने </w><w> को </w><w> कहा </w><w> है। </w><w> वाशिंगटन </w><w> डीसी </w><w> के </w><w> अलावा </w><w> इस </w><natural_event id="7" type="BLIZZARD"><event-coref-link event_id="1" id="28" type_rel="EVENT_COREF"></event-coref-link><w> तूफान </w></natural_event><w> के </w><w> कारण </w><w> जो </w><w> राज्य </w><after_effects-arg id="9"><link event_arg="7" id="20" type_rel="EVENT_ARG"/><w> सबसे </w><w> ज्यादा </w><w> प्रभावित </w></after_effects-arg><w> हुए </w><w> हैं, </w><w> वे </w><w> हैं </w><w> – </w><place-arg id="8"><link event_arg="7" id="21" type_rel="EVENT_ARG"/><w> जार्जिया, </w><w> नार्थ </w><w> कैरोलिना, </w><w> टेनिसी, </w><w> मेरीलैंड, </w><w> वर्जीनिया, </w><w> पेंसिलवेनिया, </w><w> न्यूजर्सी, </w><w> न्यूयार्क </w><w> और </w><w> केंटुकी। </w></place-arg><w> इन </w><w> राज्यों </w><w> ने </w><w> आपात </w><w> स्थिति </w><w> की </w><w> घोषणा </w><w> की </w><w> है। </w><w> वर्जीनिया </w><w> जहां </w><w> बड़ी </w><w> संख्या </w><w> में </w><w> तेलुगू </w><w> आबादी </w><w> है, </w><w> मीडिया </w><w> ने </w><w> शुक्रवार </w><w> को </w><w> मौसम </w><w> संबंधित </w><w> कई </w><w> हादसों </w><w> की </w><w> खबर </w><w> दी </w><w> है। </w></p><p><w> वर्जीनिया </w><w> पुलिस </w><w> ने </w><w> 800 </w><w> से </w><w> अधिक </w><w> यातायात </w><w> हादसों </w><w> को </w><w> लेकर </w><w> प्रतिक्रिया </w><w> दी। </w><w> नॉर्थ </w><w> अमेरिकन </w><w> तेलुगू </w><w> एसोसिएशन </w><w> ने </w><w> सदस्यों </w><w> से </w><w> अपील </w><w> की </w><w> है </w><w> कि </w><w> वे </w><w> घरों </w><w> के </w><w> अंदर </w><w> ही </w><w> रहें </w><w> और </w><w> सुरक्षा </w><w> के </w><w> लिए </w><w> हर </w><w> ऐहतियात </w><w> बरतें। </w><w> बड़ी </w><w> संख्या </w><w> में </w><w> मंदिरों, </w><w> गुरुद्वारों </w><w> और </w><w> अन्य </w><w> पूजाघरों </w><w> ने </w><w> प्रभावित </w><w> लोगों </w><w> को </w><w> शरण </w><w> देने </w><w> के </w><w> लिए </w><w> अपने </w><w> दरवाजे </w><w> खोल </w><w> दिए </w><w> हैं। </w><w> तूफान </w><w> के </w><w> रास्ते </w><w> में </w><w> 8.5 </w><w> करोड़ </w><w> तक </w><w> की </w><w> आबादी </w><w> है </w><w> जो </w><w> कि </w><w> देश </w><w> की </w><w> कुल </w><w> आबादी </w><w> का </w><w> एक </w><w> चौथाई </w><w> हिस्सा </w><w> है। </w><w> नवीनतम </w><w> आकलन </w><w> के </w><w> अनुसार </w><w> इस </w><natural_event id="12" type="BLIZZARD"><event-coref-link event_id="1" id="27" type_rel="EVENT_COREF"></event-coref-link><w> तूफान </w></natural_event><w> के </w><w> चलते </w><after_effects-arg id="10"><link event_arg="12" id="22" type_rel="EVENT_ARG"/><w> 1,20,000 </w><w> से </w><w> भी </w><w> ज्यादा </w><w> घरों </w><w> से </w><w> बिजली </w><w> गुल </w><w> हो </w><w> गई </w></after_effects-arg><w> और </w><after_effects-arg id="11"><link event_arg="12" id="23" type_rel="EVENT_ARG"/><w> क्षेत्र </w><w> में </w><w> कई </w><w> इंच </w><w> मोटी </w><w> बर्फ </w><w> की </w><w> परत </w><w> जम </w><w> गई </w></after_effects-arg><w> है। </w></p><p><w> अमेरिकी </w><w> मीडिया </w><w> ने </w><natural_event id="13" type="BLIZZARD"><event-coref-link event_id="1" id="26" type_rel="EVENT_COREF"></event-coref-link><w> तूफान </w></natural_event><w> को </w><name-arg id="14"><link event_arg="13" id="24" type_rel="EVENT_ARG"/><w> ‘स्नोजिला’ </w></name-arg><w> का </w><w> नाम </w><w> दिया </w><w> है। </w><w> वाशिंगटन </w><w> में </w><w> सप्ताहांत </w><w> में </w><w> 30 </w><w> इंच </w><w> मोटी </w><w> बर्फ </w><w> की </w><w> परत </w><w> जमने </w><w> की </w><w> आशंका </w><w> है। </w><w> वाशिंगटन </w><w> की </w><w> मेयर </w><w> एम </w><w> ई </w><w> बाउजर </w><w> ने </w><w> कहा, </w><w> ‘हमने </w><w> ऐसी </w><w> भविष्यवाणी </w><w> की </w><w> है, </w><w> जो </w><w> हमने </w><w> पिछले </w><w> 90 </w><w> साल </w><w> में </w><w> नहीं </w><w> की। </w><w> यह </w><w> जिंदगी </w><w> और </w><w> मौत </w><w> का </w><w> मामला </w><w> है </w><w> और </w><w> डिस्ट्रिक्ट </w><w> आफ </w><w> कोलंबिया </w><w> के </w><w> सभी </w><w> निवासियों </w><w> को </w><w> इसे </w><w> इसी </w><w> तरह </w><w> से </w><w> लेना </w><w> चाहिए।’ </w><w> उन्होंने </w><w> यह </w><w> भी </w><w> कहा </w><w> कि </w><w> डिस्ट्रिक्ट </w><w> नेशनल </w><w> गार्ड्स </w><w> को </w><w> काम </w><w> पर </w><w> तैनात </w><w> किया </w><w> गया </w><w> है। </w><w> स्थानीय </w><w> सरकारों </w><w> ने </w><w> क्षेत्र </w><w> में </w><w> बड़ी </w><w> सड़कों </w><w> और </w><w> राजमार्गों </w><w> से </w><w> बर्फ </w><w> हटाने </w><w> के </w><w> लिए </w><w> बर्फ </w><w> हटाने </w><w> वाली </w><w> गाड़ियों </w><w> और </w><w> नमक </w><w> के </w><w> ट्रकों </w><w> का </w><w> इंतजाम </w><w> किया </w><w> है। </w></p><p><w> तापमान </w><w> के </w><w> जमाव </w><w> बिंदु </w><w> से </w><w> कम </w><w> पर </w><w> होने </w><w> से </w><w> लोग </w><w> घरों </w><w> के </w><w> अंदर </w><w> ही </w><w> बने </w><w> रहे। </w><w> शुक्रवार </w><w> और </w><w> शनिवार </w><w> के </w><after_effects-arg id="15"><link event_arg="13" id="25" type_rel="EVENT_ARG"/><w> बीच </w><w> 6,000 </w><w> से </w><w> अधिक </w><w> उड़ानें </w><w> रद्द </w><w> कर </w><w> दी </w><w> गईं </w><w> और </w><w> 4,500 </w><w> से </w><w> अधिक </w><w> उड़ानों </w><w> में </w><w> देरी </w><w> हुई। </w></after_effects-arg><w> ऐहतियात </w><w> के </w><w> तौर </w><w> पर </w><w> वाशिंगटन </w><w> क्षेत्र </w><w> में </w><w> सार्वजनिक </w><w> यातायात </w><w> प्रणाली </w><w> बंद </w><w> कर </w><w> दी </w><w> गई। </w><w> नेशनल </w><w> वेदर </w><w> सर्विस </w><w> (एनडब्ल्यूएस) </w><w> ने </w><w> कहा, </w><w> ‘भारी </w><w> बर्फबारी </w><w> और </w><w> तेज </w><w> हवाओं </w><w> के </w><w> कारण </w><w> बहुत </w><w> कम </w><w> दृश्यता </w><w> वाली </w><w> स्थितियां </w><w> पैदा </w><w> हो </w><w> जाएंगी </w><w> और </w><w> यात्रा </w><w> करना </w><w> बहुत </w><w> खतरनाक </w><w> हो </w><w> जाएगा।’ </w><w> एनडब्ल्यूएस </w><w> के </w><w> अधिकारियों </w><w> ने </w><w> कहा </w><w> कि </w><w> तूफान </w><w> से </w><w> एक </w><w> अरब </w><w> डालर </w><w> से </w><w> ज्यादा </w><w> की </w><w> क्षति </w><w> हो </w><w> सकती </w><w> है। </w><w> यह </w><w> बर्फीला </w><w> तूफान </w><w> 36 </w><w> घंटे </w><w> तक </w><w> जारी </w><w> रह </w><w> सकता </w><w> है </w><w> और </w><w> कुछ </w><w> स्थानोंं </w><w> पर </w><w> दो </w><w> फुट </w><w> से </w><w> ज्यादा </w><w> बर्फ </w><w> गिर </w><w> सकती </w><w> है। </w><w> एनडब्ल्यूएस </w><w> ने </w><w> ट्वीट </w><w> में </w><w> कहा </w><w> कि </w><w> इस </w><w> तूफान </w><w> के </w><w> ‘असली </w><w> रूप’ </w><w> का </w><w> पता </w><w> शनिवार </w><w> दोपहर </w><w> से </w><w> लेकर </w><w> आधी </w><w> रात </w><w> तक </w><w> चलेगा। </w><w> एनडब्ल्यूएस </w><w> ने </w><w> साथ </w><w> ही </w><w> कहा, </w><w> ‘भारी </w><w> बर्फबारी, </w><w> तेज </w><w> हवाओं </w><w> और </w><w> बिजली </w><w> गिरने </w><w> का </w><w> खतरा </w><w> है।’ </w></p></document>