<?xml version="1.0" encoding="UTF-8"?>
<document><p><w> कर्मचारियों </w><w> में </w><w> मची </w><w> अफरातफरी, </w><w> अधिकारियों </w><w> के </w><w> भी </w><w> उड़े </w><w> होश </w></p><p><place-arg id="0"><link event_arg="2" id="7" type_rel="EVENT_ARG"/><w> मुरादाबाद। </w><w> अमरोहा </w><w> जिले </w><w> के </w><w> गजरौला </w><w> नगर </w></place-arg><w> में </w><w> स्थित </w><place-arg id="1"><link event_arg="2" id="8" type_rel="EVENT_ARG"/><w> एक </w><w> फैक्ट्री </w><w> के </w><w> प्लांट </w></place-arg><w> में </w><man_made_event id="2" type="INDUSTRIAL_ACCIDENT"><w> गैस </w><w> लीकेज </w></man_made_event><w> से </w><casualties-arg id="3"><link event_arg="2" id="9" type_rel="EVENT_ARG"/><w> दो </w><w> कर्मचारियों </w><w> की </w><w> हालत </w><w> बिगड़ </w><w> गई। </w></casualties-arg><w> इनमें </w><w> से </w><w> एक </w><w> ने </w><w> इलाज </w><w> के </w><w> दौरान </w><w> दम </w><w> तोड़ </w><w> दिया, </w><w> जबकि </w><w> दूसरा </w><w> जिंदगी </w><w> और </w><w> मौत </w><w> के </w><w> बीच </w><w> झूल </w><w> रहा </w><w> है। </w><w> घटना </w><w> से </w><w> मृतक </w><w> के </w><w> परिजनों </w><w> में </w><w> कोहराम </w><w> मचा </w><w> है। </w><w> फिलहाल, </w><w> अभी </w><w> तक </w><w> परिजनों </w><w> ने </w><w> मसले </w><w> में </w><w> कोई </w><w> कानूनी </w><w> कार्रवाई </w><w> नहीं </w><w> की </w><w> है। </w></p><p><w> औद्योगिक </w><w> नगरी </w><w> गजरौला </w><w> में </w><w> लगी </w><w> तमाम </w><w> फैक्ट्रियों </w><w> में </w><w> अक्सर </w><w> कोई </w><w> न </w><w> कोई </w><w> घटना </w><w> होती </w><w> रहती </w><w> है। </w><time-arg id="4"><link event_arg="2" id="10" type_rel="EVENT_ARG"/><w> सोमवार </w><w> की </w><w> सुबह </w></time-arg><place-arg id="5"><link event_arg="2" id="11" type_rel="EVENT_ARG"/><w> हाइवे </w><w> किनारे </w><w> स्थित </w><w> एक </w><w> बड़ी </w><w> फैक्ट्री </w><w> के </w><w> फाइन </w><w> केमिकल </w><w> प्लांट </w></place-arg><w> में </w><man_made_event id="13" type="INDUSTRIAL_ACCIDENT"><event-coref-link event_id="2" id="14" type_rel="EVENT_COREF"></event-coref-link><w> गैस </w><w> लीकेज </w></man_made_event><w> हो </w><w> गई। </w><w> इससे </w><w> कर्मचारियों </w><w> में </w><w> अफरातफरी </w><w> मच </w><w> गई। </w><w> काम </w><w> कर </w><w> रहे </w><w> दो </w><casualties-arg id="6"><link event_arg="2" id="12" type_rel="EVENT_ARG"/><w> कर्मचारी </w><w> गैस </w><w> की </w><w> चपेट </w><w> में </w><w> आकर </w><w> बेहोश </w><w> हो </w><w> गये, </w><w> जबकि </w><w> अन्य </w><w> भाग </w><w> निकले। </w></casualties-arg><w> शोर </w><w> मचते </w><w> ही </w><w> अधिकारियों </w><w> में </w><w> हड़कंप </w><w> मच </w><w> गया। </w><w> आननफानन </w><w> में </w><w> दोनों </w><w> कर्मचारियों </w><w> को </w><w> बेहोशी </w><w> की </w><w> हालत </w><w> में </w><w> सामुदायिक </w><w> स्वास्थ्य </w><w> केंद्र </w><w> में </w><w> भर्ती </w><w> कराया </w><w> गया, </w><w> लेकिन </w><w> चिकित्सकों </w><w> ने </w><w> तबियत </w><w> चिंताजनक </w><w> देखते </w><w> हुए </w><w> उनको </w><w> मुरादाबाद </w><w> अस्पताल </w><w> रेफर </w><w> कर </w><w> दिया। </w></p><p><w> यहां </w><w> दोनों </w><w> का </w><w> चिकित्सकों </w><w> ने </w><w> उपचार </w><w> शुरू </w><w> किया। </w><w> जिंदगियों </w><w> को </w><w> बचाने </w><w> की </w><w> पुरजोर </w><w> कोशिश </w><w> की </w><w> लेकिन </w><w> इनमें </w><w> से </w><w> एक </w><w> कर्मी </w><w> पवन </w><w> कुमार </w><w> निवासी </w><w> धुनपुरी </w><w> थाना </w><w> गजरौला </w><w> की </w><w> सांसें </w><w> मौत </w><w> से </w><w> जंग </w><w> लड़ते-लड़ते </w><w> थम </w><w> गई। </w><w> दूसरे </w><w> की </w><w> स्थिति </w><w> नाजुक </w><w> बनी </w><w> है। </w><w> डाक्टर </w><w> उसको </w><w> बचाने </w><w> के </w><w> प्रयास </w><w> में </w><w> जुटे </w><w> हैं। </w><w> इधर </w><w> कर्मी </w><w> की </w><w> मौत </w><w> की </w><w> खबर </w><w> सुनते </w><w> ही </w><w> परिजनों </w><w> के </w><w> होश </w><w> उड़ </w><w> गये। </w><w> रोते-बिलखते </w><w> हुए </w><w> परिजन </w><w> अस्पताल </w><w> की </w><w> ओर </w><w> दौड़ </w><w> पड़े। </w><w> फैक्ट्री </w><w> के </w><w> अधिकारी </w><w> मौके </w><w> पर </w><w> पहुंच </w><w> गए </w><w> हैं। </w><w> पुलिस </w><w> को </w><w> सूचना </w><w> दे </w><w> दी </w><w> गई </w><w> है। </w><w> इंस्पेक्टर </w><w> हरपाल </w><w> सिंह </w><w> ने </w><w> बताया </w><w> कि </w><w> तहरीर </w><w> मिलने </w><w> पर </w><w> मामले </w><w> में </w><w> कार्रवाई </w><w> होगी। </w><w> लाश </w><w> का </w><w> पोस्टमार्टम </w><w> कराया </w><w> जाएगा। </w></p></document>