<?xml version="1.0" encoding="UTF-8"?>
<document><desc></desc><time>250</time><p><w> मुंबई </w><w> (प्रेट्र)। </w><place-arg id="1"><link event_arg="0" id="4" type_rel="EVENT_ARG"/><w> दक्षिण </w><w> मुंबई </w><w> के </w><w> लोअर </w><w> परेल </w><w> स्‍थित </w><w> नवरंग </w><w> स्‍टूडियो </w></place-arg><w> में </w><time-arg id="2"><link event_arg="0" id="5" type_rel="EVENT_ARG"/><w> शुक्रवार </w><w> रात </w><w> एक </w><w> बजे </w></time-arg><man_made_event id="0" type="FIRE"><w> आग </w><w> लग </w><w> गयी। </w></man_made_event><w> यह </w><w> स्‍टूडियो </w><w> पिछले </w><w> कई </w><w> सालों </w><w> से </w><w> बंद </w><w> पड़ा </w><w> है। </w><w> आग </w><w> बुझाने </w><w> के </w><w> क्रम </w><w> में </w><casualties-arg id="3"><link event_arg="0" id="6" type_rel="EVENT_ARG"/><w> एक </w><w> फायरमैन </w></casualties-arg><w> के </w><w> जख्‍मी </w><w> होने </w><w> की </w><w> खबर </w><w> है। </w></p><p><w> एक </w><w> सीनियर </w><w> फायर </w><w> ब्रिगेड </w><w> अधिकारी </w><w> ने </w><w> बताया </w><w> कि </w><w> कई </w><w> सालों </w><w> पहले </w><w> बंद </w><w> हो </w><w> चुका </w><after_effects-arg id="7"><link event_arg="0" id="8" type_rel="EVENT_ARG"/><w> स्‍टूडियो </w><w> का </w><w> एक </w><w> हिस्‍सा </w><w> आग </w><w> में </w><w> जलकर </w><w> खाक </w></after_effects-arg><w> हो </w><w> गया। </w><w> रात </w><w> के </w><w> एक </w><w> बजे </w><w> हमारे </w><w> फायरमैन </w><w> को </w><w> लोअर </w><w> परेल </w><w> स्‍थित </w><w> टोडी </w><w> मिल </w><w> कंपाउंड </w><w> में </w><w> आग </w><w> लगने </w><w> की </w><w> सूचना </w><w> मिली। </w><w> जिस </w><w> बिल्‍डिंग </w><w> में </w><w> यह </w><w> स्‍टूडियो </w><w> स्‍थित </w><w> है </w><w> वह </w><w> खाली </w><w> है। </w></p><p><w> फायर </w><w> ब्रिगेड </w><w> चीफ </w><w> पी </w><w> एस </w><w> रहंगडाले </w><w> ने </w><w> बताया, </w><w> ‘रात </w><w> एक </w><w> बजे </w><w> के </w><w> करीब </w><w> हमारे </w><w> फायरमैन </w><w> को </w><w> इस </w><w> घटना </w><w> की </w><w> सूचना </w><w> मिली </w><w> और </w><w> एक </w><w> बजकर </w><w> सत्रह </w><w> मिनट </w><w> पर </w><w> हमारे </w><w> जवान </w><w> मौके </w><w> पर </w><w> फायर </w><w> इंजिन </w><w> व </w><w> वाटर </w><w> टैंकर </w><w> के </w><w> साथ </w><w> पहुंच </w><w> गए। </w></p><p><w> उन्‍होंने </w><w> बताया </w><w> कि </w><w> एक </w><w> घंटे </w><w> के </w><w> भीतर </w><w> आग </w><w> बुझा </w><w> ली </w><w> गयी। </w><w> नवरंग </w><w> स्‍टूडियो </w><w> इंडस्‍ट्रियल </w><w> कंपलेक्‍स </w><w> के </w><w> चौथे </w><w> मंजिल </w><w> पर </w><w> स्‍थित </w><w> है </w><w> जो </w><w> काफी </w><w> पुराना </w><w> और </w><w> जीर्ण </w><w> हालत </w><w> में </w><w> है। </w><w> उन्‍होंने </w><w> आगे </w><w> कहा </w><w> कि </w><w> आग </w><w> बुझाने </w><w> के </w><w> क्रम </w><w> में </w><w> एक </w><w> फायरमैन </w><w> को </w><w> कुछ </w><w> चोटें </w><w> आयी </w><w> हैं </w><w> बता </w><w> दें </w><w> कि </w><w> कमला </w><w> मिल्‍स </w><w> कंपाउंड </w><w> से </w><w> कुछ </w><w> ही </w><w> दूरी </w><w> पर </w><w> यह </w><w> स्‍थित </w><w> है </w><w> जहां </w><w> 29 </w><w> दिसंबर </w><w> को </w><w> भयंकर </w><w> आग </w><w> लगी </w><w> और </w><w> 14 </w><w> लोग </w><w> मारे </w><w> गए। </w><w> इस </w><w> माह </w><w> के </w><w> शुरआत </w><w> में </w><w> सिनेविस्‍टा </w><w> स्‍टूडिया </w><w> में </w><w> भी </w><w> आग </w><w> लगने </w><w> की </w><w> घटना </w><w> हुई </w><w> जिसमें </w><w> एक </w><w> ऑडियो </w><w> असिस्‍टेंट </w><w> की </w><w> मौत </w><w> हो </w><w> गयी </w><w> थी। </w></p></document>