<?xml version="1.0" encoding="UTF-8"?>
<document><p><time-arg id="4"><link event_arg="0" id="19" type_rel="EVENT_ARG"/><w> मुंबई </w></time-arg><w> में </w><time-arg id="9"><link event_arg="0" id="20" type_rel="EVENT_ARG"/><w> गुरुवार </w><w> शाम </w></time-arg><w> को </w><w> एक </w><w> बड़ा </w><w> हादसा </w><w> हुआ </w><w> है। </w><w> यहां </w><w> पर </w><time-arg id="5"><link event_arg="0" id="21" type_rel="EVENT_ARG"/><w> बांद्रा </w><w> स्टेशन </w><w> के </w><w> पास </w></time-arg><time-arg id="10"><w> शाम </w></time-arg><w> को </w><time-arg id="6"><link event_arg="0" id="22" type_rel="EVENT_ARG"/><w> बेहरमपाड़ा </w></time-arg><w> इलाके </w><w> में </w><w> भीषण </w><man_made_event id="0" type="FIRE"><w> आग </w><w> लग </w></man_made_event><w> गई। </w><man_made_event id="8" type="FIRE"><event-coref-link event_id="0" id="23" type_rel="EVENT_COREF"></event-coref-link><w> हादसे </w></man_made_event><w> में </w><w> एक </w><w> शख्स </w><w> के </w><w> घायल </w><w> होने </w><w> की </w><w> खबर </w><w> आ </w><w> रही </w><w> है, </w><w> जो </w><casualties-arg id="7"><link event_arg="8" id="25" type_rel="EVENT_ARG"/><w> फायरमैन </w></casualties-arg><w> बताया </w><w> जा </w><w> रहा </w><w> है। </w><w> वह </w><w> आग </w><w> बुझाते </w><w> वक्त </w><w> घायल </w><w> हुआ </w><w> था। </w><w> वहीं, </w><man_made_event id="1" type="FIRE"><event-coref-link event_id="0" id="24" type_rel="EVENT_COREF"></event-coref-link><w> हादसे </w></man_made_event><w> से </w><w> शहर </w><w> में </w><after_effects-arg id="11"><link event_arg="1" id="26" type_rel="EVENT_ARG"/><w> लोकल </w><w> ट्रेन </w><w> सेवा </w><w> प्रभावित </w><w> हुई </w></after_effects-arg><w> है। </w><w> मीडिया </w><w> रिपोर्ट्स </w><w> के </w><w> मुताबिक, </w><w> आग </w><w> स्टेशन </w><w> के </w><w> पास </w><w> बनी </w><w> झुग्गी-झोपड़ियों </w><w> में </w><w> लगी </w><w> थी। </w><man_made_event id="2" type="FIRE"><event-coref-link event_id="0" id="27" type_rel="EVENT_COREF"></event-coref-link><w> घटना </w></man_made_event><w> के </w><w> दौरान </w><w> आस-पास </w><w> के </w><participant-arg id="12"><link event_arg="2" id="28" type_rel="EVENT_ARG"/><w> लोगों </w><w> में </w><w> अफरा-तफरी </w><w> का </w><w> माहौल </w></participant-arg><w> बन </w><w> गया </w><w> था। </w><w> सूचना </w><w> के </w><w> बाद </w><w> आग </w><w> बुझाने </w><w> के </w><w> लिए </w><w> करीब </w><participant-arg id="13"><link event_arg="2" id="29" type_rel="EVENT_ARG"/><w> 16 </w><w> दमकल </w><w> की </w><w> गाड़ियां, </w><w> 12 </w><w> पानी </w><w> के </w><w> टैंकर </w><w> और </w><w> तीन </w><w> एंबुलेंस </w><w> मौके </w><w> पर </w><w> पहुंचे। </w></participant-arg><w> करीब </w><w> शाम </w><w> साढ़े </w><w> चार </w><w> बजे </w><w> मुंबई </w><w> दमकल </w><w> विभाग </w><w> ने </w><w> इसे </w><intensity-arg id="14"><link event_arg="2" id="30" type_rel="EVENT_ARG"/><w> चौथे </w><w> स्तर </w><w> (लेवेल </w><w> 4) </w><w> की </w><w> भीषण </w><w> आग </w></intensity-arg><w> बताया। </w><w> वह </w><w> इतनी </w><w> भयावह </w><w> थी </w><w> कि </w><w> स्टेशन </w><w> पर </w><w> यात्रियों </w><w> के </w><w> लिए </w><w> बना </w><after_effects-arg id="15"><link event_arg="2" id="31" type_rel="EVENT_ARG"/><w> फुटओवर </w><w> ब्रिज </w><w> भी </w><w> इसकी </w><w> चपेट </w><w> में </w><w> आ </w><w> गया। </w></after_effects-arg><man_made_event id="3" type="FIRE"><event-coref-link event_id="0" id="32" type_rel="EVENT_COREF"></event-coref-link><w> हादसे </w></man_made_event><w> के </w><w> कारण </w><after_effects-arg id="16"><link event_arg="3" id="33" type_rel="EVENT_ARG"/><w> बांद्रा </w><w> हार्बर </w><w> लाइन </w><w> की </w><w> ट्रेनों </w><w> का </w><w> आवागमन </w><w> रोक </w></after_effects-arg><w> दिया </w><w> गया </w><w> है। </w><w> हालांकि, </w><w> जबकि </w><after_effects-arg id="17"><link event_arg="3" id="34" type_rel="EVENT_ARG"/><w> स्टेशन </w><w> को </w><w> खाली </w><w> कराया </w></after_effects-arg><w> गया </w><w> है। </w><w> वहीं, </w><w> पास </w><w> के </w><after_effects-arg id="18"><link event_arg="3" id="35" type_rel="EVENT_ARG"/><w> बांद्रा </w><w> भाभा </w><w> अस्पताल </w><w> और </w><w> वीएन </w><w> देसाई </w><w> अस्पताल </w><w> को </w><w> इस </w><w> बाबत </w><w> अलर्ट </w><w> किया </w><w> गया </w></after_effects-arg><w> है। </w></p></document>