<?xml version="1.0" encoding="UTF-8"?>
<document><desc></desc><time>290</time><p><place-arg id="6"><link event_arg="0" id="7" type_rel="EVENT_ARG"/><w> उत्तरी </w><w> म्यामांर </w><w> में </w><w> पन्ने </w><w> की </w><w> एक </w><w> खदान </w><w> के </w><w> पास </w></place-arg><natural_event id="0" type="LAND_SLIDE"><w> जमीन </w><w> धंसने </w></natural_event><w> से </w><casualties-arg id="1"><link event_arg="0" id="8" type_rel="EVENT_ARG"/><w> 100 </w><w> लोगों </w></casualties-arg><w> की </w><w> मौत </w><w> हो </w><w> गई। </w><w> माना </w><w> जा </w><w> रहा </w><w> है </w><w> कि </w><w> ज्यादातर </w><w> लोगों </w><w> की </w><w> मौत </w><reason-arg id="3"><link event_arg="0" id="9" type_rel="EVENT_ARG"/><w> कचरे </w><w> के </w><w> पहाड़ </w><w> में </w><w> दबने </w></reason-arg><w> से </w><w> हुई </w><w> है </w><w> जो </w><w> खनन </w><w> कंपनियों </w><w> ने </w><reason-arg id="4"><link event_arg="0" id="10" type_rel="EVENT_ARG"/><w> पन्ना </w><w> निकालने </w><w> के </w><w> लिए </w><w> जमीन </w><w> खोदने </w></reason-arg><w> से </w><w> बना </w><w> था। </w></p><p><w> काचिन </w><w> प्रांत </w><w> के </w><w> दूरदराज </w><w> में </w><w> स्थित </w><w> इस </w><w> बयाबान </w><w> में </w><w> बहुत </w><w> से </w><w> लोग </w><w> इस </w><w> उम्मीद </w><w> में </w><w> झोंपड़िया </w><w> बना </w><w> कर </w><w> रह </w><w> रहे </w><w> थे </w><w> कि </w><w> पन्ना </w><w> मिलने </w><w> से </w><w> उनकी </w><w> तकदीर </w><w> बदल </w><w> जाएगी। </w><w> एचपकांत </w><w> के </w><w> एक </w><w> स्थानीय </w><w> अधिकारी </w><w> निलार </w><w> माइंत </w><w> ने </w><w> बताया </w><w> कि </w><w> हमने </w><w> 21 </w><w> नवंबर </w><w> को </w><w> 79 </w><w> शव </w><w> पाए </w><w> और </w><w> रविवार </w><w> को </w><w> 11 </w><w> शव </w><w> मिले। </w><w> इस </w><w> तरह </w><w> कुल </w><w> मिला </w><w> कर </w><w> अभी </w><w> तक </w><w> 90 </w><w> शव </w><w> मिले </w><w> हैं। </w><w> उन्होंने </w><w> कहा </w><w> कि </w><w> हम </w><w> लोग </w><w> सिर्फ </w><w> शव </w><w> देख </w><w> रहे </w><w> हैं </w><w> और </w><w> कोई </w><w> नहीं </w><w> जानता </w><w> कि </w><w> यहां </w><w> कितने </w><w> लोग </w><w> रहते </w><w> हैं। </w><w> उन्होंने </w><w> बताया </w><w> कि </w><w> अभी </w><w> तक </w><w> मलबे </w><w> से </w><w> सिर्फ </w><w> एक </w><w> व्यक्ति </w><w> जीवित </w><w> निकाला </w><w> जा </w><w> सका </w><w> था, </w><w> उसकी </w><w> भी </w><w> कुछ </w><w> देर </w><w> बाद </w><w> मौत </w><w> हो </w><w> गई। </w></p><p><w> माइंत </w><w> ने </w><w> बताया </w><w> कि </w><w> रेड </w><w> क्रास, </w><w> सेना, </w><w> पुलिस </w><w> और </w><w> स्थानीय </w><w> सामुदायिक </w><w> समूहों </w><w> के </w><w> बचावकर्ता </w><w> घटना </w><w> स्थल </w><w> पर </w><w> हैं </w><w> और </w><w> लोगों </w><w> को </w><w> मलबे </w><w> से </w><w> निकालने </w><w> की </w><w> कोशिश </w><w> कर </w><w> रहे </w><w> हैं। </w><w> लेकिन </w><w> इस </w><w> दूरदराज </w><w> के </w><w> इलाके </w><w> में </w><w> खराब </w><w> मौसम </w><w> इस </w><w> काम </w><w> में </w><w> बाधा </w><w> डाल </w><w> रहा </w><w> है। </w><w> जिस </w><w> जगह </w><w> पर </w><natural_event id="11" type="LAND_SLIDE"><event-coref-link event_id="0" id="12" type_rel="EVENT_COREF"></event-coref-link><w> भूस्खलन </w></natural_event><w> हुआ </w><w> वहां </w><w> दुनिया </w><w> के </w><w> सबसे </w><w> बेहतरीन </w><w> पन्ने </w><w> पाए </w><w> जाते </w><w> हैं </w><w> जिसके </w><w> कारोबार </w><w> से </w><w> म्यामांर </w><w> में </w><w> हर </w><w> साल </w><w> अरबों </w><w> डालर </w><w> की </w><w> राशि </w><w> आती </w><w> है। </w></p></document>