<?xml version="1.0" encoding="UTF-8"?>
<document><desc></desc><time>1096</time><p><w> मुंबई, </w><place-arg id="14"><link event_arg="0" id="15" type_rel="EVENT_ARG"/><w> एएनआइ। महाराष्‍ट्र </w><w> के </w><w> बीड </w></place-arg><w> में </w><time-arg id="1"><link event_arg="0" id="16" type_rel="EVENT_ARG"/><w> रविवार </w><w> सुबह </w></time-arg><w> एक </w><man_made_event id="0" type="TRANSPORT_HAZARDS"><w> सड़क </w><w> दुर्घटना </w></man_made_event><w> में </w><w> कम </w><w> से </w><w> कम </w><casualties-arg id="4"><link event_arg="0" id="17" type_rel="EVENT_ARG"/><w> नौ </w><w> लोगों </w></casualties-arg><w> की </w><w> मौत </w><w> हो </w><w> गई, </w><w> जबकि </w><casualties-arg id="6"><link event_arg="0" id="18" type_rel="EVENT_ARG"/><w> 22 </w><w> अन्‍य </w></casualties-arg><w> गंभीर </w><w> रूप </w><w> से </w><w> जख्‍मी </w><w> हो </w><w> गए। </w><w> सभी </w><w> लोग </w><w> एक </w><w> बस </w><w> से </w><w> पुणे </w><w> से </w><w> लातुर </w><w> जा </w><w> रहे </w><w> थे। </w><w> इसी </w><w> दौरान </w><place-arg id="7"><w> बीड </w></place-arg><w> में </w><w> बस </w><w> दुर्घटनाग्रस्‍त </w><w> हो </w><w> गई। </w></p><p><man_made_event id="9" type="TRANSPORT_HAZARDS"><event-coref-link event_id="0" id="20" type_rel="EVENT_COREF"></event-coref-link><w> हादसे </w></man_made_event><w> के </w><w> बाद </w><casualties-arg id="10"><link event_arg="9" id="22" type_rel="EVENT_ARG"/><w> आठ </w><w> लोगों </w></casualties-arg><w> ने </w><w> घटनास्‍थल </w><w> पर </w><w> ही </w><w> दम </w><w> तोड़ </w><w> दिया, </w><w> जबकि </w><casualties-arg id="11"><link event_arg="9" id="23" type_rel="EVENT_ARG"/><w> एक </w><w> अन्‍य </w></casualties-arg><w> व्‍यक्ति </w><w> को </w><w> अहमदनगर </w><w> सरकारी </w><w> अस्‍पताल </w><w> में </w><w> मृत </w><w> घोषित </w><w> किया </w><w> गया। </w><after_effects-arg id="12"><link event_arg="9" id="24" type_rel="EVENT_ARG"/><w> घायलों </w><w> को </w><w> वहीं </w><w> भर्ती </w></after_effects-arg><w> कराया </w><w> गया </w><w> है। </w><man_made_event id="13" type="TRANSPORT_HAZARDS"><event-coref-link event_id="9" id="21" type_rel="EVENT_COREF"></event-coref-link><w> हादसे </w></man_made_event><w> से </w><w> संबंधित </w><w> अन्‍य </w><w> विवरण </w><w> का </w><w> इंतजार </w><w> है। </w></p></document>