<?xml version="1.0" encoding="UTF-8"?>
<document><p><w> नई </w><w> दिल्ली, </w><w> [स्पेशल </w><w> डेस्क]। </w><place-arg id="0"><link event_arg="1" id="16" type_rel="EVENT_ARG"/><w> उत्तर </w><w> प्रदेश </w><w> में </w><w> रायबरेली </w><w> के </w><w> ऊंचाहार </w><w> एनटीपीसी </w><w> इकाई </w></place-arg><w> में </w><w> बॉयलर </w><w> फटने </w><w> से </w><w> भड़की </w><w> भीषण </w><man_made_event id="1" type="FIRE"><w> आग </w></man_made_event><w> में </w><casualties-arg id="2"><link event_arg="1" id="17" type_rel="EVENT_ARG"/><w> 26 </w><w> लोगों </w><w> के </w><w> मरने </w><w> की </w><w> पुष्टि </w></casualties-arg><w> हुई </w><w> है। </w><w> दुर्घटना </w><w> में </w><casualties-arg id="3"><link event_arg="1" id="18" type_rel="EVENT_ARG"/><w> घायलों </w><w> की </w><w> संख्या </w><w> भी </w><w> 200 </w><w> से </w><w> ज्यादा </w></casualties-arg><w> है। </w><w> शुरुआत </w><w> में </w><w> मृतकों </w><w> की </w><w> असली </w><w> संख्या </w><w> का </w><w> पता </w><w> नहीं </w><w> चल </w><w> पा </w><w> रहा </w><w> था, </w><w> क्योंकि </w><w> शुरुआत </w><w> में </w><w> राहत </w><w> बचाव </w><w> कार्य </w><w> में </w><w> सिर्फ </w><w> उन </w><w> लोगों </w><w> को </w><w> निकाला </w><w> गया, </w><w> जिनकी </w><w> सांसें </w><w> चल </w><w> रही </w><w> थीं। </w><w> इसलिए </w><w> जिन </w><w> लोगों </w><w> की </w><w> दम </w><w> घुटने </w><w> से </w><w> मौत </w><w> हो </w><w> चुकी </w><w> थी, </w><w> उन्हें </w><w> बाद </w><w> में </w><w> निकाला </w><w> गया।  </w></p><p><w> ऊंचाहार </w><w> एनटीपीसी </w><w> की </w><w> इस </w><w> दुर्घटना </w><w> ने </w><w> एक </w><w> बार </w><w> फिर </w><w> इंडस्ट्रियल </w><w> एक्सीडेंट </w><w> की </w><w> तरफ </w><w> ध्यान </w><w> खींचा </w><w> है। </w><w> भारत </w><w> और </w><w> दुनिया </w><w> में </w><w> यह </w><w> पहला </w><w> मौका </w><w> नहीं </w><w> है, </w><w> जब </w><w> इस </w><w> तरह </w><w> का </w><w> हादसा </w><w> हुआ </w><w> हो। </w><w> भोपाल </w><w> गैस </w><w> कांड </w><w> से </w><w> लेकर </w><w> फुकुशिमा </w><w> और </w><w> चर्नोबिल </w><w> तक </w><w> ऐसे </w><w> कई </w><w> इंडस्ट्रियल </w><w> एक्सीडेंट </w><w> हो </w><w> चुके </w><w> हैं। </w><w> देश-दुनिया </w><w> के </w><w> कुछ </w><w> बड़े </w><w> इंडस्ट्रियल </w><w> एक्सीडेंट </w><w> के </w><w> बारे </w><w> में </w><w> भी </w><w> चर्चा </w><w> करेंगे। </w><w> पहले </w><w> समझते </w><w> हैं </w><w> असल </w><w> में </w><w> ऊंचाहार </w><w> में </w><w> हुआ </w><w> क्या? यह </w><w> भी </w><w> पढ़ें: </w><w>  एनटीपीसी </w><w> ऊंचाहार </w><w> में </w><w> बॉयलर </w><w> फटने </w><w> से </w><w> 200 </w><w> से </w><w> ज्यादा </w><w> झुलसे, </w><w> 26 </w><w> के </w><w> मरने </w><w> की </w><w> आशंका </w></p><p><w> ऊंचाहार </w><w> एनटीपीसी </w><w> में </w><w> क्या </w><w> हुआ </w></p><p><w> ऊंचाहार </w><w> एनटीपीसी </w><w> की </w><w> छठी </w><w> यूनिट </w><w> में </w><w> एक </w><w> बॉयलर </w><w> फटने </w><w> से </w><w> यह </w><man_made_event id="4" type="INDUSTRIAL_ACCIDENT"><w> दुर्घटना </w></man_made_event><w> हुई। </w><w> बता </w><w> दें </w><w> कि </w><w> इस </w><w> यूनिट </w><w> की </w><w> क्षमता </w><w> 500 </w><w> मेगावाट </w><w> की </w><w> है। </w><w> इस </w><w> हादसे </w><w> में </w><casualties-arg id="5"><link event_arg="4" id="19" type_rel="EVENT_ARG"/><w> 200 </w><w> से </w><w> ज्यादा </w><w> लोगों </w><w> के </w><w> झुलस </w><w> गए। </w></casualties-arg><w> घायलों </w><w> को </w><w> अस्पतालों </w><w> तक </w><w> पहुंचाने </w><w> के </w><w> लिए </w><w> तुरंत </w><w> वहां </w><w> 50 </w><w> एंबुलेंस </w><w> को </w><w> तैनात </w><w> किया </w><w> गया </w><w> था। </w><w> जिले </w><w> के </w><w> तमाम </w><w> अस्पतालों </w><w> को </w><w> अलर्ट </w><w> पर </w><w> रखा </w><w> गया </w><w> और </w><w> डॉक्टरों </w><w> को </w><w> आपात </w><w> सेवा </w><w> में </w><w> बुला </w><w> लिया </w><w> गया। </w><w> इसके </w><w> अलावा </w><w> राज्य </w><w> की </w><w> राजधानी </w><w> लखनऊ </w><w> में </w><w> भी </w><w> 50 </w><w> बेड </w><w> रिजर्व </w><w> किए </w><w> गए </w><w> थे। </w><w> इस </w><w> हादसे </w><w> में </w><w> एनटीपीसी </w><w> के </w><w> एजीएम </w><w> रैंक </w><w> के </w><w> तीन </w><w> अधिकारी </w><w> भी </w><w> घायल </w><w> हैं। </w><w> एजीएम </w><w> प्रभात </w><w> कुमार, </w><w> एजीएम </w><w> मिश्रीलाल </w><w> और </w><w> एजीएम </w><w> संजीव </w><w> सक्सेना </w><w> को </w><w> भी </w><w> लखनऊ </w><w> रेफर </w><w> किया </w><w> गया।   </w></p><p><w> क्या </w><w> होता </w><w> है </w><w> बॉयलर </w><w> और </w><w> कैसे </w><w> काम </w><w> करता </w><w> है </w></p><p><w> बॉयलर </w><w> असल </w><w> में </w><w> एक </w><w> ऐसा </w><w> यंत्र </w><w> है </w><w> जिसमें </w><w> भाप </w><w> बनती </w><w> है। </w><w> यहां </w><w> हीट </w><w> एनर्जी </w><w> से </w><w> इलेक्ट्रिक </w><w> एनर्जी </w><w> बनाई </w><w> जाती </w><w> है। </w><w> ज्यादातर </w><w> जगहों </w><w> पर </w><w> बिजली </w><w> पैदा </w><w> करने </w><w> के </w><w> लिए </w><w> जो </w><w> टर्बाइन </w><w> घूमती </w><w> है </w><w> वह </w><w> स्टीम </w><w> यानी </w><w> भाप </w><w> से </w><w> ही </w><w> घूमती </w><w> है। </w><w> यहां </w><w> पानी </w><w> गर्म </w><w> होकर </w><w> भाप </w><w> बनता </w><w> है </w><w> और </w><w> उससे </w><w> स्टीम </w><w> टर्बाइन </w><w> घूमती </w><w> है </w><w> और </w><w> इस </w><w> क्रिया </w><w> से </w><w> एक </w><w> इलेक्ट्रिक </w><w> जेनरेटर </w><w> चल </w><w> पड़ता </w><w> है। </w><w> बता </w><w> दें </w><w> कि </w><w> फिरोज </w><w> गांधी </w><w> ऊंचाहार </w><w> थर्मल </w><w> पावर </w><w> प्लांट </w><w> का </w><w> अधिग्रहण </w><w> एनटीपीसी </w><w> ने </w><w> 1992 </w><w> में </w><w> किया </w><w> था। </w><w> 1994 </w><w> तक </w><w> एनटीपीसी </w><w> ने </w><w> यहां </w><w> 15000 </w><w> मेगावाट </w><w> की </w><w> क्षमता </w><w> विकसित </w><w> कर </w><w> ली </w><w> थी। </w></p><p><w>  यह </w><w> भी </w><w> पढ़ें: </w><w> NTPC </w><w> Explosion- </w><w> रायबरेली </w><w> जिला </w><w> अस्पताल </w><w> पहुंचे </w><w> राहुल, </w><w> घायलों </w><w> से </w><w> की </w><w> मुलाकात </w></p><p><w>  बॉयलर </w><w> क्या </w><w> होता </w><w> है </w><w> और </w><w> यह </w><w> कैसे </w><w> काम </w><w> करता </w><w> है </w><w> यह </w><w> तो </w><w> आप </w><w> समझ </w><w> ही </w><w> गए </w><w> हैं। </w><w> चलिए </w><w> अब </w><w> जानते </w><w> हैं </w><w> कुछ </w><w> बड़े </w><w> औद्योगिक </w><w> हादसों </w><w> (इंडस्ट्रियल </w><w> एक्सीडेंट्स) </w><w> के </w><w> बारे </w><w> में। </w></p><p><w>  भोपाल </w><w> गैस </w><w> त्रासदी </w></p><p><w>  जब </w><w> भी </w><w> औद्योगिक </w><w> हादसों </w><w> की </w><w> बात </w><w> होती </w><w> है </w><w> तो </w><w> भारत </w><w> में </w><w> हमेशा </w><w> भोपाल </w><w> गैस </w><w> त्रासदी </w><w> का </w><w> नाम </w><w> सबसे </w><w> ऊपर </w><w> होता </w><w> है। </w><w> मध्य </w><w> प्रदेश </w><w> की </w><w> राजधानी </w><w> भोपाल </w><w> में </w><w> हुए </w><w> इस </w><w> इंटस्ट्रियल </w><w> एक्सीडेंट </w><w> को </w><w> दुनिया </w><w> का </w><w> सबसे </w><w> खतरनाक </w><w> हादसा </w><w> भी </w><w> कहा </w><w> जा </w><w> सकता </w><w> है। </w><w> 2-3 </w><w> दिसंबर </w><w> 1984 </w><w> को </w><w> भोपाल </w><w> में </w><w> यूनियन </w><w> कार्बाइड </w><w> इंडिया </w><w> लिमिटेड </w><w> पेस्टीसाइड </w><w> प्लांट </w><w> में </w><w> गैस </w><w> लीक </w><w> होने </w><w> से </w><w> 3700 </w><w> से </w><w> ज्यादा </w><w> लोगों </w><w> की </w><w> मौत </w><w> हो </w><w> गई </w><w> थी, </w><w> जबकि </w><w> गैर </w><w> आधिकारिक </w><w> आंकड़ा </w><w> 16000 </w><w> से </w><w> अधिक </w><w> है। </w><w> यही </w><w> नहीं </w><w> इस </w><w> हादसे </w><w> में </w><w> 5 </w><w> लाख </w><w> से </w><w> ज्यादा </w><w> लोगों </w><w> को </w><w> मिथाइल </w><w> आसोसाइनेट </w><w> गैस </w><w> व </w><w> अन्य </w><w> कैमिकल </w><w> के </w><w> संपर्क </w><w> में </w><w> आ </w><w> गए </w><w> थे।  </w></p><p><w> चर्नोबिल </w><w> की </w><w> दुर्घटना   </w></p><p><time-arg id="6"><link event_arg="8" id="20" type_rel="EVENT_ARG"/><w> 26 </w><w> अप्रैल </w><w> 1986 </w></time-arg><w> को </w><place-arg id="7"><link event_arg="8" id="21" type_rel="EVENT_ARG"/><w> चर्नोबिल </w></place-arg><w> की </w><w> यह </w><man_made_event id="8" type="INDUSTRIAL_ACCIDENT"><w> दुर्घटना </w></man_made_event><w> हुई </w><w> थी। </w><w> तत्कालीन </w><w> सोवियत </w><w> रूस </w><w> के </w><w> यूक्रेनियन </w><w> सोवियत </w><w> सोशलिस्ट </w><w> रिपब्लिक </w><w> में </w><w> यह </w><w> दुर्घटना </w><w> घटी </w><w> थी। </w><w> इस </w><w> हादसे </w><w> में </w><casualties-arg id="9"><link event_arg="8" id="22" type_rel="EVENT_ARG"/><w> 31 </w><w> लोगों </w><w> की </w><w> मौत </w></casualties-arg><w> हुई </w><w> थी। </w><w> यह </w><w> घटना </w><w> देर </w><w> रात </w><w> सेफ्टी </w><w> टेस्ट </w><w> के </w><w> दौरान </w><w> घटी। </w><w> टेस्ट </w><w> के </w><w> दौरान </w><w> स्टेशन </w><w> में </w><w> दर्शाया </w><w> जा </w><w> रहा </w><w> था </w><w> कि </w><w> स्टेशन </w><w> में </w><w> पावर </w><w> फेलियर </w><w> होने </w><w> से </w><w> ब्लैकआउट </w><w> हो </w><w> गया </w><w> है। </w><w> यही </w><w> नहीं </w><w> सेफ्टी </w><w> सिस्टम </w><w> को </w><w> भी </w><w> जानबूझकर </w><w> बंद </w><w> कर </w><w> दिया </w><w> गया </w><w> था। </w><w> रिक्टर </w><w> के </w><w> डिजाइन </w><w> की </w><w> खामियों </w><w> और </w><w> कुछ </w><w> अन्य </w><w> वजहों </w><w> से </w><w> यह </w><w> सेफ्टी </w><w> चैक </w><w> जल्द </w><w> ही </w><w> ऐसी </w><w> स्थित </w><w> में </w><w> बदल </w><w> गया, </w><w> जिस </w><w> पर </w><w> नियंत्रण </w><w> पाना </w><w> नामुमकिन </w><w> हो </w><w> गया। </w><w> बॉयलर </w><w> में </w><w> पानी </w><w> था </w><w> और </w><w> ज्यादा </w><w> स्टीम </w><w> की </w><w> वजह </w><w> से </w><w> वहां </w><w> जोरदार </w><w> धमाका </w><w> हुआ </w><w> और </w><w> वहां </w><w> आग </w><w> लग </w><w> गई। </w><w> इस </w><w> दुर्घटना </w><w> में </w><w> रेडियोएक्टिव </w><w> मैटेरियल </w><w> पूरे </w><w> पश्चिमी </w><w> यूएसएसआर </w><w> और </w><w> यूरोप </w><w> में </w><w> फैल </w><w> गया </w><w> था। </w><w> चर्नोबिल </w><w> की </w><w> यह </w><w> दुर्घटना </w><w> न्यूक्लियर </w><w> पावर </w><w> प्लांट </w><w> हादसों </w><w> में </w><w> सबसे </w><w> घातक </w><w> थी। </w></p><p><w> फुकुशिमा </w><w> डाइची </w><w> न्यूक्लियर </w><w> हादसा   </w></p><p><time-arg id="10"><link event_arg="13" id="23" type_rel="EVENT_ARG"/><w> 11 </w><w> मार्च </w><w> 2011 </w></time-arg><w> को </w><place-arg id="11"><link event_arg="12" id="24" type_rel="EVENT_ARG"/><w> जापान </w></place-arg><w> में </w><w> आई </w><natural_event id="12" type="TSUNAMI"><w> सुनामी </w></natural_event><w> और </w><w> जबरदस्त </w><natural_event id="13" type="EARTHQUAKE"><w> भूकंप </w></natural_event><w> के </w><w> बाद </w><w> फुकुशिमा </w><w> डाइची </w><w> न्यूक्लियर </w><w> प्लांट </w><w> में </w><w> यह </w><w> हादसा </w><w> हुआ। </w><w> दरअसल </w><w> भूकंप </w><w> आते </w><w> ही </w><w> एक्टिव </w><w> रिएक्टर </w><w> अपने </w><w> आप </w><w> बंद </w><w> हो </w><w> गए। </w><w> लेकिन </w><w> सुनामी </w><w> के </w><w> कारण </w><w> इमरजेंसी </w><w> जेनरेटर </w><w> बंद </w><w> हो </w><w> गए </w><w> और </w><w> यही </w><w> जेनरेटर </w><w> रिएक्टर </w><w> को </w><w> ठंडा </w><w> करने </w><w> के </w><w> लिए </w><w> पंप </w><w> को </w><w> विद्युत </w><w> की </w><w> सप्लाई </w><w> करते </w><w> थे। </w><w> कूलिंग </w><w> कम </w><w> होने </w><w> से </w><w> तीन </w><w> न्यूलियर </w><w> प्लांट </w><w> पिघल </w><w> गए। </w><w> इससे </w><man_made_event id="26" type="INDUSTRIAL_ACCIDENT"><w> हाइड्रोजन </w><w> ब्लास्ट </w></man_made_event><w> हुआ </w><w> और </w><w> रेडियोएक्टिव </w><w> मैटेरियल </w><w> हवा </w><w> में </w><w> तैरने </w><w> लगे। </w><w> हालांकि </w><w> इस </w><w> हादसे </w><w> में </w><w> जान-माल </w><w> का </w><w> नुकसान </w><w> नहीं </w><w> हुआ, </w><w> लेकिन </w><w> इस </w><w> हादसे </w><w> ने </w><after_effects-arg id="14"><link event_arg="26" id="27" type_rel="EVENT_ARG"/><w> दुनियाभर </w><w> में </w><w> डर </w><w> का </w><w> माहौल </w><w> पैदा </w><w> कर </w><w> दिया </w></after_effects-arg><w> था। </w><casualties-arg id="15"><link event_arg="26" id="28" type_rel="EVENT_ARG"/><w> 37 </w><w> लोगों </w><w> को </w><w> मामूली </w><w> चोटें </w><w> आई </w><w> थीं।  </w></casualties-arg></p></document>