<?xml version="1.0" encoding="UTF-8"?>
<document><desc>TO BE REVIEWED</desc><time>674</time><p><w> नई </w><w> दिल्लीक,जेएनएन। </w><place-arg id="13"><w> देश </w><w> भर </w><w> के </w><w> कई </w><w> राज्यों </w></place-arg><w> में </w><w> लगातार </w><reason-arg id="3"><w> मूसलाधार </w><w> बारिश </w></reason-arg><w> जारी </w><w> है। </w><w> जिस </w><w> वजह </w><w> से </w><natural_event id="1" type="FLOODS"><w> बाढ़ </w></natural_event><w> जैसे </w><w> हालात </w><w> बन </w><w> गए </w><w> हैं। </w><place-arg id="6"><w> हिमाचल </w><w> प्रदेश </w></place-arg><w> में </w><reason-arg id="4"><w> बारिश </w></reason-arg><w> के </w><w> कारण </w><w> फिर </w><w> से </w><natural_event id="0" type="LAND_SLIDE"><w> भूस्खलन </w></natural_event><w> हुआ। </w><w> असम </w><w> में </w><w> भी </w><natural_event id="2" type="FLOODS"><w> बाढ़ </w></natural_event><w> के </w><w> हालात </w><w> गंभीर </w><w> बने </w><w> हुए </w><w> हैं </w><w> और </w><place-arg id="7"><w> देश </w><w> के </w><w> पूर्वोत्तर </w><w> क्षेत्र </w></place-arg><w> में </w><w> रविवार </w><w> को </w><w> भी </w><w> लगातार </w><w> बारिश </w><w> जारी </w><w> है। </w><place-arg id="8"><w> गुजरात </w><w> के </w><w> मोरबी </w><w> जिले </w><w> के </w><w> टनकारा </w><w> तालुका </w></place-arg><w> में </w><w> काफी </w><w> कम </w><w> समय </w><w> में </w><w> बहुत </w><w> अधिक </w><w> बारिश </w><w> हुई। </w><w> बारिश </w><w> के </w><w> कारण </w><w> कई </w><w> डैम </w><w> में </w><w> जलस्तर </w><w> अत्यंत </w><w> अधिक </w><w> हो </w><w> गया, </w><w> जिससे </w><w> भारी </w><w> जलजमाव </w><w> की </w><w> वजह </w><w> से </w><w> जनजीवन </w><w> काफी </w><w> प्रभावित </w><w> हो </w><w> रहा </w><w> है। </w></p><p><place-arg id="9"><w> जोधपुर </w></place-arg><w> में </w><w> बारिश </w><w> से </w><w> सड़क </w><w> पर </w><w> बह </w><w> गए </w><w> दोपहिया </w><w> वाहन </w></p><p><w> राजस्थान </w><w> के </w><w> जोधपुर </w><w> में </w><w> एक </w><w> वीडियो </w><w> सामने </w><w> आया </w><w> है </w><w> जहां </w><w> लगातार </w><w> हो </w><w> रही </w><w> मूसलाधार </w><w> बारिश </w><w> के </w><w> चलते </w><w> दोपहिया </w><w> वाहन </w><w> सड़कों </w><w> पर </w><w> तैरते </w><w> नजर </w><w> आए। </w><w> भारी </w><w> बारिश </w><w> की </w><w> वजह </w><w> से </w><w> लोग </w><w> दुकानें </w><w> और </w><w> बाजार </w><w> बंद </w><w> करके </w><w> घरों </w><w> में </w><w> कैद </w><w> होने </w><w> को </w><w> मजबूर </w><w> हैं। </w></p><p><place-arg id="10"><w> गुजरात </w></place-arg><w> में </w><w> उफनती </w><w> नदियां </w></p><p><place-arg id="11"><w> गुजरात </w><w> के </w><w> मोरबी </w></place-arg><w> में </w><w> उफनती </w><w> नदियां </w><w> उफान </w><w> पर </w><w> है। </w><place-arg id="12"><w> मोरबी </w></place-arg><w> में </w><w> बारिश </w><w> की </w><w> वजह </w><w> से </w><w> सड़कों </w><w> पर </w><w> पानी </w><w> भर </w><w> गया </w><w> है </w><w> और </w><w> कई </w><w> वाहन </w><w> इस </w><w> कारण </w><w> बंद </w><w> पड़ </w><w> गए </w><w> हैं। </w><w> हालात </w><w> यह </w><w> कि </w><w> वाहनों </w><w> में </w><w> फंसे </w><w> लोगों </w><w> को </w><w> रस्सी </w><w> की </w><w> मदद </w><w> से </w><w> वाहर </w><w> निकालना </w><w> पड़ </w><w> रहा </w><w> है। </w><w> करीब </w><w> 12 </w><w> इंच </w><w> बारिश </w><w> ने </w><w> पूरे </w><w> इलाके </w><w> में </w><w> खतरे </w><w> की </w><w> घंटी </w><w> बजा </w><w> दी </w><w> है। </w><w> यहां </w><w> बांध </w><w> के </w><w> 14 </w><w> दरवाजे </w><w> खोल </w><w> दिए </w><w> गए </w><w> हैं </w><w> ताकि </w><w> इलाके </w><w> से </w><w> पानी </w><w> को </w><w> निकाला </w><w> जा </w><w> सके। </w><w> लेकिन </w><w> बांध </w><w> के </w><w> फाटक </w><w> खोलने </w><w> से </w><w> निचले </w><w> इलाकों </w><w> में </w><w> जलभराव </w><w> का </w><w> खतरा </w><w> बढ़ </w><w> गया </w><w> है। </w></p><p><w> आपदा </w><w> प्रबंधन </w><w> प्राधिकरण </w><w> अलर्ट </w><w> पर </w><w> : </w><w> मुख्यमंत्री </w></p><p><w> मुख्यमंत्री </w><w> विजय </w><w> रूपानी </w><w> ने </w><w> कहा </w><w> कि </w><w> राज्य </w><w> के </w><w> आपदा </w><w> प्रबंधन </w><w> प्राधिकरण </w><w> को </w><w> किसी </w><w> आपात </w><w> स्थिति </w><w> से </w><w> निपटने </w><w> के </w><w> लिए </w><w> अलर्ट </w><w> पर </w><w> रखा </w><w> गया </w><w> है। </w><w> अहमदाबाद </w><w> में </w><w> 31 </w><w> मिमी </w><w> बारिश </w><w> होने </w><w> के </w><w> बाद </w><w> शहर </w><w> के </w><w> निचले </w><w> इलाकों </w><w> में </w><w> जलजमाव </w><w> है। </w></p><p><w> जम्मू-कश्मीर </w><w> और </w><w> हिमाचल </w><w> प्रदेश </w></p><p><w> जम्मू-श्रीनगर </w><w> नेशनल </w><w> हाईवे </w><w> को </w><w> भी </w><w> भारी </w><w> बारिश </w><w> और </w><w> भूस्खलन </w><w> के </w><w> चलते </w><w> बंद </w><w> करना </w><w> पड़ा </w><w> था </w><w> जिसे </w><w> एक </w><w> दिन </w><w> बाद </w><w> खोला </w><w> गया। </w><w> हिमाचल </w><w> प्रदेश </w><w> में </w><w> भी </w><w> कई </w><w> जगह </w><w> भूस्खलन </w><w> हुआ </w><w> है। </w></p><p><w> असम </w><w>  में </w><w> बाढ़ <br/>असम </w><w> में </w><w> करीब </w><w> 453 </w><w> गांव </w><w> बाढ़ </w><w> से </w><w> प्रभावित </w><w> हुए </w><w> हैं </w><w> और </w><w> 5,272 </w><w> हेक्टेयर </w><w> में </w><w> लगी </w><w> फसल </w><w> को </w><w> नुकसान </w><w> पहुंचा </w><w> है। </w><w> करीमगंज </w><w> को </w><w> सबसे </w><w> अधिक </w><w> नुक्सान </w><w> पहुंचा </w><w> है, </w><w> यहां </w><w> बाढ़ </w><w> से </w><w> लाखों </w><w> लोग </w><w> प्रभावित </w><w> हुए </w><w> हैं। </w><w> यहां </w><w> करीब </w><w> 269 </w><w> लोग </w><w> बचाव </w><w> कैंप </w><w> में </w><w> रह </w><w> रहे </w><w> हैं। </w><w> असम </w><w> में </w><w> बारपेटा, </w><w> लखीमपुर, </w><w> जोरहाट, </w><w> करीमगंज, </w><w> कछार, </w><w> धेमाजी, </w><w> कार्बी </w><w> आंगलांग </w><w> और </w><w> विश्वनाथ </w><w> जिलों </w><w> में </w><w> 2.68 </w><w> लाख </w><w> से </w><w> ज्यादा </w><w> लोग </w><w> बाढ़ </w><w> से </w><w> प्रभावित </w><w> हुए </w><w> हैं। </w></p><p><w> मुंबई </w><w> में </w><w> कुछ </w><w> जगह </w><w> जलभराव </w></p><p><w> मुंबई </w><w> और </w><w> आसपास </w><w> के </w><w> इलाकों </w><w> में </w><w> शनिवार </w><w> को </w><w> भारी </w><w> बारिश </w><w> हुई। </w><w> इससे </w><w> मध्य </w><w> रेलवे </w><w> के </w><w> दोनों </w><w> मार्गों </w><w> पर </w><w> उपनगरीय </w><w> रेल </w><w> सेवाएं </w><w> प्रभावित </w><w> हुईं। </w><w> दादर </w><w> इलाके </w><w> में </w><w> सायन </w><w> और </w><w> हिंदमाता </w><w> क्षेत्र </w><w> में </w><w> कुछ </w><w> स्थानों </w><w> पर </w><w> जलभराव </w><w> हो </w><w> गया </w><w> है, </w><w> लेकिन </w><w> इससे </w><w> यातायात </w><w> प्रभावित </w><w> नहीं </w><w> हुआ। </w><w> मध्य </w><w> रेलवे </w><w> की </w><w> हार्बर </w><w> और </w><w> मध्य </w><w> लाइन </w><w> पर </w><w> लोकल </w><w> ट्रेनें </w><w> देरी </w><w> से </w><w> चली। </w></p><p><w> हरियाणा </w><w> में </w><w> भारी </w><w> बारिश </w><w> से </w><w> हुआ </w><w> फसलों </w><w> को </w><w> नुकसान </w></p><p><w> हरियाणा </w><w> में </w><w> भी </w><w> भारी </w><w> बारिश </w><w> से </w><w> फसलों </w><w> को </w><w> काफी </w><w> नुकसान </w><w> हुआ </w><w> है। </w><w> यहां </w><w> पर </w><w> करनाल </w><w> जिले </w><w> के </w><w> पिछले </w><w> 3 </w><w> दिन </w><w> से </w><w> लगातार </w><w> बारिश </w><w> हो </w><w> रही </w><w> है </w><w> जिससे </w><w> 40 </w><w> फीसदी </w><w> जमीन </w><w> पर </w><w> धान </w><w> की </w><w> खेती </w><w> बर्बाद </w><w> हो </w><w> चुकी </w><w> है। </w><w> पंजाब </w><w> के </w><w> बरनाला </w><w> जिले </w><w> में </w><w> भी </w><w> बारिश </w><w> से </w><w> ऐसे </w><w> ही </w><w> हालात </w><w> बने </w><w> हुए </w><w> हैं। </w></p><p><w> दिल्ली </w><w> में </w><w> बारिश </w><w> बनी </w><w> आफत </w></p><p><w> दिल्ली </w><w> में </w><w> मानसून </w><w> की </w><w> बारिश </w><w> से </w><w> लोगों </w><w> को </w><w> गर्मी </w><w> और </w><w> उमस </w><w> से </w><w> राहत </w><w> मिली </w><w> है </w><w> तो </w><w> कई </w><w> जगह </w><w> आफत </w><w> भी </w><w> बन </w><w> गई </w><w> है। </w><w> पूर्वी </w><w> दिल्ली </w><w> के </w><w> लक्ष्मी </w><w> नगर </w><w> इलाके </w><w> में </w><w> भारी </w><w> बारिश </w><w> की </w><w> वजह </w><w> से </w><w> शनिवार </w><w> रात </w><w> करीब </w><w> 2:30 </w><w> बजे </w><w> इमारत </w><w> गिर </w><w> गई, </w><w> जिसमें </w><w> भारी </w><w> नुकसान </w><w> की </w><w> आशंका </w><w> जताई </w><w> जा </w><w> रही </w><w> है। </w><w> बताया </w><w> जा </w><w> रहा </w><w> है </w><w> कि </w><w> बिल्डिंग </w><w> में </w><w> सो </w><w> रहे </w><w> कई </w><w> लोग </w><w> मलबे </w><w> में </w><w> दबे </w><w> हुए </w><w> हैं। </w></p><p><w> मौसम </w><w> वैज्ञानिकों </w><w> के </w><w> अनुसार </w><w> मेघालय, </w><w> नागालैंड, </w><w> मणिपुर, </w><w> मिजोरम, </w><w> त्रिपुरा, </w><w> पश्चिम </w><w> बंगाल, </w><w> सिक्किम, </w><w> बिहार </w><w> और </w><w> उत्तर </w><w> प्रदेश </w><w> के </w><w> पूर्वी </w><w> इलाके </w><w> में </w><w> भारी </w><w> बारिश </w><w> कि </w><w> चेतावनी </w><w> दी </w><w> है। </w><w> वहीं </w><w> अरुणाचल </w><w> प्रदेश, </w><w> उड़ीसा, </w><w> झारखंड, </w><w> पश्चिमी </w><w> उत्तर </w><w> प्रदेश, </w><w> उत्तराखंड, </w><w> गुजरात, </w><w> गोवा, </w><w> छत्तीसगढ़ </w><w> और </w><w> कर्नाटक </w><w> में </w><w> भी </w><w> मूसलाधार </w><w> बारिश </w><w> की </w><w> संभावना </w><w> जताई </w><w> गई </w><w> है। </w></p><p><w> बारिश </w><w> ने </w><w> लोगों </w><w> की </w><w> परेशानियां </w><w> बढ़ा </w><w> दी </w><w> हैं। </w><w> लोगों </w><w> को </w><w> गर्मी </w><w> से </w><w> तो </w><w> राहत </w><w> मिल </w><w> गई </w><w> है </w><w> लेकिन </w><w> यहां </w><w> का </w><w> जीवन </w><w> अस्त </w><w> व्यस्त </w><w> हो </w><w> गया </w><w> है। </w><w> तेज </w><w> धाराओं </w><w> में </w><w> बहती </w><w> हुई </w><w> मूसलाधार </w><w> बारिश </w><w> के </w><w> कारण </w><w> आम </w><w> जनता </w><w> को </w><w> काफी </w><w> परेशानी </w><w> का </w><w> सामना </w><w> करना </w><w> पड़ </w><w> रहा </w><w> है। </w></p></document>