<?xml version="1.0" encoding="UTF-8"?>
<document><desc></desc><time>604</time><p><place-arg id="1"><w> मुंबई </w></place-arg><w> एएनआई। </w><place-arg id="3"><link event_arg="0" id="5" type_rel="EVENT_ARG"/><w>  बांद्रा </w><w> रेलवे </w><w> स्टेशन </w><w> के </w><w> पास </w><w> झुग्गियों </w></place-arg><w> में </w><w> भीषण </w><man_made_event id="0" type="FIRE"><w> आग </w><w> लगने </w></man_made_event><w> की </w><w> खबर </w><w> है। </w><w> फायर </w><w> ब्रिगेड </w><w> की </w><w> 16 </w><w> गाड़ियां </w><w> और </w><w> 17 </w><w> पानी </w><w> के </w><w> टैंकरों </w><w> के </w><w> साथ </w><w> 3 </w><w> एंबुलेंस </w><w> की </w><w> गड़ियां </w><w> भी </w><w> मौके </w><w> पर </w><w> पहुंच </w><w> गयी </w><w> हैं। </w><w> ये </w><w> झुग्गियां </w><place-arg id="4"><link event_arg="0" id="6" type_rel="EVENT_ARG"/><w> बांद्रा </w><w> पूर्व </w><w> के </w><w> बेहरामपाड़ा </w></place-arg><w> में </w><w> स्थित </w><w> हैं।  </w></p><p><w> फिल्म </w><w> नानक </w><w> शाह </w><w> फकीर </w><w> की </w><w> रिलीज </w><w> को </w><w> सुप्रीम </w><w> कोर्ट </w><w> की </w><w> हरी </w><w> झंडी </w></p><p><w> आतंकवाद </w><w> की </w><w> नर्सरी </w><w> पाकिस्तान </w><w> में </w><w> बुलंद </w><w> हुई </w><w> आतंक </w><w> के </w><w> खिलाफ </w><w> आवाज </w></p><p><w> जानिए, </w><w> इस </w><w> अाइएएस </w><w> के </w><w> बारे </w><w> में </w><w> जो </w><w> पर्दे </w><w> के </w><w> पीछे </w><w> से </w><w> कर </w><w> रहा </w><w> पीएम </w><w> मोदी </w><w> का </w><w> सपना </w><w> साकार </w></p></document>