<?xml version="1.0" encoding="UTF-8"?>
<document><desc></desc><time>3448</time><p><w> राज्य </w><w> ब्यूरो, </w><place-arg id="1"><link event_arg="0" id="9" type_rel="EVENT_ARG"/><w> श्रीनगर </w></place-arg><w> । </w><place-arg id="2"><link event_arg="0" id="10" type_rel="EVENT_ARG"/><w> शोपियां </w></place-arg><w> में </w><w> तलाशी </w><w> अभियान </w><w> समाप्त </w><w> होने </w><w> के </w><w> कुछ </w><w> घंटे </w><w> बाद </w><w> ही </w><w> आतंकियों </w><w> ने </w><man_made_event id="0" type="TERRORIST_ATTACK"><w> घात </w><w> लगाकर </w><w> हमला </w></man_made_event><w> किया। </w><w> इसमें </w><casualties-arg id="3"><link event_arg="0" id="11" type_rel="EVENT_ARG"/><w> एक </w><w> आम </w><w> नागरिक </w></casualties-arg><w> की </w><w> मौत </w><w> और </w><casualties-arg id="4"><link event_arg="0" id="12" type_rel="EVENT_ARG"/><w> तीन </w><w> सैन्यकर्मी </w></casualties-arg><w> जख्मी </w><w> हो </w><w> गए। </w><w> मृतक </w><w> टैक्सी </w><w> चालक </w><time-arg id="5"><link event_arg="0" id="13" type_rel="EVENT_ARG"/><w> था।गुरुवार </w><w> शाम </w><w> साढ़े </w><w> छह </w><w> बजे </w></time-arg><place-arg id="7"><link event_arg="0" id="14" type_rel="EVENT_ARG"/><w> शोपियां </w><w> के </w><w> किलोरा </w><w> इलाके </w></place-arg><w> में </w><place-arg id="8"><link event_arg="0" id="15" type_rel="EVENT_ARG"/><w> बसकुछ </w><w> गांव </w><w> के </w><w> पास </w></place-arg><w> आतंकियों </w><w> ने </w><w> टाटा </w><w> सूमो </w><w> टैक्सी </w><w> में </w><w> जा </w><w> रहे </w><w> सेना </w><w> की </w><w> 62 </w><w> आरआर </w><w> के </w><w> जवानों </w><w> पर </w><w> घात </w><w> लगाकर </w><w> हमला </w><w> किया। </w></p><p><w> बताया </w><w> जा </w><w> रहा </w><w> है </w><w> कि </w><w> यह </w><w> जवान </w><w> सुबह </w><w> चलाए </w><w> गए </w><w> तलाशी </w><w> अभियान </w><w> में </w><w> भाग </w><w> लेने </w><w> के </w><w> बाद </w><w> अपने </w><w> शिविर </w><w> में </w><w> जा </w><w> रहे </w><w> थे। </w><w> आतंकियों </w><w> ने </w><w> टैक्सी </w><w> पर </w><w> दो </w><w> तरफ </w><w> से </w><w> फायरिंग </w><w> की </w><w> और </w><w> ग्रेनेड </w><w> भी </w><w> फेंके। </w><w> सूमो </w><w> टैक्सी </w><w> का </w><w> चालक </w><w> नजीर </w><w> अहमद </w><w> व </w><w> तीन </w><w> जवान </w><w> गंभीर </w><w> रूप </w><w> से </w><w> घायल </w><w> हो </w><w> गए। </w><w> अन्य </w><w> जवानों </w><w> ने </w><w> किसी </w><w> तरह </w><w> अपनी </w><w> पोजीशन </w><w> ली </w><w> और </w><w> जवाबी </w><w> फायर </w><w> किया। </w><w> लगभग </w><w> 20 </w><w> मिनट </w><w> तक </w><w> दोनों </w><w> तरफ </w><w> से </w><w> गोलियां </w><w> चलीं। </w><w> इसके </w><w> बाद </w><w> आतंकी </w><w> वहां </w><w> से </w><w> भाग </w><w> निकले। </w></p><p><w> हमले </w><w> में </w><w> घायल </w><w> चालक </w><w> व </w><w> तीन </w><w> सैन्यकर्मियों </w><w> को </w><w> उसी </w><w> समय </w><w> श्रीनगर </w><w> स्थित </w><w> सेना </w><w> के </w><w> 92 </w><w> बेस </w><w> अस्पताल </w><w> में </w><w> लाया </w><w> गया। </w><w> घायल </w><w> चालक </w><w> ने </w><w> कुछ </w><w> ही </w><w> देर </w><w> बाद </w><w> दम </w><w> तोड़ </w><w> दिया। </w><w> हमले </w><w> के </w><w> बाद </w><w> सेना, </w><w> पुलिस </w><w> और </w><w> सीआरपीएफ </w><w> के </w><w> एक </w><w> संयुक्त </w><w> कार्यदल </w><w> ने </w><w> पूरे </w><w> इलाके </w><w> की </w><w> घेराबंदी </w><w> कर </w><w> हमले </w><w> में </w><w> लिप्त </w><w> आतंकियों </w><w> को </w><w> पकड़ने </w><w> के </w><w> लिए </w><w> तलाशी </w><w> अभियान </w><w> छेड़ </w><w> दिया </w><w> है। </w></p></document>