<?xml version="1.0" encoding="UTF-8"?>
<document><p><w> navbharat_2004_8_13_813123 </w></p><p><w> चीन </w><w> में </w><w> तूफान </w><w> ने </w><w> 63 </w><w> लोगों </w><w> की </w><w> जान </w><w> ली, </w><w> 1800 </w><w> घायल </w></p><p><w> पेईचिंग </w><w> (रॉयटर): </w><place-arg id="1"><link event_arg="0" id="13" type_rel="EVENT_ARG"/><w> चीन </w><w> के </w><w> झेजियांग </w><w> प्रांत </w></place-arg><w> में </w><w> आए </w><w> जबर्दस्त </w><natural_event id="0" type="STORM"><w> तूफान </w></natural_event><w> में </w><casualties-arg id="2"><link event_arg="0" id="14" type_rel="EVENT_ARG"/><w> 63 </w><w> लोगों </w><w> की </w><w> मौत </w><w> हो </w><w> गई </w><w> जबकि </w><w> 1800 </w><w> से </w><w> अधिक </w><w> घायल </w></casualties-arg><w> हो </w><w> गए </w><w> हैं। </w><w> आधिकारिक </w><w> सूत्रों </w><w> ने </w><w> बताया </w><w> कि </w><w> इस </w><place-arg id="3"><link event_arg="5" id="15" type_rel="EVENT_ARG"/><w> दक्षिण-पूर्वी </w><w> प्रांत </w></place-arg><w> में </w><time-arg id="4"><link event_arg="5" id="16" type_rel="EVENT_ARG"/><w> गुरुवार </w><w> शाम </w></time-arg><w> को </w><w> आए </w><natural_event id="5" type="STORM"><event-coref-link event_id="0" id="22" type_rel="EVENT_COREF"></event-coref-link><w> तूफान </w></natural_event><w> से </w><after_effects-arg id="6"><link event_arg="5" id="17" type_rel="EVENT_ARG"/><w> जबर्दस्त </w><w> क्षति </w><w> हुई </w></after_effects-arg><w> है। </w><natural_event id="7" type="STORM"><event-coref-link event_id="0" id="23" type_rel="EVENT_COREF"></event-coref-link><w> तूफान </w></natural_event><w> के </w><w> चलते </w><after_effects-arg id="8"><link event_arg="7" id="18" type_rel="EVENT_ARG"/><w> 18 </w><w> हजार </w><w> से </w><w> अधिक </w><w> इमारतों </w><w> को </w><w> भी </w><w> काफी </w><w> नुकसान </w><w> हुआ </w></after_effects-arg><w> है। </w><w> पिछले </w><w> कुछ </w><w> वर्षों </w><w> में </w><w> चीन </w><w> में </w><w> आया </w><w> यह </w><w> सबसे </w><w> भयानक </w><w> तूफान </w><w> है। </w><w> झेजियांग </w><w> के </w><w> मौसम </w><w> विज्ञान </w><w> विभाग </w><w> के </w><w> अधिकारियों </w><w> ने </w><w> बताया </w><w> कि </w><w> इस </w><natural_event id="9" type="STORM"><event-coref-link event_id="0" id="21" type_rel="EVENT_COREF"></event-coref-link><w> तूफान </w></natural_event><w> में </w><casualties-arg id="10"><link event_arg="9" id="19" type_rel="EVENT_ARG"/><w> 63 </w><w> लोग </w><w> मारे </w><w> गए </w></casualties-arg><w> हैं </w><w> जबकि </w><casualties-arg id="11"><link event_arg="9" id="20" type_rel="EVENT_ARG"/><w> 1800 </w><w> से </w><w> अधिक </w><w> घायल </w></casualties-arg><w> हुए </w><w> हैं। </w><w> इनमें </w><w> से </w><w> 185 </w><w> लोगों </w><w> की </w><w> हालत </w><w> गंभीर </w><w> बताई </w><w> गई </w><w> है। </w></p></document>