<?xml version="1.0" encoding="UTF-8"?>
<document><desc></desc><desc></desc><time>1273</time><p><w> navbharat_2004_9_6_840639 </w></p><p><w> फ्लोरिडा </w><w> में </w><w> भारी </w><w> तूफान </w><w> पचास </w><w> लाख </w><w> लोग </w><w> प्रभावित </w></p><p><w> न्यूयॉर्क </w><w> (भाषा): </w><place-arg id="1"><link event_arg="0" id="13" type_rel="EVENT_ARG"/><w> फ्लोरिडा </w></place-arg><w> में </w><w> भारी </w><w> बारिश </w><w> और </w><natural_event id="0" type="STORM"><w> तूफान </w></natural_event><w> ने </w><after_effects-arg id="2"><link event_arg="0" id="14" type_rel="EVENT_ARG"/><w> भारी </w><w> तबाही </w><w> मचायी </w><w> है </w></after_effects-arg><w> और </w><casualties-arg id="3"><link event_arg="0" id="15" type_rel="EVENT_ARG"/><w> कम </w><w> से </w><w> कम </w><w> तीन </w><w> लोगों </w><w> की </w><w> मौत </w></casualties-arg><w> हो </w><w> गई </w><w> तथा </w><w> तकरीबन </w><casualties-arg id="4"><link event_arg="0" id="16" type_rel="EVENT_ARG"/><w> पचास </w><w> लाख </w><w> लोग </w><w> बिजली </w><w> जाने </w><w> के </w><w> कारण </w><w> अंधेरे </w><w> में </w><w> रहने </w><w> पर </w><w> मजबूर </w><w> हैं। </w></casualties-arg><w> कल </w><w> शाम </w><w> से </w><w> चल </w><w> रही </w><w> तेज </w><w> हवाएं </w><w> रात </w><w> होते </w><w> होते </w><w> तूफान </w><w> में </w><w> बदल </w><w> गई </w><w> और </w><w> फ्लोरिडा </w><w> के </w><w> 670 </w><w> किलोमीटर </w><w> तटीय </w><w> इलाके </w><w> में </w><w> 30 </w><w> सेंटीमीटर </w><w> वर्षा </w><w> रिकार्ड </w><w> की </w><w> गई </w><w> जिससे </w><w> काफी </w><w> बड़ा </w><w> इलाका </w><w> और </w><w> सड़के </w><w> पानी </w><w> से </w><w> डूब </w><w> गई। </w><place-arg id="6"><link event_arg="7" id="18" type_rel="EVENT_ARG"/><w> राज्य </w></place-arg><w> में </w><time-arg id="5"><link event_arg="7" id="17" type_rel="EVENT_ARG"/><w> तीन </w><w> सप्ताह </w><w> पहले </w></time-arg><w> आए </w><natural_event id="7" type="STORM"><w> तूफान </w></natural_event><w> से </w><w> अभी </w><w> लोग </w><w> उबर </w><w> नहीं </w><w> पाए </w><w> है </w><w> और </w><w> एक </w><w> बार </w><w> अधिकारियों </w><w> ने </w><w> भारी </w><w> तबाही </w><w> की </w><w> आशंका </w><w> जताई </w><w> है। </w><w> अखबारों </w><w> में </w><w> छपी </w><w> रिपोर्टों </w><w> में </w><w> विशेषज्ञों </w><w> ने </w><w> अनुमान </w><w> लगाया </w><w> है </w><w> कि </w><w> पिछले </w><natural_event id="8" type="STORM"><event-coref-link event_id="7" id="23" type_rel="EVENT_COREF"></event-coref-link><w> तूफान </w></natural_event><w> से </w><w> तकरीबन </w><after_effects-arg id="9"><link event_arg="8" id="19" type_rel="EVENT_ARG"/><w> 40 </w><w> अरब </w><w> डॉलर </w><w> का </w><w> नुकसान </w></after_effects-arg><w> हुआ </w><w> है। </w><time-arg id="11"><link event_arg="10" id="20" type_rel="EVENT_ARG"/><w> कल </w></time-arg><w> आए </w><natural_event id="10" type="STORM"><event-coref-link event_id="0" id="22" type_rel="EVENT_COREF"></event-coref-link><w> तूफान </w></natural_event><w> से </w><w> लगभग </w><casualties-arg id="12"><link event_arg="10" id="21" type_rel="EVENT_ARG"/><w> एक </w><w> लाख </w><w> नागरिक </w><w> अपने </w><w> अपने </w><w> घरों </w><w> को </w><w> छोड़कर </w><w> सरकारी </w><w> शरणगाहों </w><w> में </w><w> चले </w><w> गए </w></casualties-arg><w> है। </w><w> फ्लोरिडा </w><w> के </w><w> गर्वनर </w><w> और </w><w> राष्ट्रपति </w><w> बुश </w><w> के </w><w> भाई </w><w> जेब </w><w> बुश </w><w> ने </w><w> कल </w><w> प्रभावित </w><w> इलाकों </w><w> का </w><w> दौरा </w><w> किया। </w><w> राष्ट्रपति </w><w> बुश </w><w> ने </w><w> फ्लोरिडा </w><w> के </w><w> नागरिकों </w><w> को </w><w> आश्वस्त </w><w> किया </w><w> है </w><w> कि </w><w> उन्हें </w><w> हर </w><w> संभव </w><w> सहायता </w><w> दी </w><w> जाएगी। </w><w> व्हाइट </w><w> हाउस </w><w> प्रवक्ता </w><w> के </w><w> अनुसार </w><w> लगभग </w><w> 8 </w><w> हजार </w><w> राष्ट्रीय </w><w> सुरक्षा </w><w> गार्डों </w><w> को </w><w> राहत </w><w> और </w><w> बचाव </w><w> अभियान </w><w> में </w><w> लगाया </w><w> गया </w><w> है। </w></p></document>