<?xml version="1.0" encoding="UTF-8"?>
<document><desc></desc><time>2</time><p><w> navbharat_2004_7_3_763983 </w></p><p><w> फिलीपीन्स </w><w> में </w><w> तूफान </w><w> में </w><w> 30 </w><w> मरे </w><w> 12 </w><w> लापता </w></p><p><w> मनीला </w><w> (डीपीए): </w><w> फिलीपीन्स </w><w> में </w><w> कहर </w><w> मचाने </w><w> वाले </w><natural_event id="0" type="STORM"><w> तूफान </w></natural_event><casualties-arg id="1"><link event_arg="0" id="5" type_rel="EVENT_ARG"/><w> में </w><w> मरने </w><w> वालों </w><w> की </w><w> संख्या </w><w> बढ़ </w><w> कर </w><w> 30 </w><w> हो </w><w> गई </w></casualties-arg><w> है </w><w> जबकि </w><casualties-arg id="4"><link event_arg="0" id="6" type_rel="EVENT_ARG"/><w> 12 </w><w> लोग </w><w> लापता </w></casualties-arg><w> हैं। </w><w> नागरिक </w><w> रक्षा </w><w> कार्यालय </w><w> का </w><w> कहना </w><w> है </w><w> कि </w><w> लापता </w><w> 12 </w><w> लोगों </w><w> का </w><w> तीन </w><w> दिन </w><w> से </w><w> पता </w><w> नही </w><w> चलने </w><w> से </w><w> आशंका </w><w> है </w><w> कि </w><w> उनकी </w><w> मृत्यु </w><w> हो </w><w> गई </w><w> है। </w><w> सरकारी </w><w> सूचना </w><w> के </w><w> अनुसार </w><natural_event id="8" type="STORM"><event-coref-link event_id="0" id="16" type_rel="EVENT_COREF"></event-coref-link><w> तूफान </w></natural_event><w> के </w><w> कारण </w><casualties-arg id="9"><link event_arg="8" id="12" type_rel="EVENT_ARG"/><w> 22 </w><w> लोग </w><w> घायल </w></casualties-arg><w> हुए </w><w> तथा </w><after_effects-arg id="10"><link event_arg="8" id="13" type_rel="EVENT_ARG"/><w> 14 </w><w> हजार </w><w> मकान </w><w> क्षतिग्रस्त </w></after_effects-arg><w> होने </w><w> से </w><w> करीब </w><casualties-arg id="11"><link event_arg="8" id="14" type_rel="EVENT_ARG"/><w> 3 </w><w> लाख </w><w> 85 </w><w> हजार </w><w> लोग </w><w> बेघर </w></casualties-arg><w> हो </w><w> गये। </w><natural_event id="2" type="STORM"><event-coref-link event_id="0" id="15" type_rel="EVENT_COREF"></event-coref-link><w> तूफान </w></natural_event><w> से </w><after_effects-arg id="3"><link event_arg="2" id="7" type_rel="EVENT_ARG"/><w> एक </w><w> करोड़ </w><w> 30 </w><w> लाख </w><w> डालर </w><w> की </w><w> सम्पत्ति </w><w> का </w><w> नुकसान </w></after_effects-arg><w> होने </w><w> का </w><w> अनुमान </w><w> है। </w></p></document>