<?xml version="1.0" encoding="UTF-8"?>
<document><desc></desc><time>4056</time><p><w> navbharat_2004_5_24_695431 </w></p><p><w> बांग्ला </w><w> नौका </w><w> दुर्घटना </w><w> : </w><w> बचाव, </w><w> राहत </w><w> अभियान </w><w> जारी </w></p><p><w> ढाका </w><w> (भाषा): </w><place-arg id="1"><link event_arg="4" id="11" type_rel="EVENT_ARG"/><w> बांग्लादेश </w><w> की </w><w> मेघना </w><w> नदी </w></place-arg><w> में </w><w> हुई </w><man_made_event id="4" type="TRANSPORT_HAZARDS"><after_effects-arg id="5"><link event_arg="0" id="19" type_rel="EVENT_ARG"/><w> नौका </w><w> दुर्घटना </w></after_effects-arg></man_made_event><w> के </w><w> बाद </w><w> लापता </w><w> करीब </w><casualties-arg id="2"><link event_arg="4" id="12" type_rel="EVENT_ARG"/><w> 150 </w><w> यात्रियों </w></casualties-arg><w> की </w><w> तलाश </w><w> अभी </w><w> जारी </w><w> है </w><w> , </w><w> वहीं </w><w> आज </w><w> सुबह </w><w> पांच </w><w> और </w><w> शव </w><w> मिलने </w><w> से </w><w> आधिकारिक </w><w> तौर </w><w> पर </w><casualties-arg id="3"><link event_arg="4" id="13" type_rel="EVENT_ARG"/><w> मरने </w><w> वालों </w><w> की </w><w> संख्या </w><w> 20 </w></casualties-arg><w> हो </w><w> गई </w><w> है। </w><w> बताया </w><w> गया </w><w> कि </w><w> कल </w><w> बरामद </w><w> 15 </w><w> शवों </w><w> में </w><w> से </w><w> अधिकतर </w><w> उस </w><w> स्थान </w><w> के </w><w> पास </w><w> मिले </w><w> , </w><w> जहां </w><w> नौका </w><natural_event id="0" type="CYCLONE"><w> चक्रवाती </w><w> तूफान </w></natural_event><w> के </w><w> कारण </w><w> दुर्घटनाग्रस्त </w><w> हो </w><w> गई </w><w> थी। </w><w> नदी </w><w> में </w><w> एक </w><w> जलपोत </w><w> बचाव </w><w> अभियान </w><w> में </w><w> जुटा </w><w> है </w><w> तथा </w><w> पांच </w><w> और </w><w> शव </w><w> बरामद </w><w> किए </w><w> गए </w><w> हैं। </w><w> हादसे </w><w> का </w><w> शिकार </w><w> हुए </w><w> लोगों </w><w> के </w><w> सैंकड़ों </w><w> परिजन </w><w> बैचेनी </w><w> के </w><w> साथ </w><w> अपने </w><w> लापता </w><w> रिश्तेदारों </w><w> के </w><w> इंतजार </w><w> में </w><w> नदी </w><w> तट </w><w> पर </w><w> डटे </w><w> हुए </w><w> हैं। </w><w> गौरतलब </w><w> है </w><w> कि </w><place-arg id="6"><link event_arg="8" id="14" type_rel="EVENT_ARG"/><w> राजधानी </w><w> ढाका </w><w> से </w><w> 65 </w><w> किलोमीटर </w><w> पूर्व </w><w> में </w><w> चांदपुर </w><w> बंदरगाह </w><w> के </w><w> पास </w><w> पुरान </w><w> बाजार </w></place-arg><w> में </w><w> रात </w><time-arg id="7"><link event_arg="8" id="15" type_rel="EVENT_ARG"/><w> तीन </w><w> बजे </w></time-arg><w> के </w><w> करीब </w><man_made_event id="8" type="TRANSPORT_HAZARDS"><event-coref-link event_id="4" id="18" type_rel="EVENT_COREF"></event-coref-link><w> नौका </w><w> दुर्घटनाग्रस्त </w></man_made_event><w> हो </w><w> गई </w><w> थी </w><w> और </w><w> करीब </w><w> 70 </w><w> यात्रियों </w><w> को </w><w> बचा </w><w> लिया </w><w> गया </w><w> , </w><w> जबकि </w><casualties-arg id="9"><link event_arg="8" id="16" type_rel="EVENT_ARG"/><w> 150 </w><w> व्यक्ति </w><w> अब </w><w> भी </w><w> लापता </w></casualties-arg><w> है। </w><w> बताया </w><w> गया </w><w> है </w><w> कि </w><w> नौका </w><w> में </w><w> गैर </w><w> कानूनी </w><w> रूप </w><w> से </w><w> एक </w><casualties-arg id="10"><link event_arg="8" id="17" type_rel="EVENT_ARG"/><w> सौ </w><w> बकरियां </w></casualties-arg><w> भी </w><w> ले </w><w> जाई </w><w> जा </w><w> रही </w><w> थी। </w></p></document>