<?xml version="1.0" encoding="UTF-8"?>
<document><desc></desc><desc></desc><time>1666</time><p><w> navbharat_2003_9_30_209450 </w></p><p><w> - </w><w> Navbharat </w><w> Times </w></p><p><w> चार्लोटाउन </w><w> , </w><w> कनाडा </w><w> (एपी) </w><w> : </w><place-arg id="1"><link event_arg="0" id="21" type_rel="EVENT_ARG"/><w> कनाडा </w><w> के </w><w> प्रिंस </w><w> एडवर्ड </w><w> द्वीप </w></place-arg><w> में </w><natural_event id="0" type="STORM"><w> चक्रवाती </w><w> तूफान </w></natural_event><w> ने </w><after_effects-arg id="2"><link event_arg="0" id="22" type_rel="EVENT_ARG"/><w> भारी </w><w> तबाही </w><w> मचायी </w></after_effects-arg><w> है </w><w> , </w><w> जिसके </w><w> चलते </w><after_effects-arg id="3"><link event_arg="0" id="23" type_rel="EVENT_ARG"/><w> बिजली </w><w> आपूर्ति </w><w> बाधित </w></after_effects-arg><w> होने </w><w> के </w><w> साथ </w><w> ही </w><after_effects-arg id="4"><link event_arg="0" id="24" type_rel="EVENT_ARG"/><w> कई </w><w> नावों </w><w> के </w><w> डूबने </w></after_effects-arg><w> और </w><casualties-arg id="5"><link event_arg="0" id="25" type_rel="EVENT_ARG"/><w> तीन </w><w> लोगों </w><w> के </w><w> मारे </w><w> जाने </w><w> की </w><w> खबर </w></casualties-arg><w> है। </w><time-arg id="6"><link event_arg="0" id="26" type_rel="EVENT_ARG"/><w> रविवार </w></time-arg><w> को </w><speed-arg id="7"><link event_arg="0" id="27" type_rel="EVENT_ARG"/><w> 138 </w><w> किमी </w><w> प्रति </w><w> घंटे </w><w> की </w><w> रफ्तार </w></speed-arg><w> से </w><w> आए </w><w> इस </w><natural_event id="9" type="STORM"><event-coref-link event_id="0" id="39" type_rel="EVENT_COREF"></event-coref-link><w> चक्रवाती </w><w> तूफान </w></natural_event><w> ने </w><place-arg id="10"><link event_arg="9" id="28" type_rel="EVENT_ARG"/><w> नोवा </w><w> स्कोटिया </w></place-arg><w> में </w><after_effects-arg id="11"><link event_arg="9" id="29" type_rel="EVENT_ARG"/><w> भारी </w><w> तबाही </w><w> मचायी </w></after_effects-arg><w> , </w><place-arg id="13"><link event_arg="9" id="30" type_rel="EVENT_ARG"/><w> जिससे </w><w> इलाके </w></place-arg><w> में </w><after_effects-arg id="12"><link event_arg="9" id="31" type_rel="EVENT_ARG"/><w> बिजली </w><w> आपूर्ति </w><w> ठप </w><w> पड़ </w><w> गई </w></after_effects-arg><w> और </w><after_effects-arg id="14"><link event_arg="9" id="32" type_rel="EVENT_ARG"/><w> सैकड़ों </w><w> की </w><w> संख्या </w><w> में </w><w> पेड़ </w><w> उखड़ </w><w> गए। </w></after_effects-arg><w> कल </w><w> यह </w><natural_event id="15" type="STORM"><event-coref-link event_id="0" id="38" type_rel="EVENT_COREF"></event-coref-link><w> चक्रवाती </w><w> तूफान </w></natural_event><w> कुछ </w><w> कमजोर </w><w> पड़ </w><w> गया। </w><w> बताया </w><w> जाता </w><w> है </w><w> कि </w><w> एक </w><w> 31 </w><w> वर्षीय </w><w> व्यक्ति </w><w> जॉन </w><w> रोजिटर </w><w> की </w><w> हेलिफैक्स </w><w> में </w><reason-arg id="16"><link event_arg="15" id="33" type_rel="EVENT_ARG"/><w> एक </w><w> एम्बुलेंस </w><w> पर </w><w> पेड़ </w><w> गिर </w><w> जाने </w></reason-arg><w> के </w><w> कारण </w><casualties-arg id="17"><link event_arg="15" id="34" type_rel="EVENT_ARG"/><w> मौत </w></casualties-arg><w> हो </w><w> गई। </w><w> एक </w><w> अन्य </w><w> इलाके </w><w> में </w><reason-arg id="19"><link event_arg="15" id="35" type_rel="EVENT_ARG"/><w> दो </w><w> कारों </w><w> पर </w><w> पेड़ </w><w> टूट </w><w> कर </w><w> गिरने </w></reason-arg><w> से </w><casualties-arg id="18"><link event_arg="15" id="36" type_rel="EVENT_ARG"/><w> दो </w><w> लोग </w><w> मारे </w><w> गए। </w></casualties-arg><w> अधिकारियों </w><w> ने </w><w> यह </w><w> जानकारी </w><w> दी। </w><w> हालांकि </w><w> द्वीप </w><w> में </w><w> आए </w><w> विनाशकारी </w><natural_event id="20" type="STORM"><event-coref-link event_id="0" id="37" type_rel="EVENT_COREF"></event-coref-link><w> तूफान </w></natural_event><w> के </w><w> बावजूद </w><w> प्रांतीय </w><w> चुनाव </w><w> अपने </w><w> पूर्व </w><w> निर्धारित </w><w> कार्यक्रम </w><w> के </w><w> अनुसार </w><w> हुए। </w></p></document>