<?xml version="1.0" encoding="UTF-8"?>
<document><desc></desc><time>897</time><p><w> navbharat_2002_8_15_20970327 </w></p><p><w> दक्षिण </w><w> कोरिया </w><w> में </w><w> तूफान </w><w> से </w><w> सौ </w><w> से </w><w> अधिक </w><w> मृत </w><w> या </w><w> लापता </w></p><p><w> सोल </w><w> (रायटर)। </w><place-arg id="1"><link event_arg="0" id="9" type_rel="EVENT_ARG"/><w> दक्षिण </w><w> कोरिया </w></place-arg><w> में </w><w> कल </w><w> आये </w><w> भीषण </w><natural_event id="0" type="STORM"><w> तूफान </w></natural_event><w> से </w><casualties-arg id="3"><link event_arg="0" id="8" type_rel="EVENT_ARG"/><w> 100 </w><w> से </w><w> ज्यादा </w><w> लोग </w><w> मारे </w><w> गये </w><w> हैं </w><w> या </w><w> लापता </w></casualties-arg><w> हैं। </w><w> राष्ट्रीय </w><w> आपदा </w><w> बचाव </w><w> मुख्यालय </w><w> के </w><w> निदेशक </w><w> किम </w><w> जिन.यंग </w><w> ने </w><w> कहा </w><w> कि </w><w> यह </w><w> संख्या </w><w> बढ </w><w> सकती </w><w> है </w><w> क्योंकि </w><w> लापता </w><w> या </w><w> मलबे </w><w> में </w><w> दबे </w><w> लोगों </w><w> की </w><w> तलाश </w><w> जारी </w><w> है। </w><w> उन्होंने </w><w> कहा </w><w> कि </w><w> इस </w><w> बार </w><w> आए </w><natural_event id="4" type="STORM"><event-coref-link event_id="0" id="11" type_rel="EVENT_COREF"></event-coref-link><w> तूफान </w></natural_event><w> से </w><w> संपत्ति </w><w> को </w><w> हुआ </w><w> नुकसान </w><w> अब </w><w> तक </w><w> का </w><w> सबसे </w><w> बडा </w><w> नुकसान </w><w> है। </w><natural_event id="6" type="STORM"><event-coref-link event_id="0" id="12" type_rel="EVENT_COREF"></event-coref-link><w> तूफान </w></natural_event><w> के </w><w> कारण </w><w> नदियों </w><w> में </w><after_effects-arg id="5"><link event_arg="6" id="10" type_rel="EVENT_ARG"/><natural_event id="7" type="FLOODS"><w> बाढ </w></natural_event><w> आ </w><w> गयी </w></after_effects-arg><w> है </w><w> और </w><w> जगह </w><w> जगह </w><w> मिट्टी </w><w> और </w><w> कीचड </w><w> के </w><w> पहाड़ </w><w> से </w><w> खडे </w><w> हो </w><w> गये </w><w> हैं </w><w> । </w><w> अधिकारियों </w><w> के </w><w> अनुसार </w><w> 1959 </w><w> के </w><w> बाद </w><w> से </w><w> कोरियाई </w><w> प्रायद्वीप </w><w> में </w><w> ऐसा </w><w> भीषण </w><w> तूफान </w><w> नहीं </w><w> आया </w><w> है </w><w> । </w></p></document>