<?xml version="1.0" encoding="UTF-8"?>
<document><desc></desc><time>40</time><p><w> navbharat_2004_6_7_724350 </w></p><p><w> तूफान </w><w> और </w><w> भारी </w><w> वर्षा </w><w> ने </w><w> लाहौर </w><w> में </w><w> सात </w><w> की </w><w> जान </w><w> ली </w></p><p><w> लाहौर </w><w> (एपी): </w><place-arg id="1"><link event_arg="0" id="7" type_rel="EVENT_ARG"/><w> पाकिस्तान </w><w> की </w><w> सांस्कृतिक </w><w> राजधानी </w><w> लाहौर </w><w> शहर </w></place-arg><w> में </w><w> चक्रवाती </w><natural_event id="0" type="STORM"><w> तूफान </w></natural_event><w> और </w><w> भारी </w><w> वर्षा </w><w> के </w><w> चलते </w><w> कम </w><w> से </w><w> कम </w><casualties-arg id="2"><link event_arg="0" id="8" type_rel="EVENT_ARG"/><w> सात </w><w> लोगों </w><w> की </w><w> मौत </w></casualties-arg><w> हो </w><w> गई </w><w> और </w><after_effects-arg id="3"><link event_arg="0" id="9" type_rel="EVENT_ARG"/><w> अनेक </w><w> मकान </w><w> क्षतिग्रस्त </w></after_effects-arg><w> हो </w><w> गए। </w><w> लाहौर </w><w> के </w><w> पुलिस </w><w> प्रमुख </w><w> आफताब </w><w> चीमा </w><w> ने </w><w> बताया </w><w> कि </w><w> रविवार </w><w> को </w><w> चक्रवाती </w><w> तूफान </w><w> के </w><w> कारण </w><w> शहर </w><w> के </w><place-arg id="5"><link event_arg="0" id="10" type_rel="EVENT_ARG"/><w> गाजियाबाद </w><w> झुग्गी </w><w> इलाके </w></place-arg><w> में </w><reason-arg id="6"><link event_arg="0" id="11" type_rel="EVENT_ARG"/><w> मिट्टी </w><w> के </w><w> एक </w><w> घर </w><w> गिर </w><w> जाने </w></reason-arg><w> से </w><casualties-arg id="4"><link event_arg="0" id="12" type_rel="EVENT_ARG"/><w> तीन </w><w> औरतों </w><w> की </w><w> मौत </w></casualties-arg><w> हो </w><w> गई </w><w> । </w><w> चीमा </w><w> ने </w><w> बताया </w><w> कि </w><w> शहर </w><w> के </w><w> अन्य </w><w> स्थानों </w><w> से </w><w> चक्रवाती </w><natural_event id="17" type="STORM"><event-coref-link event_id="0" id="20" type_rel="EVENT_COREF"></event-coref-link><w> तूफान </w></natural_event><w> के </w><w> कारण </w><casualties-arg id="18"><link event_arg="17" id="19" type_rel="EVENT_ARG"/><w> चार </w><w> अन्य </w><w> लोगों </w><w> के </w><w> भी </w><w> मारे </w><w> जाने </w></casualties-arg><w> की </w><w> रिपोर्ट </w><w> मिली </w><w> है। </w><w> उन्होंने </w><w> बताया </w><w> कि </w><natural_event id="13" type="STORM"><event-coref-link event_id="0" id="16" type_rel="EVENT_COREF"></event-coref-link><w> तूफान </w></natural_event><w> के </w><w> चलते </w><w> बिजली </w><w> के </w><w> खंभे </w><w> गिर </w><w> गए </w><w> जिससे </w><w> शहर </w><w> में </w><w> अंधेरा </w><w> छा </w><w> गया </w><w> और </w><after_effects-arg id="14"><link event_arg="13" id="15" type_rel="EVENT_ARG"/><w> संचार </w><w> व्यवस्था </w><w> में </w><w> बाधा </w></after_effects-arg><w> आई। </w><w> बाद </w><w> में </w><w> विद्युत </w><w> आपूर्ति </w><w> बहाल </w><w> कर </w><w> ली </w><w> गई। </w><w> अधिकारी </w><natural_event id="21" type="STORM"><event-coref-link event_id="0" id="22" type_rel="EVENT_COREF"></event-coref-link><w> तूफान </w></natural_event><w> के </w><w> कारण </w><w> होने </w><w> वाली </w><w> क्षति </w><w> का </w><w> आकलन </w><w> कर </w><w> रहे </w><w> हैं। </w></p></document>