<?xml version="1.0" encoding="UTF-8"?>
<document><p><w> navbharat_2009_1_1_3922548 </w></p><p><w> गुवाहाटी </w><w> में </w><w> सीरियल </w><w> ब्लास्ट, </w><w> 5 </w><w> की </w><w> मौत </w></p><p><w> गुवाहाटीः </w><w> गृह </w><w> मंत्री </w><w> बनने </w><w> के </w><w> बाद </w><w> पी </w><w> . </w><w> चिदंबरम </w><w> ने </w><w> पहली </w><w> बार </w><w> आतंकवादी </w><w> हिंसा </w><w> का </w><w> रूप </w><w> देखा। </w><w> चिदंबरम </w><w> के </w><w> यहां </w><w> आने </w><w> से </w><w> चंद </w><w> घंटे </w><w> पहले </w><w> हुए </w><w> तीन </w><man_made_event id="0" type="TERRORIST_ATTACK"><w> धमाकों </w></man_made_event><w> में </w><casualties-arg id="1"><link event_arg="0" id="2" type_rel="EVENT_ARG"/><w> 5 </w><w> लोगों </w><w> की </w><w> मौत </w><w> हो </w><w> गई </w><w> और </w><w> 50 </w><w> जख्मी </w></casualties-arg><w> हो </w><w> गए। </w><man_made_event id="49" type="NORMAL_BOMBING"><event-coref-link event_id="0" id="51" type_rel="EVENT_COREF"></event-coref-link><w> धमाकों </w></man_made_event><w> के </w><w> पीछे </w><w> उग्रवादी </w><w> संगठन </w><participant-arg id="3"><link event_arg="49" id="52" type_rel="EVENT_ARG"/><w> अल्फा </w></participant-arg><w> का </w><w> हाथ </w><w> बताया </w><w> जा </w><w> रहा </w><w> है। </w><w> चिदंबरम </w><w> यहां </w><time-arg id="53"><link event_arg="6" id="54" type_rel="EVENT_ARG"/><w> 2 </w><w> महीने </w><w> पहले </w></time-arg><w> हुए </w><w> उन </w><man_made_event id="6" type="NORMAL_BOMBING"><w> धमाकों </w></man_made_event><w> के </w><w> बाद </w><w> के </w><w> हालात </w><w> की </w><w> समीक्षा </w><w> के </w><w> लिए </w><w> आए </w><w> , </w><w> जिनमें </w><casualties-arg id="7"><link event_arg="6" id="8" type_rel="EVENT_ARG"/><w> 88 </w><w> लोगों </w><w> की </w><w> जान </w></casualties-arg><w> चली </w><w> गई </w><w> थी। </w><w> पुलिस </w><w> महानिदेशक </w><w> जी </w><w> . </w><w> एम </w><w> . </w><w> श्रीनिवासन </w><w> ने </w><w> बताया </w><w> कि </w><w> सबसे </w><w> बड़ा </w><man_made_event id="9" type="NORMAL_BOMBING"><event-coref-link event_id="0" id="11" type_rel="EVENT_COREF"></event-coref-link><w> धमाका </w></man_made_event><time-arg id="13"><link event_arg="9" id="15" type_rel="EVENT_ARG"/><w> 5:45 </w><w> बजे </w></time-arg><place-arg id="12"><link event_arg="9" id="14" type_rel="EVENT_ARG"/><w> गुवाहाटी </w><w> - </w><w> शिलॉन्ग </w><w> रोड </w><w> पर </w><w> भंगागढ़ </w><w> फ्लाईओवर </w></place-arg><w> के </w><w> पास </w><w> हुआ। </w><w> इसमें </w><casualties-arg id="16"><link event_arg="9" id="17" type_rel="EVENT_ARG"/><w> तीन </w><w> लोगों </w><w> की </w><w> मौत </w><w> हो </w><w> गई </w><w> और </w><w> 35 </w><w> घायल </w></casualties-arg><w> हो </w><w> गए। </w><w> बम </w><w> एक </w><w> बंद </w><w> दुकान </w><w> के </w><w> सामने </w><w> रखा </w><w> था। </w><w> विडियोः </w><man_made_event id="18" type="TERRORIST_ATTACK"><event-coref-link event_id="0" id="19" type_rel="EVENT_COREF"></event-coref-link><w> सीरियल </w><w> ब्लास्ट </w></man_made_event><w> से </w><w> दहला </w><place-arg id="20"><link event_arg="18" id="21" type_rel="EVENT_ARG"/><w> गुवाहाटी </w></place-arg><w> विडियोः </w><w> ब्लास्ट </w><w> के </w><w> पीछे </w><w> उल्फा </w><w> का </w><w> हाथ? </w><w> एक </w><w> और </w><man_made_event id="22" type="TERRORIST_ATTACK"><event-coref-link event_id="0" id="23" type_rel="EVENT_COREF"></event-coref-link><w> विस्फोट </w></man_made_event><place-arg id="24"><link event_arg="22" id="26" type_rel="EVENT_ARG"/><w> भूतनाथ </w><w> इलाके </w><w> के </w><w> एक </w><w> बाजार </w></place-arg><w> में </w><time-arg id="25"><link event_arg="22" id="27" type_rel="EVENT_ARG"/><w> 5:30 </w><w> बजे </w></time-arg><w> हुआ </w><w> , </w><w> जहां </w><w> एक </w><w> साइकल </w><w> में </w><w> बम </w><w> छिपाकर </w><w> रखा </w><w> गया </w><w> था। </w><w> इस </w><man_made_event id="28" type="TERRORIST_ATTACK"><event-coref-link event_id="0" id="30" type_rel="EVENT_COREF"></event-coref-link><w> धमाके </w></man_made_event><w> में </w><casualties-arg id="31"><link event_arg="22" id="33" type_rel="EVENT_ARG"/><w> 2 </w><w> लोगों </w><w> की </w><w> मौत </w><w> हो </w><w> गई </w><w> , </w><w> जबकि </w><w> 12 </w><w> लोग </w><w> जख्मी </w></casualties-arg><w> हो </w><w> गए। </w><w> सूत्रों </w><w> के </w><w> मुताबिक </w><w> चिदंबरम </w><w> को </w><w> एयरपोर्ट </w><w> से </w><w> इसी </w><w> रास्ते </w><w> से </w><w> होकर </w><w> जाना </w><w> था। </w><w> तीसरा </w><man_made_event id="34" type="TERRORIST_ATTACK"><event-coref-link event_id="0" id="39" type_rel="EVENT_COREF"></event-coref-link><w> धमाका </w></man_made_event><time-arg id="35"><link event_arg="34" id="37" type_rel="EVENT_ARG"/><w> 3.30 </w><w> बजे </w></time-arg><place-arg id="36"><link event_arg="34" id="38" type_rel="EVENT_ARG"/><w> बिरुबारी </w><w> तिनैली </w></place-arg><w> इलाके </w><w> में </w><w> हुआ </w><w> , </w><w> जहां </w><w> गुवाहाटी </w><w> नगर </w><w> निगम </w><w> के </w><w> एक </w><w> डस्टबिन </w><w> में </w><w> आईईडी </w><w> छिपाकर </w><w> रखा </w><w> गया </w><w> था। </w><w> महानिदेशक </w><w> ने </w><w> दावा </w><w> किया </w><w> कि </w><w> शहर </w><w> में </w><w> पुलिस </w><w> मुस्तैद </w><w> थी </w><w> और </w><w> उसने </w><w> मोटरसाइकल </w><w> से </w><w> बम </w><w> रखने </w><w> वाले </w><w> एक </w><w> व्यक्ति </w><w> का </w><w> पीछा </w><w> भी </w><w> किया </w><w> , </w><w> लेकिन </w><w> वह </w><w> फरार </w><w> हो </w><w> गया। </w><w> महानिदेशक </w><w> ने </w><w> बताया </w><w> कि </w><w> पुलिस </w><w> को </w><w> पहले </w><w> से </w><w> इस </w><w> बात </w><w> की </w><w> खुफिया </w><w> जानकारी </w><w> थी </w><w> कि </w><participant-arg id="40"><link event_arg="41" id="42" type_rel="EVENT_ARG"/><w> अल्फा </w></participant-arg><man_made_event id="41" type="NORMAL_BOMBING"><w> धमाके </w></man_made_event><w> करने </w><w> की </w><w> फिराक </w><w> में </w><w> है </w><w> , </w><w> खासकर </w><w> ऐसे </w><w> समय </w><w> में </w><w> जब </w><w> एक </w><w> केंद्रीय </w><w> मंत्री </w><w> शहर </w><w> में </w><w> आ </w><w> रहे </w><w> हों। </w><w> उन्होंने </w><w> बताया </w><w> कि </w><w> वैसे </w><w> भी </w><w> संगठन </w><w> 31 </w><w> दिसंबर </w><w> या </w><w> पहली </w><w> जनवरी </w><w> को </w><w> ऐसी </w><w> गतिविधियों </w><w> की </w><w> कोशिश </w><w> करता </w><w> रहा </w><w> है। </w><man_made_event id="43" type="TERRORIST_ATTACK"><event-coref-link event_id="0" id="44" type_rel="EVENT_COREF"></event-coref-link><w> धमाकों </w></man_made_event><w> के </w><w> बाद </w><w> यहां </w><w> पहुंचे </w><w> चिदंबरम </w><w> ने </w><w> मुख्यमंत्री </w><w> तरुण </w><w> गगोई </w><w> से </w><w> मुलाकात </w><w> की। </w><w> मुख्यमंत्री </w><w> ने </w><w> सुरक्षा </w><w> में </w><w> खामियों </w><w> की </w><w> बात </w><w> स्वीकारी </w><w> और </w><w> कहा </w><w> कि </w><w> सुरक्षा </w><w> बल </w><w> सूचना </w><w> के </w><w> बावजूद </w><man_made_event id="45" type="TERRORIST_ATTACK"><event-coref-link event_id="0" id="46" type_rel="EVENT_COREF"></event-coref-link><w> धमाकों </w></man_made_event><w> को </w><w> टालने </w><w> में </w><w> असफल </w><w> रहे। </w><w> गोगोई </w><w> ने </w><w> कहा </w><w> कि </w><man_made_event id="47" type="TERRORIST_ATTACK"><event-coref-link event_id="0" id="50" type_rel="EVENT_COREF"></event-coref-link><w> धमाकों </w></man_made_event><w> के </w><w> पीछे </w><participant-arg id="48"><link event_arg="47" id="49" type_rel="EVENT_ARG"/><w> अल्फा </w></participant-arg><w> का </w><w> हाथ </w><w> है </w><w> , </w><w> इसमें </w><w> कोई </w><w> संदेह </w><w> नहीं। </w><w> मैं </w><w> और </w><w> केंद्रीय </w><w> बल </w><w> मांगूंगा। </w><w> मुख्यमंत्री </w><w> ने </w><w> बाद </w><w> में </w><w> विदेश </w><w> मंत्री </w><w> प्रणव </w><w> मुखर्जी </w><w> से </w><w> बातचीत </w><w> की </w><w> और </w><w> कहा </w><w> कि </w><w> वह </w><w> बांग्लादेश </w><w> पर </w><w> इस </w><w> बात </w><w> के </w><w> लिए </w><w> कूटनीतिक </w><w> दबाव </w><w> बनाएं </w><w> कि </w><w> पूर्वोत्तर </w><w> के </w><w> उग्रवादी </w><w> वहां </w><w> शरण </w><w> नहीं </w><w> पा </w><w> सकें। </w><w> चिदंबरम </w><w> ने </w><w> गगोई </w><w> को </w><w> भरोसा </w><w> दिलाया </w><w> कि </w><w> वह </w><w> इस </w><w> मामले </w><w> को </w><w> शेख </w><w> हसीना </w><w> के </w><w> सामने </w><w> उठाएंगे </w><w> , </w><w> जो </w><w> जल्द </w><w> ही </w><w> बांग्लादेश </w><w> के </w><w> प्रधानमंत्री </w><w> की </w><w> कुर्सी </w><w> संभालने </w><w> जा </w><w> रही </w><w> हैं। </w><w> गौरतलब </w><w> है </w><w> कि </w><w> प्रधानमंत्री </w><w> मनमोहन </w><w> सिंह </w><w> का </w><w> भी </w><w> शुक्रवार </w><w> को </w><w> यहां </w><w> आने </w><w> का </w><w> कार्यक्रम </w><w> है। </w><w> प्रधानमंत्री </w><w> मनमोहन </w><w> सिंह </w><w> ने </w><w> धमाके </w><w> पर </w><w> अपनी </w><w> प्रतिक्रिया </w><w> में </w><w> कहा </w><w> कि </w><w> सरकार </w><w> आतंकवाद </w><w> को </w><w> जड़ </w><w> से </w><w> उखाड़ </w><w> फेंकने </w><w> को </w><w> प्रतिबद्ध </w><w> है। </w></p></document>