<?xml version="1.0" encoding="UTF-8"?>
<document><desc></desc><time>3425</time><p><w> navbharat_2003_9_14_181349 </w></p><p><w> दक्षिण </w><w> कोरिया </w><w> में </w><w> भीषण </w><w> तूफान </w><w> से </w><w> 110 </w><w> लोग </w><w> मरे </w></p><p><w> सोल </w><w> (रॉयटर): </w><place-arg id="1"><link event_arg="2" id="13" type_rel="EVENT_ARG"/><w> दक्षिण </w><w> कोरिया </w></place-arg><w> में </w><w> अभी </w><w> तक </w><w> के </w><w> सबसे </w><w> शक्तिशाली </w><natural_event id="2" type="STORM"><w> तूफान </w></natural_event><w> में </w><w> कम </w><w> से </w><w> कम </w><casualties-arg id="4"><link event_arg="2" id="14" type_rel="EVENT_ARG"/><w> 110 </w><w> लोग </w><w> मर </w><w> गए </w><w> अथवा </w><w> लापता </w></casualties-arg><w> हैं। </w><natural_event id="5" type="STORM"><event-coref-link event_id="2" id="21" type_rel="EVENT_COREF"></event-coref-link><w> तूफान </w></natural_event><w> से </w><after_effects-arg id="6"><link event_arg="5" id="15" type_rel="EVENT_ARG"/><w> कई </w><w> इमारतें </w><w> गिर </w><w> गई </w><w> , </w><w> जहाज </w><w> पलट </w><w> गए </w></after_effects-arg><w> और </w><w> इससे </w><w> आई </w><natural_event id="7" type="FLOODS"><w> बाढ </w></natural_event><w> के </w><w> कारण </w><casualties-arg id="8"><link event_arg="7" id="16" type_rel="EVENT_ARG"/><w> पच्चीस </w><w> हजार </w><w> से </w><w> ज्यादा </w><w> लोगों </w><w> को </w><w> बेघर </w><w> होना </w><w> पडा </w></casualties-arg><w> है। </w><w> राष्ट्रीय </w><w> आपदा </w><w> प्रबंधन </w><w> मुख्यालय </w><w> ने </w><w> बताया </w><w> कि </w><time-arg id="9"><link event_arg="2" id="17" type_rel="EVENT_ARG"/><w> शुक्रवार </w><w> की </w><w> रात </w></time-arg><w> देश </w><w> के </w><place-arg id="10"><link event_arg="2" id="18" type_rel="EVENT_ARG"/><w> दक्षिणी </w><w> हिस्सों </w></place-arg><w> में </w><w> आए </w><w> इस </w><natural_event id="11" type="STORM"><event-coref-link event_id="2" id="20" type_rel="EVENT_COREF"></event-coref-link><w> तूफान </w></natural_event><w> की </w><w> रफ्तार </w><speed-arg id="12"><link event_arg="11" id="19" type_rel="EVENT_ARG"/><w> 216 </w><w> किलोमीटर </w><w> प्रतिघंटा </w></speed-arg><w> थी। </w><w> हजारों </w><w> सैनिक </w><w> और </w><w> राहतकर्मी </w><w> लापता </w><w> लोगों </w><w> की </w><w> तलाश </w><w> में </w><w> जुटे </w><w> हुए </w><w> हैं </w><w> और </w><w> सडकों </w><w> तथा </w><w> संचार </w><w> लाइनों </w><w> की </w><w> मरम्मत </w><w> कर </w><w> रहे </w><w> हैं। </w><w> एक </w><w> वरिष्ठ </w><w> अधिकारी </w><w> ने </w><w> रॉयटर </w><w> को </w><w> बताया </w><w> कि </w><w> मृतकों </w><w> की </w><w> संख्या </w><w> अभी </w><w> और </w><w> बढने </w><w> की </w><w> आशंका </w><w> है </w><w> क्योंकि </w><w> राहत </w><w> दल </w><w> अभी </w><w> भी </w><w> नदियों </w><w> और </w><w> समुद्र </w><w> में </w><w> शवों </w><w> के </w><w> तैरने </w><w> की </w><w> रिपोर्ट </w><w> दे </w><w> रहे </w><w> हैं। </w></p></document>